lake,date,temp_03.8,temp_04.6,temp_08.4,temp_13.4,temp_18.4,temp_23.3,temp_24.3,temp_sediment,do_mg_l,do_sat,light_3.8,cond_24.3,level_4.6
cliff,2019-06-27,14.475999999999999,12.331285714285714,7.3,5.433,4.806571428571428,4.598857142857143,4.248571428571429,4.688,1.1315714285714287,10.872213571428572,196.82857142857142,14.32857142857143,122.07057142857143
cliff,2019-06-28,14.832,12.468916666666667,7.329458333333333,5.45275,4.81125,4.603041666666667,4.2491666666666665,4.688,1.0495416666666666,10.085282375,5917.4875,16.4375,122.05279166666666
cliff,2019-06-29,14.979333333333333,12.794791666666667,7.463583333333333,5.495583333333333,4.8414166666666665,4.634416666666667,4.25875,4.688,1.116875,10.742791416666666,5273,19.3625,122.095625
cliff,2019-06-30,15.25025,13.039875,7.5535,5.548958333333333,4.845666666666666,4.6321666666666665,4.265833333333333,4.688,1.006625,9.679995875,5808.5,16.233333333333334,122.08066666666667
cliff,2019-07-01,15.572458333333334,13.345041666666667,7.6455,5.578833333333334,4.869458333333333,4.652833333333334,4.272916666666666,4.688,1.08025,10.393939833333333,5956.054166666667,17.6375,121.95004166666666
cliff,2019-07-02,15.914583333333333,13.693875,7.785541666666667,5.632375,4.8843749999999995,4.6598749999999995,4.273333333333333,4.705333333333334,1.0379583333333333,9.988622708333333,6276.733333333334,18.404166666666665,121.74704166666666
cliff,2019-07-03,16.057708333333334,13.929958333333333,7.893958333333333,5.672,4.893041666666667,4.665,4.2775,4.714,1.0109166666666667,9.730238916666666,4316.795833333334,19.179166666666667,121.58154166666667
cliff,2019-07-04,16.351583333333334,14.197666666666667,7.989791666666667,5.711541666666666,4.907041666666666,4.657375,4.279166666666667,4.714,0.9265833333333333,8.916018833333334,7386.3125,19.75,121.69766666666666
cliff,2019-07-05,16.720916666666668,14.497,8.117875,5.738166666666666,4.930875,4.669708333333333,4.280833333333334,4.714,0.9866666666666667,9.498579791666666,6268.666666666667,18.233333333333334,121.85125
cliff,2019-07-06,17.0025,14.776458333333334,8.220875,5.792541666666667,4.945875,4.680166666666667,4.289583333333334,4.714,0.886375,8.534809333333333,5557.795833333334,17.7125,121.7665
cliff,2019-07-07,17.292,15.0155,8.307,5.833,4.9630833333333335,4.684875,4.285833333333334,4.714,0.7912083333333333,7.618693,6825.695833333333,18.2,121.43879166666667
cliff,2019-07-08,17.510125000000002,15.266375,8.394083333333333,5.862791666666666,4.97925,4.67725,4.3,4.7335,0.8915416666666667,8.584433416666666,5414.725,13.729166666666666,121.4115
cliff,2019-07-09,17.684625,15.477166666666667,8.474958333333333,5.902375,4.996458333333333,4.69475,4.30375,4.74,0.7033333333333334,6.775552208333333,4596.216666666666,12.666666666666666,121.59383333333334
cliff,2019-07-10,18.045291666666667,15.684166666666666,8.5755,5.924708333333333,5.002958333333333,4.707916666666667,4.317916666666667,4.74,0.8596666666666667,8.28390125,7656.7625,11.283333333333333,121.76216666666667
cliff,2019-07-11,18.271166666666666,16.02220833333333,8.679041666666667,5.968416666666666,5.040583333333333,4.707958333333333,4.3220833333333335,4.74,0.7339166666666667,7.073257666666667,9000.016666666666,11.666666666666666,121.74204166666667
cliff,2019-07-12,18.600083333333334,16.328041666666667,8.793833333333334,6.022541666666666,5.040583333333333,4.717041666666667,4.3254166666666665,4.74,0.7267916666666666,7.004695791666666,5380.629166666667,11.9125,121.48475
cliff,2019-07-13,18.984625,16.705041666666666,8.913708333333334,6.051291666666667,5.061,4.7335416666666665,4.332083333333333,4.74,0.70675,6.81439775,7995.820833333333,11.7,121.35083333333334
cliff,2019-07-14,19.254166666666666,17.00658333333333,9.008708333333333,6.086291666666667,5.064166666666667,4.727666666666667,4.345416666666667,4.74,0.7612916666666667,7.340059291666667,6330.55,10.950000000000001,121.49504166666667
cliff,2019-07-15,19.507875,17.181041666666665,9.104625,6.108708333333333,5.108458333333333,4.742333333333333,4.355416666666667,4.74325,0.7396666666666667,7.133654916666667,6323.829166666666,10.8,121.42529166666667
cliff,2019-07-16,19.559375,17.379375,9.183041666666666,6.160708333333333,5.10525,4.74975,4.3566666666666665,4.7627500000000005,0.6277083333333333,6.054701791666667,3519.820833333333,10.925,121.104375
cliff,2019-07-17,19.91625,17.605375000000002,9.262333333333332,6.186208333333333,5.112833333333334,4.749833333333333,4.3566666666666665,4.766,0.5870833333333333,5.66220925,5990.595833333334,10.879166666666666,121.09779166666667
cliff,2019-07-18,20.154291666666666,17.851083333333335,9.378625,6.237041666666666,5.1234166666666665,4.742708333333333,4.3620833333333335,4.766,0.5431666666666667,5.2385105,6564.675,10.975,120.936125
cliff,2019-07-19,20.281291666666668,18.144333333333332,9.492708333333333,6.252041666666667,5.141875,4.753166666666667,4.367083333333333,4.766,0.62575,6.0377824166666665,4890.425,10.916666666666668,120.82904166666667
cliff,2019-07-20,20.515666666666668,18.382208333333335,9.56975,6.293291666666667,5.157791666666666,4.755625,4.370416666666666,4.7725,0.5807916666666667,5.603875625,6263.279166666666,11.204166666666667,120.82491666666667
cliff,2019-07-21,20.730125,18.643791666666665,9.68675,6.3345416666666665,5.166541666666666,4.764,4.370416666666666,4.792,0.48075,4.6393235,5756.0250000000005,11.483333333333333,120.86729166666667
cliff,2019-07-22,20.98825,18.944916666666668,9.787208333333334,6.400166666666666,5.186875,4.7781666666666665,4.387083333333333,4.792,0.6199166666666667,5.986210541666667,7087.620833333333,10.858333333333334,120.95179166666667
cliff,2019-07-23,21.198916666666666,19.273958333333333,9.899041666666667,6.421458333333334,5.211666666666667,4.782333333333333,4.3925,4.792,0.5473333333333333,5.2851480833333335,6476.308333333333,11.208333333333334,120.93816666666666
cliff,2019-07-24,21.246624999999998,19.607,10.030083333333334,6.4710833333333335,5.226583333333333,4.781083333333333,4.394583333333333,4.792,0.4851666666666667,4.684246708333333,6102.716666666666,10.916666666666668,120.99104166666666
cliff,2019-07-25,21.238541666666666,19.840958333333333,10.147666666666666,6.520833333333333,5.232083333333334,4.802333333333333,4.405,4.792,0.5892083333333333,5.694682708333334,4214.5375,11.583333333333334,120.81383333333333
cliff,2019-07-26,21.210916666666666,20.229583333333334,10.234416666666666,6.543041666666666,5.260958333333333,4.791083333333333,4.404583333333333,4.792,0.41970833333333335,4.054539,5536.716666666666,11.95,120.86729166666666
cliff,2019-07-27,21.238541666666666,20.301166666666667,10.329458333333333,6.594791666666667,5.269375,4.79525,4.407916666666667,4.792,0.3784166666666667,3.6565115833333333,4797.591666666666,11.9375,120.99395833333334
cliff,2019-07-28,21.445416666666667,20.416291666666666,10.431458333333333,6.641291666666667,5.2835,4.801083333333334,4.409583333333334,4.792,0.35170833333333335,3.398163,5222.7625,11.925,120.64791666666667
cliff,2019-07-29,21.660416666666666,20.606708333333334,10.538625,6.674041666666667,5.310333333333333,4.794416666666667,4.407916666666667,4.792,0.3117083333333333,3.010153625,5347.891666666666,11.883333333333333,120.30737500000001
cliff,2019-07-30,21.80375,20.849125,10.642416666666666,6.727833333333333,5.3306249999999995,4.810666666666666,4.404166666666667,4.797416666666667,0.3486666666666667,3.3692359583333333,5232.629166666667,11.766666666666667,120.23979166666666
cliff,2019-07-31,21.759999999999998,20.96025,10.769791666666666,6.779625,5.343541666666667,4.808583333333333,4.39875,4.818,0.257875,2.491882875,5823.3,11.925,120.298
cliff,2019-08-01,21.819791666666667,20.972041666666666,10.887958333333334,6.814333333333334,5.366041666666667,4.821916666666667,4.3966666666666665,4.818,0.2593333333333333,2.50796725,4935.275,11.9125,120.353
cliff,2019-08-02,21.736041666666665,20.94033333333333,10.993458333333333,6.857458333333334,5.374625,4.8265,4.3966666666666665,4.818,0.27470833333333333,2.6562215416666666,5882.958333333333,11.9875,120.40604166666667
cliff,2019-08-03,21.823708333333332,21.015791666666665,11.113333333333333,6.894333333333333,5.374625,4.830666666666667,4.403333333333333,4.818,0.296,2.8646947916666665,5451.954166666666,12.108333333333333,120.22516666666667
cliff,2019-08-04,22.03875,21.198666666666668,11.23625,6.944958333333333,5.4185,4.82775,4.4,4.818,0.17545833333333333,1.696634375,5769.041666666667,12.3875,120.17458333333333
cliff,2019-08-05,21.987000000000002,21.202666666666666,11.326375,6.976416666666667,5.437791666666667,4.866916666666667,4.40875,4.819083333333333,0.313125,3.0327825833333333,6151.604166666667,12.6,120.16529166666666
cliff,2019-08-06,21.899375,21.174875,11.417625,7.023833333333333,5.449541666666667,4.846916666666667,4.40875,4.818,0.19483333333333333,1.8855499166666667,3667.820833333333,12.666666666666666,120.002625
cliff,2019-08-07,21.803791666666665,21.023791666666668,11.54325,7.059583333333333,5.461291666666667,4.855666666666667,4.41125,4.838583333333333,0.14970833333333333,1.4486430833333332,5817.029166666666,12.666666666666666,119.858375
cliff,2019-08-08,21.628541666666667,20.853041666666666,11.648541666666667,7.110166666666666,5.494458333333333,4.844833333333334,4.4075,4.844,0.09383333333333332,0.90726775,6696.533333333334,12.916666666666666,119.69629166666667
cliff,2019-08-09,21.178875,20.61070833333333,11.731416666666666,7.149,5.513708333333334,4.853583333333333,4.41125,4.844,0.18670833333333334,1.8066414166666667,2914.7916666666665,13.1,119.54783333333333
cliff,2019-08-10,20.344791666666666,19.868708333333334,11.798083333333334,7.161625,5.522208333333333,4.859,4.408333333333333,4.844,0.09545833333333333,0.923350875,1454.9333333333334,13.533333333333333,119.74491666666667
cliff,2019-08-11,19.971833333333333,19.25825,11.854833333333334,7.188916666666667,5.5307916666666666,4.8598333333333334,4.408333333333333,4.844,0.09633333333333333,0.931775375,4321.283333333334,13.7,120.12779166666667
cliff,2019-08-12,19.940041666666666,19.230541666666667,11.933583333333333,7.217125,5.556333333333333,4.867333333333333,4.41375,4.844,0.14229166666666668,1.3778593333333333,6146.666666666667,13.766666666666666,120.1925
cliff,2019-08-13,20.059208333333334,19.282,12.04775,7.2612499999999995,5.555458333333333,4.867333333333334,4.413333333333333,4.844,0.10408333333333333,1.0071637083333334,5771.725,14.183333333333334,120.23883333333333
cliff,2019-08-14,20.313291666666668,19.523458333333334,12.150666666666666,7.297916666666667,5.584208333333334,4.879416666666667,4.42125,4.844,0.10941666666666666,1.0591975416666666,6767.395833333334,14.433333333333334,120.38029166666666
cliff,2019-08-15,20.650541666666665,19.813,12.2605,7.332458333333333,5.600333333333333,4.876916666666666,4.426666666666667,4.845041666666667,0.09954166666666667,0.963453125,5240.704166666666,14.5,120.32004166666667
cliff,2019-08-16,20.869166666666665,20.051041666666666,12.326041666666667,7.382916666666667,5.6237916666666665,4.908166666666666,4.4275,4.858583333333334,0.1415,1.370619875,6435.5,14.483333333333333,120.00233333333334
cliff,2019-08-17,20.988375,20.20191666666667,12.454166666666666,7.389291666666667,5.665416666666666,4.891916666666667,4.435,4.869,0.12904166666666667,1.2499825,5621.479166666667,14.433333333333334,119.69229166666666
cliff,2019-08-18,21.059791666666666,20.297083333333333,12.56175,7.464625,5.658083333333334,4.9065,4.4399999999999995,4.869,0.11933333333333333,1.1565874999999999,5553.3125,14.483333333333333,119.61466666666666
cliff,2019-08-19,20.9685,20.182125,12.688416666666667,7.480208333333334,5.675041666666667,4.91525,4.457083333333333,4.869,0.09979166666666667,0.9668624166666666,5252.808333333333,14.45,119.817
cliff,2019-08-20,20.8175,20.066833333333335,12.802083333333334,7.527333333333333,5.711416666666667,4.929,4.460833333333333,4.869,0.173625,1.6836458333333333,5969.9625,14.333333333333334,119.932625
cliff,2019-08-21,20.563166666666667,19.948,12.846416666666666,7.557541666666666,5.725416666666667,4.948083333333333,4.462916666666667,4.869,0.21366666666666667,2.077725958333333,4807.904166666666,14.45,119.876
cliff,2019-08-22,20.638875,19.840958333333333,12.945833333333333,7.585875,5.737208333333333,4.93525,4.4625,4.873333333333333,0.09104166666666666,0.8824377916666667,4871.5875,14.366666666666667,119.59649999999999
cliff,2019-08-23,20.70625,19.904458333333334,13.069166666666668,7.6425833333333335,5.743458333333333,4.935666666666667,4.46375,4.892833333333333,0.08779166666666666,0.8508615833333333,5029.4625,14.466666666666667,119.56891666666667
cliff,2019-08-24,20.86525,20.09475,13.154541666666667,7.666541666666666,5.7595833333333335,4.967291666666666,4.477916666666666,4.895,0.13566666666666666,1.3170790833333335,5081.9375,14.5375,119.78929166666667
cliff,2019-08-25,21.020208333333333,20.198,13.255833333333333,7.705166666666667,5.789208333333333,4.971041666666666,4.496666666666666,4.895,0.14608333333333334,1.4187075416666666,6339.079166666666,14.029166666666667,119.97108333333334
cliff,2019-08-26,21.147458333333333,20.336916666666667,13.385083333333334,7.747,5.795625,4.959833333333333,4.49125,4.895,0.08783333333333333,0.8518072916666667,5641.204166666666,13.7,119.895875
cliff,2019-08-27,21.338125,20.547166666666666,13.451291666666666,7.767916666666666,5.820208333333333,4.9868749999999995,4.49875,4.895,0.12391666666666666,1.2033821666666666,5037.983333333333,13.716666666666667,119.6955
cliff,2019-08-28,21.365791666666667,20.721875,13.536666666666667,7.779375,5.83725,4.9715,4.5008333333333335,4.895,0.08783333333333333,0.8520635416666666,3272.695833333333,13.816666666666666,119.715
cliff,2019-08-29,21.49725,20.757708333333333,13.604875,7.82,5.831875,5.003541666666667,4.5125,4.895,0.15745833333333334,1.5302217916666667,4762.15,14.35,119.791375
cliff,2019-08-30,21.4615,20.702041666666666,13.712958333333333,7.829375,5.856333333333334,4.988958333333334,4.514166666666666,4.9079999999999995,0.09995833333333333,0.9704097083333333,5179.258333333333,14.433333333333334,119.85129166666667
cliff,2019-08-31,21.461541666666665,20.698,13.817958333333333,7.892916666666666,5.866083333333333,5.0275,4.5408333333333335,4.921,0.171375,1.667209875,5289.583333333333,14.366666666666667,119.71775
cliff,2019-09-01,21.30225,20.60275,13.947000000000001,7.908541666666666,5.884125,5.013916666666667,4.534166666666667,4.921,0.11875,1.1542930416666666,4993.579166666666,14.5,119.65025
cliff,2019-09-02,21.238833333333332,20.4835,14.031,7.945,5.895833333333333,5.037541666666667,4.547499999999999,4.921,0.14758333333333334,1.4365140833333334,5278.829166666666,14.591666666666667,119.66216666666666
cliff,2019-09-03,21.119458333333334,20.439875,14.106958333333333,7.9627083333333335,5.888541666666667,5.05,4.551666666666667,4.921,0.10195833333333333,0.991239375,4413.220833333333,14.641666666666667,119.65845833333333
cliff,2019-09-04,20.924833333333332,20.186125,14.215875,7.992916666666667,5.912875,5.033458333333333,4.549166666666666,4.925333333333334,0.08766666666666666,0.8518173333333333,5105.708333333333,14.575,119.53366666666666
cliff,2019-09-05,20.829208333333334,20.22175,14.284625,8.02,5.91825,5.062083333333333,4.564583333333333,4.947,0.10137499999999999,0.9863595000000001,3298.2541666666666,14.758333333333333,119.6135
cliff,2019-09-06,20.690333333333335,19.963833333333334,14.375333333333334,8.037708333333333,5.940708333333333,5.035541666666667,4.55375,4.947,0.08708333333333333,0.8461922916666667,4571.995833333333,15.05,119.75975
cliff,2019-09-07,20.364625,19.801375,14.480083333333333,8.066875,5.934291666666667,5.0425,4.553333333333333,4.947,0.08758333333333333,0.8512089583333333,2758.2625,15.05,119.38104166666666
cliff,2019-09-08,20.114791666666665,19.404708333333332,14.541958333333334,8.081458333333334,5.952458333333333,5.047666666666666,4.555833333333333,4.947,0.08725,0.84807925,4357.608333333334,15.116666666666667,119.19595833333334
cliff,2019-09-09,19.761625,19.119416666666666,14.628833333333333,8.112708333333334,5.956625,5.054166666666667,4.559166666666666,4.947,0.087125,0.8470063333333333,4515.483333333334,15.116666666666667,118.98429166666666
cliff,2019-09-10,19.24625,18.711,14.677833333333334,8.1189583333333335,5.960916666666667,5.061708333333334,4.5649999999999995,4.947,0.08720833333333333,0.8479822916666666,1833.9041666666667,15.366666666666665,118.95408333333333
cliff,2019-09-11,18.921125,18.311125,14.782458333333333,8.129375,5.971583333333333,5.052583333333334,4.559166666666666,4.947,0.08708333333333333,0.8465650416666667,3164.1541666666667,15.45,119.497125
cliff,2019-09-12,18.82225,18.108416666666667,14.907833333333333,8.149166666666666,5.967208333333333,5.052,4.568333333333333,4.949166666666667,0.0875,0.8506034166666667,4423.0875000000005,15.483333333333333,119.73029166666666
cliff,2019-09-13,18.834125,18.144291666666668,15.038375,8.178333333333333,5.985291666666667,5.0397083333333335,4.566666666666666,4.96325,0.08729166666666666,0.84830725,4035.5916666666667,15.6,119.63683333333333
cliff,2019-09-14,18.90533333333333,18.176041666666666,15.179833333333333,8.195875,6.005583333333333,5.059875,4.578749999999999,4.973,0.08708333333333333,0.8467222083333333,4205.5625,15.6,119.32966666666667
cliff,2019-09-15,18.6875,18.033208333333334,15.312166666666666,8.218666666666667,6.018291666666666,5.098083333333333,4.595833333333333,4.973,0.09899999999999999,0.9636615416666666,4110.933333333333,15.6625,118.684875
cliff,2019-09-16,18.073,17.56191666666667,15.748791666666667,8.238666666666667,6.014,5.100666666666666,4.610416666666667,4.973,0.08883333333333333,0.864653875,2190.025,15.75,118.78795833333334
cliff,2019-09-17,17.494416666666666,16.963,16.618666666666666,8.249041666666667,6.024666666666667,5.099291666666667,4.596666666666667,4.973,0.08729166666666666,0.8496170416666666,2725.079166666667,15.7625,119.09666666666666
cliff,2019-09-18,16.831958333333333,16.375625,16.351791666666667,8.260458333333334,6.029958333333333,5.1117083333333335,4.605833333333333,4.973,0.08708333333333333,0.8478622083333334,1345.05,15.916666666666668,118.95691666666667
cliff,2019-09-19,16.5065,15.978583333333333,15.9815,8.264666666666667,6.031166666666667,5.095041666666667,4.6,4.9816666666666665,0.087125,0.8479036666666667,2386.454166666667,15.9,119.265125
cliff,2019-09-20,16.371541666666666,15.700083333333334,15.688125,8.281083333333333,6.032125,5.106833333333333,4.60625,4.997916666666667,0.087125,0.848163125,3420.6916666666666,15.895833333333334,119.49404166666666
cliff,2019-09-21,16.284125,15.596541666666667,15.593708333333334,8.30075,6.03325,5.118708333333333,4.614583333333333,4.999,0.08704166666666666,0.8476130416666666,3670.0583333333334,16.1375,119.58608333333333
cliff,2019-09-22,15.970541666666666,15.552916666666667,15.566,8.319416666666667,6.037458333333333,5.105,4.60875,4.999,0.08716666666666666,0.8485263333333334,980.4166666666666,16.220833333333335,119.35554166666667
cliff,2019-09-23,15.978083333333332,15.290166666666666,15.284541666666668,8.334875,6.050125,5.098,4.61125,4.999,0.08725,0.849185125,3883.0958333333333,16.316666666666666,119.80691666666667
cliff,2019-09-24,16.03783333333333,15.349958333333333,15.297291666666666,8.343291666666667,6.047083333333333,5.139833333333334,4.617916666666667,4.999,0.087,0.8476711666666666,3583.4958333333334,16.3,120.076375
cliff,2019-09-25,16.157166666666665,15.485333333333333,15.35,8.378541666666667,6.072583333333333,5.134,4.624583333333334,4.999,0.08708333333333333,0.8483505833333334,3405.8875000000003,16.35,119.748
cliff,2019-09-26,16.284166666666668,15.6125,15.396958333333334,8.36825,6.078875,5.151416666666667,4.644583333333333,4.999,0.08695833333333333,0.8475174166666667,3248.920833333333,16.141666666666666,119.44987499999999
cliff,2019-09-27,16.165166666666664,15.644208333333333,15.429708333333334,8.392083333333334,6.068333333333333,5.139375,4.650416666666667,4.999,0.08695833333333333,0.8472542916666667,1660.3416666666667,15.625,118.99175
cliff,2019-09-28,15.711833333333333,15.190708333333333,15.235666666666667,8.413791666666667,6.076875,5.1385,4.653333333333333,4.999,0.087125,0.848860125,2192.7083333333335,15.775,118.45125
cliff,2019-09-29,14.780083333333334,14.337375,14.435208333333334,8.4315,6.100083333333333,5.13075,4.647916666666667,5.001083333333333,0.08716666666666666,0.8490936666666666,903.725,15.7625,118.51270833333334
cliff,2019-09-30,14.16975,13.693958333333333,13.806000000000001,8.4315,6.084208333333334,5.1330833333333334,4.6425,5.024,0.08691666666666666,0.84671175,1545.0791666666667,15.991666666666667,118.87745833333334
cliff,2019-10-01,13.921666666666667,13.317,13.369125,8.447125,6.094833333333334,5.132666666666666,4.647916666666667,5.024,0.08720833333333333,0.8495417083333333,3001.3458333333333,16.21666666666667,119.22170833333334
cliff,2019-10-02,13.681333333333333,13.068125,13.123333333333333,8.449125,6.087375,5.147291666666667,4.654583333333333,5.024,0.08708333333333333,0.8486459166666667,2665.425,16.120833333333334,119.33270833333333
cliff,2019-10-03,13.573125000000001,12.98775,13.036,8.486416666666667,6.10225,5.15925,4.665,5.024,0.087,0.8480958333333334,2479.7458333333334,16.108333333333334,119.185375
cliff,2019-10-04,13.332791666666667,12.766625,12.835208333333334,8.483333333333333,6.1001666666666665,5.155541666666666,4.662916666666667,5.024,0.08720833333333333,0.8500467083333333,2296.7666666666664,16.2375,119.64795833333334
cliff,2019-10-05,13.164125,12.56575,12.606125,8.506,6.10125,5.166791666666667,4.671250000000001,5.024,0.08704166666666666,0.8486701666666666,2116.916666666667,16.3,119.90920833333334
cliff,2019-10-06,13.047541666666667,12.416875,12.48125,8.513416666666666,6.103375,5.171333333333333,4.685833333333333,5.024,0.087125,0.8495805416666666,1965.7708333333335,16.283333333333335,119.87304166666667
cliff,2019-10-07,13.007375,12.396791666666667,12.449,8.544458333333333,6.1342083333333335,5.172583333333333,4.68375,5.02725,0.08704166666666666,0.8487952916666667,2148.3083333333334,16.35,119.62304166666667
cliff,2019-10-08,12.919083333333333,12.380708333333333,12.455,8.561041666666666,6.151208333333334,5.179583333333333,4.693333333333333,5.046749999999999,0.08708333333333333,0.8493563333333334,2086.8624999999997,16.45,119.18125
cliff,2019-10-09,12.661916666666666,12.097875,12.180875,8.584833333333334,6.165916666666667,5.180458333333333,4.68625,5.05,0.08704166666666666,0.8489672083333334,2362.2333333333336,16.683333333333334,119.31366666666666
cliff,2019-10-10,12.311208333333333,11.734125,11.798,8.59925,6.145791666666667,5.193833333333333,4.706666666666667,5.05,0.08704166666666666,0.849265875,1977.4291666666666,16.53333333333333,119.63791666666667
cliff,2019-10-11,12.048791666666666,11.471416666666666,11.542375,8.634541666666667,6.154375,5.1879583333333334,4.702500000000001,5.05,0.087375,0.8523845833333333,1859.025,16.4,119.44195833333333
cliff,2019-10-12,11.92375,11.346,11.432875000000001,8.639708333333333,6.167125,5.206666666666667,4.705,5.05,0.087,0.8491386666666667,1820.0083333333334,16.516666666666666,119.11708333333334
cliff,2019-10-13,11.871208333333334,11.297208333333334,11.364041666666667,8.670875,6.16175,5.2025,4.722083333333334,5.05,0.087125,0.8502684166666666,1922.7125,16.7,118.93616666666667
cliff,2019-10-14,11.770291666666667,11.199625000000001,11.2645,8.700791666666667,6.191583333333333,5.211166666666666,4.713333333333334,5.05,0.087125,0.8504585416666667,1732.0958333333333,16.7,119.23116666666667
cliff,2019-10-15,11.608833333333333,11.114458333333333,11.1875,8.702958333333333,6.188291666666666,5.217375,4.729583333333333,5.051083333333333,0.08720833333333333,0.8514049166666666,1593.5083333333334,16.716666666666665,119.47391666666667
cliff,2019-10-16,11.345458333333333,10.846,10.96925,8.752333333333333,6.182875,5.247625,4.755416666666667,5.0705833333333334,0.08695833333333333,0.849633,1633.8708333333334,16.78333333333333,118.95770833333333
cliff,2019-10-17,11.130125,10.622291666666667,10.732166666666666,8.811375,6.208458333333334,5.23975,4.75375,5.076,0.08704166666666666,0.8502723333333333,1637.025,16.6,118.804125
cliff,2019-10-18,10.979583333333332,10.438666666666666,10.538708333333334,8.932208333333334,6.199958333333333,5.233625,4.761666666666667,5.076,0.087125,0.8509528333333334,1473.7625,16.466666666666665,119.05766666666666
cliff,2019-10-19,10.780791666666667,10.29575,10.420208333333333,9.169375,6.217041666666667,5.248916666666666,4.7725,5.076,0.08704166666666666,0.8504735833333333,1010.9125,16.3,119.16016666666667
cliff,2019-10-20,10.5405,10.09975,10.210083333333333,9.632333333333333,6.206333333333333,5.227833333333334,4.765833333333333,5.076,0.08729166666666666,0.8524514583333334,1044.55,16.483333333333334,119.56683333333334
cliff,2019-10-21,10.523791666666666,9.997666666666667,10.0905,9.782208333333333,6.2158750000000005,5.253833333333334,4.767916666666666,5.09225,0.08695833333333333,0.8497691666666667,1611.0041666666668,16.7,120.05683333333333
cliff,2019-10-22,10.478833333333334,9.948375,10.02075,9.756458333333333,6.21375,5.229041666666666,4.775833333333333,5.102,0.087375,0.853293125,1990.8875,16.716666666666665,120.18383333333334
cliff,2019-10-23,10.417708333333334,9.890791666666667,9.963541666666666,9.757541666666667,6.240291666666667,5.2584583333333335,4.782916666666667,5.102,0.08691666666666666,0.8494627916666667,1651.375,16.78333333333333,119.96975
cliff,2019-10-24,10.303583333333334,9.780166666666666,9.862166666666667,9.689833333333333,6.2275,5.256,4.785,5.102,0.08708333333333333,0.8510357083333333,1837.05,16.75,120.07479166666667
cliff,2019-10-25,10.262708333333334,9.714291666666668,9.789375,9.626125,6.240333333333333,5.263416666666667,4.781666666666666,5.102,0.08695833333333333,0.8499783333333333,2083.2708333333335,16.733333333333334,119.83633333333333
cliff,2019-10-26,10.152208333333334,9.615916666666667,9.712583333333333,9.576875,6.2404166666666665,5.253791666666666,4.782916666666667,5.102,0.087,0.85017375,2112.4333333333334,16.766666666666666,119.14645833333333
cliff,2019-10-27,9.7875,9.266333333333334,9.359,9.194333333333333,6.2424583333333334,5.269583333333333,4.795833333333333,5.102,0.08716666666666666,0.8521482916666666,1914.1958333333334,16.75,119.26183333333333
cliff,2019-10-28,9.471583333333333,8.93675,9.018,8.903291666666666,6.2519583333333335,5.257208333333334,4.79875,5.102,0.08720833333333333,0.8522852083333333,1884.5958333333333,16.75,119.13583333333334
cliff,2019-10-29,9.199958333333333,8.684041666666666,8.779416666666666,8.685208333333334,6.245583333333333,5.281958333333334,4.8125,5.102,0.087,0.8507947916666666,1819.5583333333334,16.683333333333334,119.09904166666666
cliff,2019-10-30,8.857166666666666,8.331875,8.422,8.312291666666667,6.2636666666666665,5.284083333333333,4.804166666666667,5.116083333333334,0.087,0.85083825,1798.475,16.7,119.489125
cliff,2019-10-31,8.642125,8.115333333333334,8.194958333333334,8.100208333333333,6.260583333333333,5.275916666666666,4.810416666666667,5.128,0.087125,0.8518819583333334,2040.2208333333333,16.983333333333334,119.64995833333333
cliff,2019-11-01,8.517791666666666,8.003583333333333,8.065833333333334,7.979375,6.2752083333333335,5.279416666666667,4.81125,5.128,0.08729166666666666,0.8535885833333333,1656.3083333333334,17.033333333333335,119.71195833333333
cliff,2019-11-02,8.397416666666667,7.869666666666666,7.968958333333333,7.883541666666667,6.291125,5.2869166666666665,4.81625,5.128,0.08708333333333333,0.8517155,1678.2833333333333,16.866666666666667,119.55275
cliff,2019-11-03,8.310083333333333,7.811166666666667,7.892916666666666,7.817916666666666,6.286958333333334,5.282666666666667,4.812916666666666,5.128,0.08725,0.85325325,1525.3416666666667,16.95,119.30829166666666
cliff,2019-11-04,8.268666666666666,7.727833333333334,7.830416666666666,7.753333333333333,6.2975,5.290208333333333,4.82375,5.128,0.08720833333333333,0.853012,1622.6666666666667,17.05,119.37370833333334
cliff,2019-11-05,8.190208333333333,7.694500000000001,7.779375,7.6970833333333335,6.30075,5.298958333333333,4.8254166666666665,5.128,0.08716666666666666,0.8527968333333333,1267.4625,17.033333333333335,119.44508333333333
cliff,2019-11-06,8.152666666666667,7.6445,7.746041666666667,7.659583333333333,6.307,5.287833333333333,4.82375,5.129083333333334,0.08716666666666666,0.8525518333333333,1490.3583333333333,17.033333333333335,119.27595833333334
cliff,2019-11-07,8.031916666666666,7.586041666666667,7.672083333333333,7.598416666666666,6.3112916666666665,5.2876666666666665,4.8225,5.1377500000000005,0.08704166666666666,0.8513272916666667,1301.9916666666668,17.1,119.48079166666666
cliff,2019-11-08,7.964958333333334,7.497875,7.583666666666667,7.510666666666666,6.316583333333333,5.298958333333333,4.828333333333333,5.152916666666666,0.08720833333333333,0.8532015416666666,1471.9708333333333,17.1,119.67637500000001
cliff,2019-11-09,7.831916666666667,7.397666666666667,7.492958333333333,7.423875,6.334583333333334,5.28775,4.8325000000000005,5.154,0.08716666666666666,0.8525529583333333,1541.0458333333333,17.066666666666666,119.51720833333333
cliff,2019-11-10,7.773458333333333,7.313583333333334,7.431291666666667,7.366958333333334,6.362041666666666,5.29225,4.8341666666666665,5.154,0.08716666666666666,0.8526504583333333,1332.4916666666666,17.07916666666667,119.41629166666667
cliff,2019-11-11,7.7361249999999995,7.292625,7.382666666666667,7.325291666666667,6.400083333333334,5.305041666666667,4.839166666666666,5.154,0.08704166666666666,0.8517087916666667,1364.7791666666667,17.066666666666666,119.46491666666667
cliff,2019-11-12,7.669458333333333,7.246333333333333,7.353416666666667,7.293,6.431875,5.305958333333333,4.839583333333334,5.154,0.08704166666666666,0.8517287083333334,1042.3083333333334,17.150000000000002,119.28483333333334
cliff,2019-11-13,7.57725,7.187416666666667,7.279208333333333,7.2203333333333335,6.555666666666666,5.2984583333333335,4.84125,5.154,0.08716666666666666,0.852785875,788.4625,17.120833333333334,119.02395833333333
cliff,2019-11-14,7.5355,7.112375,7.229541666666666,7.167,6.680291666666666,5.295541666666667,4.8462499999999995,5.154,0.08720833333333333,0.8531308333333333,1493.4958333333334,17.175,118.927
cliff,2019-11-15,7.4645,7.0789583333333335,7.181583333333333,7.1267499999999995,6.774333333333334,5.291875,4.8429166666666665,5.154,0.087375,0.8546788333333333,815.8166666666667,17.2625,119.24820833333334
cliff,2019-11-16,7.355458333333334,6.978,7.084875,7.022666666666667,6.824833333333333,5.292208333333333,4.85125,5.154,0.087125,0.8522413333333333,554.7916666666666,17.375,119.44141666666667
cliff,2019-11-17,7.254666666666667,6.877,7.003666666666667,6.942916666666667,6.812333333333333,5.30675,4.8533333333333335,5.154,0.08720833333333333,0.8533767083333333,456.125,17.349999999999998,119.43770833333333
cliff,2019-11-18,7.191833333333333,6.8005,6.937625,6.883791666666666,6.817708333333334,5.319083333333333,4.849166666666666,5.154,0.08695833333333333,0.85120425,396.0291666666667,17.325,118.75670833333334
cliff,2019-11-19,7.1165,6.745541666666667,6.864916666666667,6.812333333333333,6.752041666666667,5.319083333333333,4.857083333333334,5.154,0.08704166666666666,0.852018875,448.9458333333333,17.2875,117.93091666666666
cliff,2019-11-20,6.868291666666667,6.505083333333333,6.641291666666667,6.57775,6.486875,5.299666666666667,4.8620833333333335,5.154,0.08720833333333333,0.853221125,240.84583333333333,17.3375,117.82483333333333
cliff,2019-11-21,6.547458333333334,6.2,6.330375,6.274291666666667,6.2404166666666665,5.3224583333333335,4.870416666666666,5.157125,0.08691666666666666,0.8508660833333334,206.75833333333333,17.4,118.19945833333334
cliff,2019-11-22,6.3275,5.9875,6.119208333333334,6.05875,6.025791666666667,5.322416666666666,4.87125,5.1654583333333335,0.087125,0.8529065833333334,191.5125,17.4,118.94437500000001
cliff,2019-11-23,6.127750000000001,5.795625,5.925625,5.874583333333334,5.848958333333333,5.475083333333333,4.871666666666666,5.179,0.8791666666666667,8.665143541666668,150.25,17.45,119.2635
cliff,2019-11-24,5.96625,5.620666666666667,5.755333333333334,5.699708333333334,5.670875,5.5648333333333335,4.9279166666666665,5.179,4.404583333333333,43.39380975,255.2,17.516666666666666,119.003
cliff,2019-11-25,5.80425,5.437,5.567083333333334,5.506125,5.4805,5.455666666666667,5.0175,5.179,6.61775,65.0001435,473.6166666666667,12.658333333333333,118.57341666666667
cliff,2019-11-26,5.380708333333334,5.041625,5.198458333333333,5.140375,5.106041666666666,5.103083333333333,4.714583333333334,5.179,7.410083333333334,72.12393408333334,113.92083333333333,6.366666666666666,117.19520833333334
cliff,2019-11-27,4.722583333333334,4.380333333333334,4.4984166666666665,4.438833333333333,4.415,4.415958333333333,4.037916666666667,5.1706666666666665,7.667541666666667,73.31000245833333,398.7125,6.1875,116.63020833333333
cliff,2019-11-28,4.532,4.172041666666667,4.28825,4.234,4.2013750000000005,4.195208333333333,3.8254166666666665,5.130166666666667,7.725291666666667,73.434865375,510.8375,6.270833333333333,117.40595833333333
cliff,2019-11-29,4.272,3.941125,4.091291666666667,4.0456666666666665,4.02925,4.048,3.6866666666666665,5.0705833333333334,7.744,73.32723283333334,267.75416666666666,7.1875,117.78445833333333
cliff,2019-11-30,4.0805,3.761708333333333,3.9115,3.8885,3.885125,3.911,3.5625,5.001916666666666,7.768166666666667,73.28949808333333,156.97083333333333,7.441666666666666,118.436375
cliff,2019-12-01,3.6434583333333332,3.3578333333333332,3.6795833333333334,3.707125,3.7311666666666667,3.8277916666666667,3.4816666666666665,4.934,7.7668333333333335,73.11593929166666,248.46666666666667,6.616666666666666,118.83633333333333
cliff,2019-12-02,3.309458333333333,3.0534166666666667,3.585208333333333,3.7268333333333334,3.7706666666666666,3.8341250000000002,3.495416666666667,4.869291666666666,7.703625,72.53297204166667,309.9125,7.0249999999999995,119.7505
cliff,2019-12-03,3.34475,3.0269166666666667,3.6147916666666666,3.736625,3.7728333333333333,3.8597083333333333,3.529166666666667,4.815833333333333,7.61975,71.79157458333333,291.075,7.7375,119.94179166666667
cliff,2019-12-04,3.4547916666666665,3.0666666666666664,3.6388333333333334,3.7455,3.790166666666667,3.886375,3.5520833333333335,4.77575,7.509,70.79851391666666,508.15,8.35,119.20895833333333
cliff,2019-12-05,3.476625,3.1638333333333333,3.6860833333333334,3.7565,3.7988333333333335,3.905333333333333,3.5841666666666665,4.737833333333334,7.4747916666666665,70.51111416666667,298.2416666666667,8.295833333333333,119.561375
cliff,2019-12-06,3.423791666666667,3.1152499999999996,3.5050833333333333,3.6675833333333334,3.778166666666667,3.9212083333333334,3.6016666666666666,4.714,7.3395,69.2616175,75.79583333333333,8.279166666666667,119.61341666666667
cliff,2019-12-07,3.1903333333333332,2.907583333333333,3.2884583333333333,3.5753333333333335,3.7650833333333336,3.891958333333333,3.5595833333333333,4.69125,7.422875,69.995341125,72.20833333333333,7.266666666666667,120.35275
cliff,2019-12-08,3.08875,2.76575,3.2235,3.537916666666667,3.710166666666667,3.8335833333333333,3.495,4.675,7.35525,69.24639529166667,426.9708333333333,7.495833333333334,121.34670833333334
cliff,2019-12-09,3.0755,2.796875,3.2600000000000002,3.572,3.7522083333333334,3.898375,3.5454166666666667,4.644666666666667,7.073958333333334,66.71797020833333,96.875,8.270833333333332,121.56145833333333
cliff,2019-12-10,3.177,2.8546666666666667,3.288625,3.579791666666667,3.755375,3.87175,3.5595833333333333,4.620833333333334,7.074041666666667,66.671619625,327.4041666666667,8.720833333333333,121.33670833333333
cliff,2019-12-11,3.1859166666666665,2.9120833333333334,3.3205,3.587625,3.75875,3.8673333333333333,3.5608333333333335,4.6035,7.189625,67.75303170833334,152.4875,8.4375,121.11295833333334
cliff,2019-12-12,3.216833333333333,2.943,3.337125,3.591,3.7760833333333332,3.9008333333333334,3.585,4.584,7.005375,66.075392,113.9125,8.1875,121.25108333333333
cliff,2019-12-13,3.2786666666666666,2.95625,3.356125,3.6029166666666668,3.7804166666666665,3.8967916666666667,3.5929166666666665,4.584,6.962541666666667,65.66456704166667,103.6,8.45,120.97766666666666
cliff,2019-12-14,3.2742500000000003,3.0136666666666665,3.37025,3.6148333333333333,3.77825,3.91275,3.5966666666666667,4.584,6.792166666666667,64.08475875,59.2,8.491666666666667,120.65925
cliff,2019-12-15,3.261,3.049,3.38,3.6191666666666666,3.793416666666667,3.911,3.58125,4.578583333333333,6.748958333333333,63.67420729166667,5.8375,8.754166666666666,120.98429166666666
cliff,2019-12-16,3.2830833333333334,3.049,3.4005833333333335,3.637583333333333,3.801,3.8996666666666666,3.6029166666666668,4.559083333333334,6.749791666666667,63.66297620833333,4.4875,8.883333333333333,121.44454166666667
cliff,2019-12-17,3.35375,3.049,3.416125,3.643,3.801,3.9106666666666667,3.6108333333333333,4.558,6.676041666666666,62.985641666666666,34.08333333333333,8.933333333333334,120.88733333333333
cliff,2019-12-18,3.367,3.049,3.433,3.643,3.801,3.9175,3.62125,4.558,6.58075,62.097566541666666,4.483333333333333,8.983333333333334,120.22520833333333
cliff,2019-12-19,3.367,3.049,3.440583333333333,3.6632499999999997,3.801,3.9365833333333335,3.6374999999999997,4.558,6.302791666666667,59.504710333333335,0,9.191666666666666,120.62079166666666
cliff,2019-12-20,3.367,3.049,3.459,3.67,3.8020833333333335,3.92775,3.6370833333333334,4.558,6.245583333333333,58.95102058333333,8.525,9.225,120.803125
cliff,2019-12-21,3.402,3.1196666666666664,3.4600833333333334,3.67,3.80425,3.9351666666666665,3.632083333333333,4.558,6.179458333333334,58.338240416666665,126.92083333333333,9.375,120.18841666666667
cliff,2019-12-22,3.367,3.155,3.485,3.6840833333333336,3.8183333333333334,3.909375,3.6283333333333334,4.558,6.09775,57.52775929166667,0,9.425,119.59891666666667
cliff,2019-12-23,3.44575,3.155,3.485,3.696,3.827,3.93025,3.6479166666666667,4.558,5.937708333333333,56.048820291666665,0,9.5,120.047
cliff,2019-12-24,3.467625,3.155,3.4917499999999997,3.696,3.827,3.9395,3.654166666666667,4.558,5.8094166666666665,54.85123179166667,1.7958333333333334,9.5,119.744875
cliff,2019-12-25,3.472,3.155,3.512,3.696,3.827,3.9330833333333333,3.65625,4.558,5.822916666666667,54.969517458333335,0,9.5375,119.750875
cliff,2019-12-26,3.472,3.155,3.5130833333333333,3.696,3.841625,3.9505,3.6608333333333336,4.558,5.653625,53.39580779166667,0,9.5625,120.21575
cliff,2019-12-27,3.472,3.155,3.538,3.7209166666666667,3.827,3.962375,3.6708333333333334,4.558,5.468208333333333,51.66089775,0.9,9.616666666666667,120.431125
cliff,2019-12-28,3.472,3.1726666666666663,3.538,3.722,3.82925,3.959,3.68875,4.558,5.413958333333333,51.14371441666667,0.9,9.683333333333334,120.67829166666667
cliff,2019-12-29,3.472,3.261,3.538,3.727625,3.830375,3.9627916666666665,3.6983333333333337,4.558,5.240541666666666,49.51059708333333,3.1375,9.716666666666667,120.26379166666666
cliff,2019-12-30,3.472,3.261,3.55425,3.749,3.8405,3.95425,3.6904166666666667,4.558,5.110375,48.269816375,0,9.9,120.695125
cliff,2019-12-31,3.472,3.261,3.573,3.749,3.852875,3.982,3.70125,4.558,4.999041666666667,47.253011541666666,0,9.916666666666666,120.74904166666667
cliff,2020-01-01,3.51175,3.261,3.591,3.749,3.845,3.9790833333333335,3.71,4.558,4.936958333333333,46.66269654166667,25.5625,10.033333333333333,120.49054166666667
cliff,2020-01-02,3.547083333333333,3.261,3.591,3.7533333333333334,3.852875,3.9667083333333335,3.7170833333333335,4.558,4.780708333333333,45.17086475,10.7625,10,120.83783333333334
cliff,2020-01-03,3.573583333333333,3.261,3.591,3.7728333333333333,3.854,3.9683333333333333,3.71875,4.558,4.758125,44.95941654166667,16.141666666666666,10.033333333333333,120.99070833333333
cliff,2020-01-04,3.578,3.261,3.6148333333333333,3.775,3.8561666666666667,3.971375,3.7237500000000003,4.558,4.747875,44.8660755,2.6958333333333333,10.033333333333333,121.21141666666666
cliff,2020-01-05,3.578,3.261,3.617,3.775,3.854,3.9684166666666667,3.725,4.558,4.58675,43.340265333333335,1.7958333333333334,10.133333333333333,121.54454166666667
cliff,2020-01-06,3.578,3.2786666666666666,3.617,3.79775,3.86375,3.979416666666667,3.731666666666667,4.558,4.4865,42.40515270833333,0,10.083333333333334,121.61295833333332
cliff,2020-01-07,3.578,3.3581666666666665,3.640833333333333,3.801,3.85725,3.986625,3.736666666666667,4.558,4.438291666666666,41.95759829166667,4.4875,10.1,120.577375
cliff,2020-01-08,3.578,3.367,3.643,3.801,3.8680833333333333,3.9909166666666667,3.7345833333333336,4.558,4.344083333333334,41.07172045833333,6.733333333333333,10.116666666666667,120.12058333333333
cliff,2020-01-09,3.578,3.367,3.643,3.801,3.887583333333333,3.9917916666666664,3.75,4.558,4.294958333333334,40.60820566666666,0,10.116666666666667,120.31295833333333
cliff,2020-01-10,3.578,3.367,3.643,3.8161666666666667,3.88,3.989625,3.7533333333333334,4.558,4.093333333333334,38.699439125,1.35,10.2,120.63541666666667
cliff,2020-01-11,3.582375,3.367,3.655375,3.827,3.8735,3.995875,3.7558333333333334,4.558,4.104541666666667,38.811955166666664,0,10.166666666666666,120.45891666666667
cliff,2020-01-12,3.617375,3.367,3.66775,3.827,3.8789166666666666,3.9865416666666667,3.7579166666666666,4.558,4.052458333333333,38.31017466666667,3.1374999999999997,10.233333333333334,120.10429166666667
cliff,2020-01-13,3.6611249999999997,3.367,3.67,3.827,3.8756666666666666,3.9935,3.7566666666666664,4.558,3.9730416666666666,37.56623575,1.3458333333333334,10.25,119.9745
cliff,2020-01-14,3.678625,3.367,3.67,3.827,3.8789166666666666,3.9904166666666665,3.7608333333333333,4.558,3.904625,36.91632320833333,0,10.133333333333333,120.206625
cliff,2020-01-15,3.683,3.367,3.67,3.848375,3.88,4.007916666666667,3.7654166666666664,4.558,3.8190416666666667,36.123802875,0,10.216666666666667,119.93079166666666
cliff,2020-01-16,3.683,3.367,3.6938333333333335,3.854,3.8789166666666666,3.9976666666666665,3.77,4.558,3.7648333333333333,35.60152004166667,0,10.266666666666667,119.64629166666667
cliff,2020-01-17,3.683,3.367,3.696,3.854,3.8778333333333332,4.012458333333333,3.7725,4.558,3.721375,35.20433104166667,0,10.283333333333333,121.11991666666667
cliff,2020-01-18,3.683,3.367,3.696,3.845083333333333,3.884333333333333,4.013375,3.7675,4.558,3.6634583333333333,34.65708095833333,0,10.333333333333334,121.52379166666667
cliff,2020-01-19,3.683,3.367,3.7155,3.839375,3.8724166666666666,4.009916666666666,3.7775,4.561249999999999,3.554625,33.62453120833333,0,10.183333333333334,121.30441666666667
cliff,2020-01-20,3.683,3.39325,3.722,3.85175,3.8745833333333333,4.016791666666666,3.7758333333333334,4.563416666666667,3.694375,34.952890958333334,0,10.166666666666666,120.66266666666667
cliff,2020-01-21,3.683,3.450125,3.722,3.8495,3.8745833333333333,4.0265,3.78875,4.5645,3.671291666666667,34.743374708333334,0,10.2,120.59508333333333
cliff,2020-01-22,3.683,3.472,3.745625,3.8461250000000002,3.87675,4.029,3.78875,4.578583333333333,3.4199166666666665,32.366687,5.383333333333333,10.233333333333334,121.29370833333333
cliff,2020-01-23,3.683,3.472,3.749,3.854,3.88,4.020583333333334,3.8008333333333333,4.582916666666666,3.3688333333333333,31.876109291666666,14.35,10.3,121.263375
cliff,2020-01-24,3.704875,3.472,3.749,3.854,3.88,4.029916666666667,3.8075,4.584,3.37175,31.911564124999998,52.02916666666667,10.4,121.305125
cliff,2020-01-25,3.713625,3.472,3.7533333333333334,3.84725,3.881083333333333,4.0281666666666665,3.8120833333333333,4.584,3.3090416666666664,31.316428208333335,59.204166666666666,10.383333333333333,121.398125
cliff,2020-01-26,3.7398749999999996,3.472,3.7663333333333333,3.848375,3.8821666666666665,4.035666666666667,3.8183333333333334,4.584,3.26,30.858454375,87.4625,10.083333333333334,122.16179166666667
cliff,2020-01-27,3.7442499999999996,3.472,3.775,3.86375,3.884333333333333,4.03025,3.8116666666666665,4.584,3.5262083333333334,33.373467833333336,34.0875,10.083333333333334,122.34354166666667
cliff,2020-01-28,3.7748749999999998,3.472,3.7760833333333332,3.8594166666666667,3.881083333333333,4.034583333333333,3.7875,4.584,3.1647916666666664,29.956521166666665,32.74166666666667,10.033333333333333,122.08016666666667
cliff,2020-01-29,3.788,3.472,3.7890833333333336,3.8594166666666667,3.9038333333333335,4.034125,3.8191666666666664,4.584,3.041875,28.792893,54.71666666666666,9.983333333333333,122.10445833333333
cliff,2020-01-30,3.79675,3.472,3.801,3.8615833333333334,3.906,4.045541666666667,3.8304166666666664,4.584,2.9988333333333332,28.39387275,84.31666666666666,10.066666666666666,122.10370833333333
cliff,2020-01-31,3.8055,3.4808333333333334,3.801,3.8680833333333333,3.9038333333333335,4.043541666666667,3.842083333333333,4.584,2.861375,27.09096170833333,85.675,10.15,122.35054166666667
cliff,2020-02-01,3.8055,3.4896666666666665,3.8053333333333335,3.88,3.906,4.042958333333333,3.8408333333333333,4.584,2.7849583333333334,26.367060708333334,95.08333333333333,10,122.05358333333334
cliff,2020-02-02,3.801125,3.5029166666666667,3.8183333333333334,3.88,3.9070833333333335,4.062833333333334,3.8470833333333334,4.584,2.777,26.305389791666666,46.19166666666667,9.883333333333333,121.161875
cliff,2020-02-03,3.8055,3.547083333333333,3.827,3.88,3.93525,4.059208333333333,3.837083333333333,4.584,2.811583333333333,26.63055425,64.13333333333333,9.704166666666666,121.321875
cliff,2020-02-04,3.81425,3.578,3.834875,3.88,3.94075,4.049291666666667,3.84,4.584,2.619,24.799879458333333,54.275,9.5875,121.67645833333333
cliff,2020-02-05,3.827375,3.578,3.854,3.88,3.9114166666666668,4.0595,3.8341666666666665,4.584,2.4956666666666667,23.638295666666668,98.67083333333333,9.5125,121.743625
cliff,2020-02-06,3.8798749999999997,3.578,3.8605,3.88,3.9309166666666666,4.049833333333334,3.8479166666666664,4.584,2.3640833333333333,22.386381166666666,159.21666666666667,9.5125,121.70320833333334
cliff,2020-02-07,3.9105,3.582375,3.8821666666666665,3.8886666666666665,3.9406666666666665,4.073041666666667,3.8575,4.584,2.3866666666666667,22.614076083333334,179.39583333333334,9.525,121.51975
cliff,2020-02-08,3.9235416666666665,3.591125,3.893,3.88975,3.96475,4.072208333333333,3.8649999999999998,4.584,2.43725,23.0928085,203.17083333333332,9.525,121.15558333333334
cliff,2020-02-09,3.927875,3.599875,3.90275,3.8821666666666665,3.9450833333333333,4.06125,3.8725,4.584,2.58775,24.511793666666666,191.95,9.45,121.48233333333333
cliff,2020-02-10,3.9409166666666664,3.599875,3.9103333333333334,3.895166666666667,3.9408333333333334,4.070916666666667,3.87375,4.584,2.5224583333333332,23.8999685,200.47916666666666,9.4,121.552375
cliff,2020-02-11,3.9409166666666664,3.6304999999999996,3.9233333333333333,3.906,3.9989583333333334,4.07975,3.873333333333333,4.584,2.3207916666666666,21.99414841666667,215.275,9.387500000000001,121.61375
cliff,2020-02-12,3.94975,3.683,3.91575,3.906,3.964958333333333,4.074791666666667,3.8754166666666667,4.584,2.21625,21.000378041666668,188.36666666666667,9.220833333333333,121.30995833333334
cliff,2020-02-13,3.9890416666666666,3.683,3.9114166666666668,3.906,3.9537083333333336,4.078125,3.8791666666666664,4.584,2.422458333333333,22.956309583333333,223.35416666666666,9.0625,121.02454166666666
cliff,2020-02-14,4.019666666666667,3.69175,3.9114166666666668,3.906,4.011,4.0789583333333335,3.88,4.584,2.39825,22.727520083333335,228.7375,8.933333333333334,121.14779166666666
cliff,2020-02-15,4.024,3.683,3.90925,3.906,3.973666666666667,4.080333333333333,3.8875,4.584,2.363125,22.395407333333335,146.65833333333333,8.950000000000001,121.314
cliff,2020-02-16,4.024,3.683,3.9114166666666668,3.906,3.9935,4.087791666666667,3.8916666666666666,4.584,2.3400416666666666,22.18084275,180.3,8.945833333333333,121.33087499999999
cliff,2020-02-17,4.050208333333334,3.704875,3.919,3.9244166666666667,3.9624583333333336,4.099291666666667,3.89375,4.584,2.2469166666666665,21.30470525,269.54583333333335,8.883333333333333,121.31525
cliff,2020-02-18,4.071875,3.731125,3.943916666666667,3.9494166666666666,3.9701666666666666,4.09675,3.8975,4.584,2.183375,20.700832916666666,266.40833333333336,8.9,120.9965
cliff,2020-02-19,4.097875,3.7529999999999997,4.001041666666667,3.91575,3.992125,4.104333333333333,3.9004166666666666,4.584,2.1325833333333333,20.223298125,265.5083333333333,8.9,121.13783333333333
cliff,2020-02-20,4.132583333333334,3.788,4.0023333333333335,3.9233333333333333,3.9924166666666667,4.101875,3.904166666666667,4.584,1.75825,16.672194333333334,234.1125,8.9,121.2855
cliff,2020-02-21,4.149916666666667,3.801125,4.0175,3.932,4.021833333333333,4.098875,3.9108333333333336,4.584,1.6521666666666668,15.66517125,278.9625,8.883333333333333,121.22033333333333
cliff,2020-02-22,4.1585833333333335,3.818625,4.05325,3.9363333333333332,4.026166666666667,4.100125,3.9183333333333334,4.5905,1.9803333333333333,18.777572625,287.93333333333334,8.916666666666668,121.03266666666667
cliff,2020-02-23,4.171666666666667,3.809875,3.999083333333333,3.9406666666666665,4.0088333333333335,4.111541666666667,3.92,4.591583333333333,1.90975,18.113565291666667,260.12916666666666,8.933333333333334,121.50120833333334
cliff,2020-02-24,4.249958333333334,3.8711249999999997,4.083583333333333,3.963625,3.9936666666666665,4.117125,3.927916666666667,4.598083333333333,1.9872916666666667,18.851744875,284.7916666666667,8.933333333333334,121.95516666666667
cliff,2020-02-25,4.324,3.906125,3.999083333333333,3.9857083333333336,3.977125,4.110666666666667,3.9312500000000004,4.61,1.662,15.763118458333333,294.2125,8.983333333333334,122.0485
cliff,2020-02-26,4.293666666666667,3.914875,4.003416666666666,3.958,3.989333333333333,4.115583333333333,3.9383333333333335,4.6089166666666666,1.3101666666666667,12.428064666666666,314.84999999999997,9.025,121.9475
cliff,2020-02-27,4.358666666666666,3.914875,4.019666666666667,3.9715,4.024,4.125083333333333,3.9383333333333335,4.61,1.2464583333333332,11.826540583333333,316.64166666666665,8.966666666666667,121.79883333333333
cliff,2020-02-28,4.3629999999999995,3.923625,4.000166666666667,3.985,4.02075,4.11875,3.9404166666666667,4.61,1.5869583333333332,15.054835666666667,306.325,9.016666666666667,121.2865
cliff,2020-02-29,4.341333333333333,3.963,4.015333333333333,3.985,4.016416666666666,4.114958333333333,3.9429166666666666,4.61,1.5955833333333334,15.135107,226.49166666666667,9.304166666666667,120.7465
cliff,2020-03-01,4.380333333333334,4.006666666666667,4.037,3.986083333333333,3.992583333333333,4.1258333333333335,3.93875,4.61,1.640625,15.566979541666667,330.54583333333335,9.4625,120.93416666666667
cliff,2020-03-02,4.384666666666667,4.019666666666667,4.0435,3.98825,4.00775,4.129791666666667,3.9370833333333333,4.61,1.5660416666666668,14.860795541666667,343.55,9.5,121.39395833333333
cliff,2020-03-03,4.415,4.024,4.044583333333334,3.9904166666666665,4.044583333333334,4.138583333333333,3.9345833333333333,4.61,1.440875,13.676195416666667,352.9708333333333,9.5,121.42191666666666
cliff,2020-03-04,4.423666666666667,4.024,4.02725,3.9915,4.0305,4.143583333333334,3.930416666666667,4.61,1.5304166666666668,14.528177166666667,359.69166666666666,9.5,121.39633333333333
cliff,2020-03-05,4.458333333333333,4.028333333333333,4.039166666666667,3.9904166666666665,4.025083333333333,4.1394166666666665,3.93375,4.61,1.2810416666666666,12.159183,373.14166666666665,9.4875,121.22233333333334
cliff,2020-03-06,4.397666666666667,4.011,4.041333333333333,3.98825,4.055416666666666,4.146125,3.9283333333333337,4.61,1.0589583333333332,10.053251541666667,182.9875,9.4625,120.6445
cliff,2020-03-07,4.298,3.998,4.037,3.985,4.032666666666667,4.147,3.9362500000000002,4.61,0.8575,8.14052175,15.7,9.358333333333334,120.33758333333333
cliff,2020-03-08,4.256739130434783,3.9751739130434784,4.055086956521739,4.003086956521739,4.031347826086956,4.145608695652174,3.9408695652173913,4.61,0.421,3.997094652173913,8.88695652173913,9.23913043478261,120.75713043478261
cliff,2020-03-09,4.302333333333333,3.97175,4.06625,3.9904166666666665,4.037,4.144,3.94375,4.61,0.3710833333333333,3.5228460416666665,14.358333333333333,9.4,121.30558333333333
cliff,2020-03-10,4.267666666666667,3.914875,4.103083333333333,4.005583333333333,4.041333333333333,4.145708333333333,3.9458333333333333,4.61,0.55925,5.30923525,68.17083333333333,9.475,121.48420833333333
cliff,2020-03-11,4.306666666666667,3.949875,4.078166666666667,4.0088333333333335,4.060833333333333,4.147458333333334,3.9516666666666667,4.61,0.7034583333333333,6.678542666666667,226.94166666666666,9.55,121.39241666666666
cliff,2020-03-12,4.376,4.002208333333334,4.097666666666667,4.005583333333333,4.028333333333333,4.160916666666667,3.9516666666666667,4.61,0.8316666666666667,7.898748125,330.9916666666667,9.616666666666667,121.21604166666667
cliff,2020-03-13,4.402,4.019666666666667,4.110666666666667,4.011,4.031583333333334,4.159708333333334,3.9495833333333334,4.61,0.818,7.768342583333333,416.20416666666665,9.608333333333333,120.18758333333334
cliff,2020-03-14,4.337,3.998,4.117166666666667,4.011,4.037,4.153416666666667,3.950833333333333,4.61,1.0288333333333333,9.769019291666666,134.54999999999998,9.775,120.14579166666667
cliff,2020-03-15,4.311,3.998,4.115,4.011,4.037,4.157125,3.95,4.61,1.0520833333333333,9.990455708333334,0.9,9.7875,120.46358333333333
cliff,2020-03-16,4.293666666666667,3.984875,4.115,4.011,4.037,4.150833333333333,3.9566666666666666,4.61,1.402125,13.311985583333334,0.9,9.716666666666667,120.69262499999999
cliff,2020-03-17,4.267666666666667,3.893,4.115,4.011,4.037,4.168666666666667,3.9541666666666666,4.61,1.061125,10.0797765,0,9.620833333333334,120.499375
cliff,2020-03-18,4.211333333333333,3.893,4.115,4.011,4.037,4.170791666666666,3.9595833333333332,4.614333333333334,1.0102499999999999,9.597049708333333,0,9.616666666666667,120.49725000000001
cliff,2020-03-19,4.207,3.893,4.111750000000001,4.011,4.037,4.175333333333334,3.96,4.6165,1.0864166666666666,10.321846791666667,6.729166666666666,9.616666666666667,121.04120833333333
cliff,2020-03-20,4.207,3.893,4.106333333333334,4.011,4.037,4.177875,3.9625,4.6273333333333335,1.12625,10.701100875,12.558333333333334,9.666666666666666,121.60420833333333
cliff,2020-03-21,4.211333333333333,3.893,4.1139166666666664,4.011,4.05,4.174875,3.970833333333333,4.628416666666666,1.2037083333333334,11.435950625,14.804166666666667,9.85,121.576
cliff,2020-03-22,4.237333333333333,3.906125,4.1139166666666664,4.011,4.063,4.171166666666667,3.9808333333333334,4.634916666666667,0.5047916666666666,4.794095166666667,42.608333333333334,9.95,121.36308333333334
cliff,2020-03-23,4.259,3.932375,4.090083333333334,4.011,4.063,4.18125,3.9808333333333334,4.636,0.5707916666666667,5.42342775,138.13333333333333,10,120.91470833333334
cliff,2020-03-24,4.22,3.893,4.089,4.011,4.067333333333333,4.182166666666666,3.9816666666666665,4.636,0.46950000000000003,4.4615021666666665,11.666666666666666,10.05,120.90791666666667
cliff,2020-03-25,4.211333333333333,3.893,4.089,4.011,4.089,4.182833333333333,3.9783333333333335,4.636,0.13383333333333333,1.2717823333333333,10.320833333333333,10.05,120.952375
cliff,2020-03-26,4.22,3.893,4.09225,4.0175,4.110666666666667,4.189583333333333,3.9775,4.636,0.288875,2.7458149166666668,17.491666666666667,9.833333333333334,121.10329166666666
cliff,2020-03-27,4.267666666666667,3.914875,4.133416666666667,3.9715,4.115,4.194791666666666,3.9779166666666668,4.636,0.4207916666666667,3.999777791666667,25.566666666666666,9.6375,121.21620833333333
cliff,2020-03-28,4.233,3.9105,4.141,3.985,4.115,4.18975,3.9816666666666665,4.636,0.50275,4.777958666666667,4.4875,9.5625,121.38558333333333
cliff,2020-03-29,4.207,3.893,4.1215,3.985,4.115,4.192208333333333,3.9850000000000003,4.636,0.4335,4.120442916666667,6.283333333333333,9.633333333333333,121.28979166666667
cliff,2020-03-30,4.207,3.893,4.1315,3.985,4.110666666666667,4.188958333333333,3.986666666666667,4.636,0.6654583333333334,6.324639458333333,6.279166666666667,9.741666666666667,121.59208333333333
cliff,2020-03-31,4.207,3.893,4.115,4.021833333333333,4.107416666666667,4.204875,3.995,4.636,0.6780833333333334,6.447247291666667,29.59583333333333,10,121.63250000000001
cliff,2020-04-01,4.233,3.893,4.115,4.063,4.091166666666667,4.195208333333333,3.9987500000000002,4.636,0.5750416666666667,5.466161291666666,49.333333333333336,10.083333333333334,121.27616666666667
cliff,2020-04-02,4.241666666666666,3.893,4.115,4.05,4.111750000000001,4.197708333333333,3.9983333333333335,4.636,0.574875,5.464989875,79.3875,10.233333333333334,121.44383333333333
cliff,2020-04-03,4.263333333333334,3.923625,4.1139166666666664,4.037,4.1193333333333335,4.190083333333333,4.003333333333333,4.636,0.6159166666666667,5.853909708333333,116.15833333333333,10.3,121.18083333333334
cliff,2020-04-04,4.228666666666666,3.893,4.115,4.037,4.116083333333334,4.199,4.005833333333333,4.636,0.414125,3.9373154583333334,2.6916666666666664,10.333333333333334,120.42195833333334
cliff,2020-04-05,4.207,3.893,4.129083333333334,4.04025,4.112833333333334,4.219291666666667,4.005416666666666,4.636,0.244375,2.3247405416666664,0,10.466666666666667,120.30425
cliff,2020-04-06,4.267666666666667,3.958625,4.068416666666667,4.04675,4.094416666666667,4.211291666666667,4.005,4.636,0.9174166666666667,8.724139125,4.9375,10.766666666666667,121.34745833333334
cliff,2020-04-07,4.259,3.941125,4.083583333333333,4.044583333333334,4.14125,4.204541666666667,4.004583333333334,4.636,0.872625,8.297271291666666,18.395833333333332,10.8,121.84904166666666
cliff,2020-04-08,4.293666666666667,3.95425,4.146625,4.0435,4.118333333333333,4.210833333333333,4.0125,4.636,0.9685,9.210042083333333,139.48333333333335,10.8,121.81645833333333
cliff,2020-04-09,4.354333333333333,3.97175,4.178833333333333,4.059749999999999,4.081416666666667,4.219291666666667,4.009166666666666,4.636,0.916,8.713266958333334,258.3333333333333,10.8,121.72770833333334
cliff,2020-04-10,4.341333333333333,3.958625,4.096708333333334,4.091166666666667,4.063,4.216333333333333,4.010833333333333,4.636,0.830625,7.900005458333333,310.35833333333335,10.8,121.83233333333334
cliff,2020-04-11,4.367333333333334,4.015333333333333,4.102,4.0640833333333335,4.109583333333333,4.227333333333333,4.0183333333333335,4.636,0.7814166666666666,7.43422275,274.025,10.783333333333333,121.99441666666667
cliff,2020-04-12,4.406333333333333,4.028333333333333,4.117166666666667,4.0955,4.115,4.235291666666667,4.010833333333333,4.636,0.7963333333333333,7.577573625,352.97083333333336,10.8125,122.24745833333333
cliff,2020-04-13,4.419333333333333,4.032666666666667,4.122583333333333,4.08575,4.1009166666666665,4.206583333333334,4.02,4.636,0.6699583333333333,6.370574,387.50416666666666,10.8125,122.61095833333333
cliff,2020-04-14,4.4670000000000005,4.050125,4.157791666666666,4.109583333333333,4.096583333333333,4.225625,4.019166666666667,4.636,0.5449583333333333,5.184456833333333,476.3125,10.8,122.85716666666667
cliff,2020-04-15,4.493,4.071791666666667,4.1875,4.1193333333333335,4.10525,4.23825,4.017916666666666,4.636,0.604,5.748041625,402.75416666666666,10.8125,122.49925
cliff,2020-04-16,4.566583333333334,4.1370000000000005,4.207,4.109583333333333,4.115,4.240375,4.0175,4.636,0.5212083333333334,4.960219333333333,578.5625,10.783333333333333,122.2215
cliff,2020-04-17,4.579583333333334,4.154375,4.1766250000000005,4.109583333333333,4.1193333333333335,4.242416666666667,4.017916666666666,4.636,0.5569166666666667,5.300639166666667,552.1,10.783333333333333,122.07754166666666
cliff,2020-04-18,4.605541666666666,4.150083333333334,4.2091666666666665,4.1193333333333335,4.115,4.236958333333334,4.022083333333334,4.636,0.687125,6.538404291666667,492.90416666666664,10.700000000000001,122.13695833333333
cliff,2020-04-19,4.609916666666667,4.141333333333334,4.2026666666666666,4.111750000000001,4.112833333333334,4.229375,4.0304166666666665,4.636,0.6922083333333333,6.586289625,548.9666666666667,10.766666666666667,122.37479166666667
cliff,2020-04-20,4.527666666666667,4.119541666666667,4.263333333333334,4.112833333333334,4.115,4.2543750000000005,4.035833333333334,4.636,0.6120833333333333,5.826887583333334,329.2,10.8,122.58504166666667
cliff,2020-04-21,4.63125,4.163083333333334,4.22,4.131291666666667,4.115,4.253291666666667,4.042083333333333,4.636,0.4125416666666667,3.9274801249999998,920.3125,10.783333333333333,123.02295833333334
cliff,2020-04-22,4.5276250000000005,4.16325,4.2275833333333335,4.128,4.115,4.245541666666667,4.042083333333333,4.636,0.3120833333333333,2.9702189166666666,387.50416666666666,10.8625,123.35995833333334
cliff,2020-04-23,4.70475,4.215291666666666,4.241666666666666,4.1477916666666665,4.115,4.251708333333333,4.046666666666667,4.637083333333333,0.8222916666666666,7.8272942500000005,1022.5833333333334,10.8375,123.59366666666666
cliff,2020-04-24,4.6185,4.1502083333333335,4.2709166666666665,4.1533750000000005,4.1193333333333335,4.253041666666666,4.055,4.636,0.80475,7.662625666666667,816.7208333333333,10.995833333333334,123.58645833333334
cliff,2020-04-25,4.6487083333333334,4.189375,4.3045,4.164625,4.130166666666667,4.264833333333334,4.054583333333333,4.640333333333333,0.6512083333333334,6.202010541666667,830.175,11.008333333333333,123.50983333333333
cliff,2020-04-26,4.773833333333333,4.20225,4.35,4.17775,4.14,4.2571666666666665,4.060833333333333,4.656583333333334,0.2821666666666667,2.686455,1568.8458333333333,10.945833333333333,123.37145833333334
cliff,2020-04-27,4.902833333333334,4.310958333333334,4.37925,4.195083333333334,4.161125,4.266125,4.054583333333333,4.659833333333333,1.0297083333333334,9.804034833333333,2031.7,10.879166666666666,123.692
cliff,2020-04-28,5.1555,4.428,4.452916666666667,4.23625,4.176583333333333,4.280375,4.055,4.660916666666667,1.0999166666666667,10.477255708333333,3784.420833333333,10.766666666666667,123.92029166666667
cliff,2020-04-29,5.371625,4.782583333333333,4.547166666666667,4.2828333333333335,4.20375,4.261,4.035,4.662,1.5125,14.400658125,2067.575,10.4625,123.86595833333334
cliff,2020-04-30,5.918208333333333,5.1665,4.635958333333333,4.302333333333333,4.24275,4.272333333333333,4.0112499999999995,4.646833333333333,2.51625,23.965531625,4058.9083333333333,9.645833333333334,123.8615
cliff,2020-05-01,6.190541666666666,5.346625,4.7615,4.3445833333333335,4.26225,4.282583333333333,4.0275,4.636,2.705041666666667,25.772945875,3422.0416666666665,9.816666666666666,123.46504166666666
cliff,2020-05-02,6.19125,5.6204583333333336,4.811,4.3933333333333335,4.285,4.297666666666666,4.037083333333333,4.626250000000001,3.0344583333333333,28.922581833333332,696.075,9.8875,123.12741666666666
cliff,2020-05-03,6.381291666666667,5.70175,5.001666666666667,4.413916666666666,4.300166666666667,4.294791666666667,4.049166666666666,4.61,3.069916666666667,29.258604791666667,3852.15,10.133333333333333,123.47904166666666
cliff,2020-05-04,6.621958333333334,5.897875,5.10725,4.4485833333333336,4.305583333333334,4.309083333333334,4.059166666666667,4.595916666666667,3.0728333333333335,29.297612041666667,4794.895833333333,10.633333333333335,123.47433333333333
cliff,2020-05-05,6.938583333333334,6.12775,5.204958333333333,4.477833333333334,4.3261666666666665,4.314916666666667,4.069166666666667,4.584,3.068,29.256353166666667,3632.3875,10.25,123.22825
cliff,2020-05-06,7.400333333333333,6.471,5.321833333333333,4.537416666666667,4.352166666666666,4.315833333333333,4.082083333333333,4.584,3.210166666666667,30.612201416666668,4811.9375,10.3,123.600875
cliff,2020-05-07,7.809958333333333,6.7585,5.420583333333333,4.57425,4.36625,4.332708333333334,4.088333333333333,4.584,3.168458333333333,30.228029708333334,4136.945833333333,10.3,123.33366666666667
cliff,2020-05-08,8.176708333333334,7.061541666666667,5.524249999999999,4.60025,4.368416666666667,4.316708333333334,4.089583333333334,4.58075,3.0853333333333333,29.422377625,4119.458333333333,10.316666666666666,123.086
cliff,2020-05-09,8.571208333333333,7.342833333333333,5.618375,4.63275,4.380333333333334,4.3289583333333335,4.095,4.558,3.0807083333333334,29.388143458333335,3881.7541666666666,10.25,123.12541666666667
cliff,2020-05-10,8.770291666666667,7.564875,5.706083333333333,4.667416666666667,4.383583333333333,4.335541666666667,4.105833333333333,4.558,3.051,29.109682458333335,3242.633333333333,10.2,123.08308333333333
cliff,2020-05-11,8.828791666666666,7.698625,5.73475,4.699916666666667,4.402,4.34225,4.12125,4.558,3.1041666666666665,29.622337916666666,714.0083333333333,10.166666666666666,122.756625
cliff,2020-05-12,8.634458333333333,7.952875,5.804083333333334,4.752916666666667,4.4215,4.366708333333333,4.1375,4.558,3.244875,30.985896708333332,1044.1125,10.3,122.59033333333333
cliff,2020-05-13,8.198708333333334,7.736166666666667,5.870333333333333,4.748625,4.435583333333334,4.370416666666666,4.138333333333333,4.558,3.1040833333333335,29.64394075,978.6208333333333,10.533333333333333,122.7765
cliff,2020-05-14,7.715291666666666,7.317708333333334,5.867125,4.789625,4.4431666666666665,4.367958333333333,4.14625,4.558,3.192,30.481241541666666,865.1583333333333,10.766666666666667,122.93445833333334
cliff,2020-05-15,7.714875,7.166625,5.972541666666666,4.787583333333333,4.458333333333333,4.370541666666667,4.153333333333333,4.558,3.0456666666666665,29.085349833333332,2585.1458333333335,10.8125,123.05745833333333
cliff,2020-05-16,7.802958333333333,7.267291666666667,6.060666666666667,4.816625,4.462666666666666,4.387666666666667,4.166666666666667,4.558,3.146333333333333,30.061466208333332,1946.9291666666668,10.783333333333333,122.4365
cliff,2020-05-17,7.769416666666666,7.26325,6.062833333333334,4.8369583333333335,4.501666666666667,4.432375,4.195833333333334,4.558,3.3823333333333334,32.355740041666664,1416.3583333333333,10.616666666666667,123.0845
cliff,2020-05-18,7.409875,6.9105,6.215708333333334,4.863083333333333,4.5168333333333335,4.42225,4.2091666666666665,4.558,3.306541666666667,31.620526541666667,1584.5416666666665,10.2,123.55158333333333
cliff,2020-05-19,7.442875,6.796250000000001,6.260541666666667,4.8769583333333335,4.526583333333333,4.44575,4.22125,4.558,3.3005833333333334,31.58230825,3541.3375,10.35,123.449
cliff,2020-05-20,7.768666666666666,6.998666666666667,6.32175,4.907125,4.536333333333333,4.446166666666667,4.22375,4.558,3.2398333333333333,31.001528583333332,4516.829166666666,10.779166666666667,123.38429166666667
cliff,2020-05-21,7.857166666666666,7.2045,6.354583333333333,4.932875,4.547166666666667,4.461291666666667,4.235416666666667,4.559083333333334,3.2414583333333336,31.02958329166667,2639.8625,10.666666666666668,123.00058333333334
cliff,2020-05-22,8.41775,7.468458333333333,6.439375,4.96525,4.5601666666666665,4.474333333333334,4.2508333333333335,4.56775,3.3052083333333333,31.650767416666667,4158.925,10.766666666666667,122.723625
cliff,2020-05-23,8.769916666666667,7.769583333333333,6.535541666666667,4.973916666666667,4.5720833333333335,4.470958333333334,4.2525,4.584,3.1840416666666664,30.487374875,4690.841666666666,10.633333333333335,122.83070833333333
cliff,2020-05-24,9.133541666666666,8.090375,6.607458333333334,5.015833333333333,4.575333333333333,4.474708333333333,4.2629166666666665,4.584,3.1702916666666665,30.358772625,4288.541666666666,10.8125,122.94645833333334
cliff,2020-05-25,8.9945,8.098833333333333,6.652833333333334,5.015666666666666,4.592666666666666,4.477166666666667,4.268333333333333,4.584,3.1563333333333334,30.2265225,17.933333333333334,10.600000000000001,122.867
