Plot Title: soapstone_sediment,,,,,,,
#,"Date Time, GMT-07:00","Temp, °C (LGR S/N: 20732845, SEN S/N: 20732845)",Coupler Detached (LGR S/N: 20732845),Coupler Attached (LGR S/N: 20732845),Host Connected (LGR S/N: 20732845),Stopped (LGR S/N: 20732845),End Of File (LGR S/N: 20732845)
1,7/17/2020 18:00,23.424,Logged,,,,
2,7/17/2020 19:00,23.448,,,,,
3,7/17/2020 20:00,23.376,,,,,
4,7/17/2020 21:00,23.304,,,,,
5,7/17/2020 22:00,23.28,,,,,
6,7/17/2020 23:00,23.256,,,,,
7,7/18/2020 0:00,23.184,,,,,
8,7/18/2020 1:00,23.136,,,,,
9,7/18/2020 2:00,23.16,,,,,
10,7/18/2020 3:00,22.992,,,,,
11,7/18/2020 4:00,22.824,,,,,
12,7/18/2020 5:00,22.633,,,,,
13,7/18/2020 6:00,22.465,,,,,
14,7/18/2020 7:00,22.298,,,,,
15,7/18/2020 8:00,22.106,,,,,
16,7/18/2020 9:00,22.082,,,,,
17,7/18/2020 10:00,22.585,,,,,
18,7/18/2020 11:00,22.824,,,,,
19,7/18/2020 12:00,23.016,,,,,
20,7/18/2020 13:00,23.088,,,,,
21,7/18/2020 14:00,23.16,,,,,
22,7/18/2020 15:00,23.448,,,,,
23,7/18/2020 16:00,23.713,,,,,
24,7/18/2020 17:00,23.737,,,,,
25,7/18/2020 18:00,23.737,,,,,
26,7/18/2020 19:00,23.785,,,,,
27,7/18/2020 20:00,23.713,,,,,
28,7/18/2020 21:00,23.665,,,,,
29,7/18/2020 22:00,23.593,,,,,
30,7/18/2020 23:00,23.593,,,,,
31,7/19/2020 0:00,23.521,,,,,
32,7/19/2020 1:00,23.472,,,,,
33,7/19/2020 2:00,23.352,,,,,
34,7/19/2020 3:00,23.232,,,,,
35,7/19/2020 4:00,23.064,,,,,
36,7/19/2020 5:00,22.872,,,,,
37,7/19/2020 6:00,22.681,,,,,
38,7/19/2020 7:00,22.537,,,,,
39,7/19/2020 8:00,22.417,,,,,
40,7/19/2020 9:00,22.345,,,,,
41,7/19/2020 10:00,22.824,,,,,
42,7/19/2020 11:00,23.04,,,,,
43,7/19/2020 12:00,23.28,,,,,
44,7/19/2020 13:00,23.328,,,,,
45,7/19/2020 14:00,23.424,,,,,
46,7/19/2020 15:00,23.713,,,,,
47,7/19/2020 16:00,23.978,,,,,
48,7/19/2020 17:00,24.05,,,,,
49,7/19/2020 18:00,24.05,,,,,
50,7/19/2020 19:00,23.978,,,,,
51,7/19/2020 20:00,23.954,,,,,
52,7/19/2020 21:00,23.857,,,,,
53,7/19/2020 22:00,23.857,,,,,
54,7/19/2020 23:00,23.809,,,,,
55,7/20/2020 0:00,23.761,,,,,
56,7/20/2020 1:00,23.713,,,,,
57,7/20/2020 2:00,23.569,,,,,
58,7/20/2020 3:00,23.497,,,,,
59,7/20/2020 4:00,23.328,,,,,
60,7/20/2020 5:00,23.112,,,,,
61,7/20/2020 6:00,22.896,,,,,
62,7/20/2020 7:00,22.753,,,,,
63,7/20/2020 8:00,22.561,,,,,
64,7/20/2020 9:00,22.489,,,,,
65,7/20/2020 10:00,23.016,,,,,
66,7/20/2020 11:00,23.208,,,,,
67,7/20/2020 12:00,23.4,,,,,
68,7/20/2020 13:00,23.521,,,,,
69,7/20/2020 14:00,23.641,,,,,
70,7/20/2020 15:00,23.93,,,,,
71,7/20/2020 16:00,24.243,,,,,
72,7/20/2020 17:00,24.315,,,,,
73,7/20/2020 18:00,24.388,,,,,
74,7/20/2020 19:00,24.243,,,,,
75,7/20/2020 20:00,24.195,,,,,
76,7/20/2020 21:00,24.146,,,,,
77,7/20/2020 22:00,24.122,,,,,
78,7/20/2020 23:00,24.098,,,,,
79,7/21/2020 0:00,24.05,,,,,
80,7/21/2020 1:00,23.978,,,,,
81,7/21/2020 2:00,23.809,,,,,
82,7/21/2020 3:00,23.665,,,,,
83,7/21/2020 4:00,23.472,,,,,
84,7/21/2020 5:00,23.232,,,,,
85,7/21/2020 6:00,23.04,,,,,
86,7/21/2020 7:00,22.872,,,,,
87,7/21/2020 8:00,22.681,,,,,
88,7/21/2020 9:00,22.585,,,,,
89,7/21/2020 10:00,23.064,,,,,
90,7/21/2020 11:00,23.328,,,,,
91,7/21/2020 12:00,23.593,,,,,
92,7/21/2020 13:00,23.593,,,,,
93,7/21/2020 14:00,23.713,,,,,
94,7/21/2020 15:00,24.002,,,,,
95,7/21/2020 16:00,24.195,,,,,
96,7/21/2020 17:00,24.243,,,,,
97,7/21/2020 18:00,24.243,,,,,
98,7/21/2020 19:00,24.219,,,,,
99,7/21/2020 20:00,24.171,,,,,
100,7/21/2020 21:00,24.122,,,,,
101,7/21/2020 22:00,24.074,,,,,
102,7/21/2020 23:00,24.05,,,,,
103,7/22/2020 0:00,24.074,,,,,
104,7/22/2020 1:00,23.978,,,,,
105,7/22/2020 2:00,23.954,,,,,
106,7/22/2020 3:00,23.785,,,,,
107,7/22/2020 4:00,23.617,,,,,
108,7/22/2020 5:00,23.424,,,,,
109,7/22/2020 6:00,23.256,,,,,
110,7/22/2020 7:00,23.112,,,,,
111,7/22/2020 8:00,22.992,,,,,
112,7/22/2020 9:00,22.944,,,,,
113,7/22/2020 10:00,23.232,,,,,
114,7/22/2020 11:00,23.497,,,,,
115,7/22/2020 12:00,23.713,,,,,
116,7/22/2020 13:00,23.857,,,,,
117,7/22/2020 14:00,24.002,,,,,
118,7/22/2020 15:00,24.243,,,,,
119,7/22/2020 16:00,24.363,,,,,
120,7/22/2020 17:00,24.508,,,,,
121,7/22/2020 18:00,24.412,,,,,
122,7/22/2020 19:00,24.436,,,,,
123,7/22/2020 20:00,24.412,,,,,
124,7/22/2020 21:00,24.363,,,,,
125,7/22/2020 22:00,24.171,,,,,
126,7/22/2020 23:00,24.098,,,,,
127,7/23/2020 0:00,23.881,,,,,
128,7/23/2020 1:00,23.713,,,,,
129,7/23/2020 2:00,23.448,,,,,
130,7/23/2020 3:00,23.232,,,,,
131,7/23/2020 4:00,22.968,,,,,
132,7/23/2020 5:00,22.753,,,,,
133,7/23/2020 6:00,22.561,,,,,
134,7/23/2020 7:00,22.345,,,,,
135,7/23/2020 8:00,22.226,,,,,
136,7/23/2020 9:00,22.106,,,,,
137,7/23/2020 10:00,22.537,,,,,
138,7/23/2020 11:00,22.776,,,,,
139,7/23/2020 12:00,22.681,,,,,
140,7/23/2020 13:00,22.705,,,,,
141,7/23/2020 14:00,22.872,,,,,
142,7/23/2020 15:00,22.896,,,,,
143,7/23/2020 16:00,23.16,,,,,
144,7/23/2020 17:00,23.184,,,,,
145,7/23/2020 18:00,23.184,,,,,
146,7/23/2020 19:00,23.232,,,,,
147,7/23/2020 20:00,23.16,,,,,
148,7/23/2020 21:00,23.112,,,,,
149,7/23/2020 22:00,23.088,,,,,
150,7/23/2020 23:00,22.896,,,,,
151,7/24/2020 0:00,22.657,,,,,
152,7/24/2020 1:00,22.489,,,,,
153,7/24/2020 2:00,22.25,,,,,
154,7/24/2020 3:00,22.011,,,,,
155,7/24/2020 4:00,21.772,,,,,
156,7/24/2020 5:00,21.509,,,,,
157,7/24/2020 6:00,21.318,,,,,
158,7/24/2020 7:00,21.103,,,,,
159,7/24/2020 8:00,20.96,,,,,
160,7/24/2020 9:00,20.841,,,,,
161,7/24/2020 10:00,21.294,,,,,
162,7/24/2020 11:00,21.557,,,,,
163,7/24/2020 12:00,21.819,,,,,
164,7/24/2020 13:00,21.915,,,,,
165,7/24/2020 14:00,21.987,,,,,
166,7/24/2020 15:00,22.25,,,,,
167,7/24/2020 16:00,22.561,,,,,
168,7/24/2020 17:00,22.633,,,,,
169,7/24/2020 18:00,22.729,,,,,
170,7/24/2020 19:00,22.705,,,,,
171,7/24/2020 20:00,22.681,,,,,
172,7/24/2020 21:00,22.729,,,,,
173,7/24/2020 22:00,22.609,,,,,
174,7/24/2020 23:00,22.609,,,,,
175,7/25/2020 0:00,22.657,,,,,
176,7/25/2020 1:00,22.489,,,,,
177,7/25/2020 2:00,22.321,,,,,
178,7/25/2020 3:00,22.154,,,,,
179,7/25/2020 4:00,21.939,,,,,
180,7/25/2020 5:00,21.7,,,,,
181,7/25/2020 6:00,21.533,,,,,
182,7/25/2020 7:00,21.318,,,,,
183,7/25/2020 8:00,21.175,,,,,
184,7/25/2020 9:00,21.079,,,,,
185,7/25/2020 10:00,21.581,,,,,
186,7/25/2020 11:00,21.819,,,,,
187,7/25/2020 12:00,22.082,,,,,
188,7/25/2020 13:00,22.178,,,,,
189,7/25/2020 14:00,22.298,,,,,
190,7/25/2020 15:00,22.657,,,,,
191,7/25/2020 16:00,22.968,,,,,
192,7/25/2020 17:00,22.992,,,,,
193,7/25/2020 18:00,23.04,,,,,
194,7/25/2020 19:00,23.088,,,,,
195,7/25/2020 20:00,23.016,,,,,
196,7/25/2020 21:00,23.04,,,,,
197,7/25/2020 22:00,22.992,,,,,
198,7/25/2020 23:00,22.968,,,,,
199,7/26/2020 0:00,22.968,,,,,
200,7/26/2020 1:00,22.824,,,,,
201,7/26/2020 2:00,22.657,,,,,
202,7/26/2020 3:00,22.465,,,,,
203,7/26/2020 4:00,22.25,,,,,
204,7/26/2020 5:00,22.034,,,,,
205,7/26/2020 6:00,21.819,,,,,
206,7/26/2020 7:00,21.628,,,,,
207,7/26/2020 8:00,21.437,,,,,
208,7/26/2020 9:00,21.366,,,,,
209,7/26/2020 10:00,21.819,,,,,
210,7/26/2020 11:00,22.106,,,,,
211,7/26/2020 12:00,22.321,,,,,
212,7/26/2020 13:00,22.513,,,,,
213,7/26/2020 14:00,22.609,,,,,
214,7/26/2020 15:00,22.896,,,,,
215,7/26/2020 16:00,23.184,,,,,
216,7/26/2020 17:00,23.376,,,,,
217,7/26/2020 18:00,23.304,,,,,
218,7/26/2020 19:00,23.4,,,,,
219,7/26/2020 20:00,23.328,,,,,
220,7/26/2020 21:00,23.4,,,,,
221,7/26/2020 22:00,23.304,,,,,
222,7/26/2020 23:00,23.256,,,,,
223,7/27/2020 0:00,23.184,,,,,
224,7/27/2020 1:00,23.136,,,,,
225,7/27/2020 2:00,22.968,,,,,
226,7/27/2020 3:00,22.8,,,,,
227,7/27/2020 4:00,22.657,,,,,
228,7/27/2020 5:00,22.489,,,,,
229,7/27/2020 6:00,22.274,,,,,
230,7/27/2020 7:00,22.178,,,,,
231,7/27/2020 8:00,22.058,,,,,
232,7/27/2020 9:00,22.106,,,,,
233,7/27/2020 10:00,22.345,,,,,
234,7/27/2020 11:00,22.513,,,,,
235,7/27/2020 12:00,22.824,,,,,
236,7/27/2020 13:00,22.92,,,,,
237,7/27/2020 14:00,23.088,,,,,
238,7/27/2020 15:00,23.112,,,,,
239,7/27/2020 16:00,23.184,,,,,
240,7/27/2020 17:00,23.208,,,,,
241,7/27/2020 18:00,23.184,,,,,
242,7/27/2020 19:00,23.064,,,,,
243,7/27/2020 20:00,23.064,,,,,
244,7/27/2020 21:00,22.992,,,,,
245,7/27/2020 22:00,22.896,,,,,
246,7/27/2020 23:00,22.609,,,,,
247,7/28/2020 0:00,22.489,,,,,
248,7/28/2020 1:00,22.369,,,,,
249,7/28/2020 2:00,22.082,,,,,
250,7/28/2020 3:00,21.843,,,,,
251,7/28/2020 4:00,21.604,,,,,
252,7/28/2020 5:00,21.39,,,,,
253,7/28/2020 6:00,21.175,,,,,
254,7/28/2020 7:00,21.032,,,,,
255,7/28/2020 8:00,20.817,,,,,
256,7/28/2020 9:00,20.793,,,,,
257,7/28/2020 10:00,21.294,,,,,
258,7/28/2020 11:00,21.557,,,,,
259,7/28/2020 12:00,21.772,,,,,
260,7/28/2020 13:00,21.867,,,,,
261,7/28/2020 14:00,22.034,,,,,
262,7/28/2020 15:00,22.369,,,,,
263,7/28/2020 16:00,22.537,,,,,
264,7/28/2020 17:00,22.705,,,,,
265,7/28/2020 18:00,22.753,,,,,
266,7/28/2020 19:00,22.824,,,,,
267,7/28/2020 20:00,22.776,,,,,
268,7/28/2020 21:00,22.824,,,,,
269,7/28/2020 22:00,22.776,,,,,
270,7/28/2020 23:00,22.681,,,,,
271,7/29/2020 0:00,22.729,,,,,
272,7/29/2020 1:00,22.609,,,,,
273,7/29/2020 2:00,22.417,,,,,
274,7/29/2020 3:00,22.25,,,,,
275,7/29/2020 4:00,21.987,,,,,
276,7/29/2020 5:00,21.795,,,,,
277,7/29/2020 6:00,21.557,,,,,
278,7/29/2020 7:00,21.461,,,,,
279,7/29/2020 8:00,21.27,,,,,
280,7/29/2020 9:00,21.175,,,,,
281,7/29/2020 10:00,21.724,,,,,
282,7/29/2020 11:00,21.867,,,,,
283,7/29/2020 12:00,22.25,,,,,
284,7/29/2020 13:00,22.298,,,,,
285,7/29/2020 14:00,22.441,,,,,
286,7/29/2020 15:00,22.753,,,,,
287,7/29/2020 16:00,23.04,,,,,
288,7/29/2020 17:00,23.184,,,,,
289,7/29/2020 18:00,23.232,,,,,
290,7/29/2020 19:00,23.256,,,,,
291,7/29/2020 20:00,23.208,,,,,
292,7/29/2020 21:00,23.208,,,,,
293,7/29/2020 22:00,23.16,,,,,
294,7/29/2020 23:00,23.016,,,,,
295,7/30/2020 0:00,22.824,,,,,
296,7/30/2020 1:00,22.537,,,,,
297,7/30/2020 2:00,22.321,,,,,
298,7/30/2020 3:00,21.987,,,,,
299,7/30/2020 4:00,21.724,,,,,
300,7/30/2020 5:00,21.509,,,,,
301,7/30/2020 6:00,21.27,,,,,
302,7/30/2020 7:00,21.032,,,,,
303,7/30/2020 8:00,20.841,,,,,
304,7/30/2020 9:00,20.627,,,,,
305,7/30/2020 10:00,21.175,,,,,
306,7/30/2020 11:00,21.294,,,,,
307,7/30/2020 12:00,21.652,,,,,
308,7/30/2020 13:00,21.652,,,,,
309,7/30/2020 14:00,21.915,,,,,
310,7/30/2020 15:00,22.298,,,,,
311,7/30/2020 16:00,22.657,,,,,
312,7/30/2020 17:00,22.705,,,,,
313,7/30/2020 18:00,22.776,,,,,
314,7/30/2020 19:00,22.776,,,,,
315,7/30/2020 20:00,22.896,,,,,
316,7/30/2020 21:00,22.729,,,,,
317,7/30/2020 22:00,22.753,,,,,
318,7/30/2020 23:00,22.537,,,,,
319,7/31/2020 0:00,22.345,,,,,
320,7/31/2020 1:00,22.106,,,,,
321,7/31/2020 2:00,21.867,,,,,
322,7/31/2020 3:00,21.628,,,,,
323,7/31/2020 4:00,21.366,,,,,
324,7/31/2020 5:00,21.079,,,,,
325,7/31/2020 6:00,20.865,,,,,
326,7/31/2020 7:00,20.603,,,,,
327,7/31/2020 8:00,20.388,,,,,
328,7/31/2020 9:00,20.246,,,,,
329,7/31/2020 10:00,20.77,,,,,
330,7/31/2020 11:00,20.984,,,,,
331,7/31/2020 12:00,21.246,,,,,
332,7/31/2020 13:00,21.39,,,,,
333,7/31/2020 14:00,21.461,,,,,
334,7/31/2020 15:00,21.819,,,,,
335,7/31/2020 16:00,22.13,,,,,
336,7/31/2020 17:00,22.274,,,,,
337,7/31/2020 18:00,22.321,,,,,
338,7/31/2020 19:00,22.369,,,,,
339,7/31/2020 20:00,22.345,,,,,
340,7/31/2020 21:00,22.345,,,,,
341,7/31/2020 22:00,22.298,,,,,
342,7/31/2020 23:00,22.25,,,,,
343,8/1/2020 0:00,22.011,,,,,
344,8/1/2020 1:00,21.795,,,,,
345,8/1/2020 2:00,21.557,,,,,
346,8/1/2020 3:00,21.318,,,,,
347,8/1/2020 4:00,21.079,,,,,
348,8/1/2020 5:00,20.841,,,,,
349,8/1/2020 6:00,20.603,,,,,
350,8/1/2020 7:00,20.412,,,,,
351,8/1/2020 8:00,20.246,,,,,
352,8/1/2020 9:00,20.126,,,,,
353,8/1/2020 10:00,20.555,,,,,
354,8/1/2020 11:00,20.889,,,,,
355,8/1/2020 12:00,21.151,,,,,
356,8/1/2020 13:00,21.199,,,,,
357,8/1/2020 14:00,21.39,,,,,
358,8/1/2020 15:00,21.724,,,,,
359,8/1/2020 16:00,22.13,,,,,
360,8/1/2020 17:00,22.202,,,,,
361,8/1/2020 18:00,22.298,,,,,
362,8/1/2020 19:00,22.274,,,,,
363,8/1/2020 20:00,22.417,,,,,
364,8/1/2020 21:00,22.274,,,,,
365,8/1/2020 22:00,22.25,,,,,
366,8/1/2020 23:00,22.274,,,,,
367,8/2/2020 0:00,22.154,,,,,
368,8/2/2020 1:00,21.963,,,,,
369,8/2/2020 2:00,21.724,,,,,
370,8/2/2020 3:00,21.485,,,,,
371,8/2/2020 4:00,21.246,,,,,
372,8/2/2020 5:00,21.056,,,,,
373,8/2/2020 6:00,20.841,,,,,
374,8/2/2020 7:00,20.555,,,,,
375,8/2/2020 8:00,20.388,,,,,
376,8/2/2020 9:00,20.246,,,,,
377,8/2/2020 10:00,20.698,,,,,
378,8/2/2020 11:00,21.008,,,,,
379,8/2/2020 12:00,21.366,,,,,
380,8/2/2020 13:00,21.413,,,,,
381,8/2/2020 14:00,21.581,,,,,
382,8/2/2020 15:00,22.011,,,,,
383,8/2/2020 16:00,22.321,,,,,
384,8/2/2020 17:00,22.441,,,,,
385,8/2/2020 18:00,22.513,,,,,
386,8/2/2020 19:00,22.537,,,,,
387,8/2/2020 20:00,22.537,,,,,
388,8/2/2020 21:00,22.465,,,,,
389,8/2/2020 22:00,22.465,,,,,
390,8/2/2020 23:00,22.489,,,,,
391,8/3/2020 0:00,22.25,,,,,
392,8/3/2020 1:00,22.034,,,,,
393,8/3/2020 2:00,21.819,,,,,
394,8/3/2020 3:00,21.533,,,,,
395,8/3/2020 4:00,21.294,,,,,
396,8/3/2020 5:00,21.032,,,,,
397,8/3/2020 6:00,20.77,,,,,
398,8/3/2020 7:00,20.531,,,,,
399,8/3/2020 8:00,20.412,,,,,
400,8/3/2020 9:00,20.222,,,,,
401,8/3/2020 10:00,20.77,,,,,
402,8/3/2020 11:00,20.96,,,,,
403,8/3/2020 12:00,21.246,,,,,
404,8/3/2020 13:00,21.413,,,,,
405,8/3/2020 14:00,21.581,,,,,
406,8/3/2020 15:00,21.963,,,,,
407,8/3/2020 16:00,22.345,,,,,
408,8/3/2020 17:00,22.513,,,,,
409,8/3/2020 18:00,22.657,,,,,
410,8/3/2020 19:00,22.776,,,,,
411,8/3/2020 20:00,22.537,,,,,
412,8/3/2020 21:00,22.537,,,,,
413,8/3/2020 22:00,22.489,,,,,
414,8/3/2020 23:00,22.513,,,,,
415,8/4/2020 0:00,22.298,,,,,
416,8/4/2020 1:00,22.082,,,,,
417,8/4/2020 2:00,21.843,,,,,
418,8/4/2020 3:00,21.581,,,,,
419,8/4/2020 4:00,21.318,,,,,
420,8/4/2020 5:00,21.079,,,,,
421,8/4/2020 6:00,20.817,,,,,
422,8/4/2020 7:00,20.603,,,,,
423,8/4/2020 8:00,20.531,,,,,
424,8/4/2020 9:00,20.341,,,,,
425,8/4/2020 10:00,20.913,,,,,
426,8/4/2020 11:00,21.175,,,,,
427,8/4/2020 12:00,21.485,,,,,
428,8/4/2020 13:00,21.557,,,,,
429,8/4/2020 14:00,21.772,,,,,
430,8/4/2020 15:00,22.106,,,,,
431,8/4/2020 16:00,22.489,,,,,
432,8/4/2020 17:00,22.609,,,,,
433,8/4/2020 18:00,22.705,,,,,
434,8/4/2020 19:00,22.753,,,,,
435,8/4/2020 20:00,22.729,,,,,
436,8/4/2020 21:00,22.681,,,,,
437,8/4/2020 22:00,22.609,,,,,
438,8/4/2020 23:00,22.561,,,,,
439,8/5/2020 0:00,22.489,,,,,
440,8/5/2020 1:00,22.274,,,,,
441,8/5/2020 2:00,22.058,,,,,
442,8/5/2020 3:00,21.867,,,,,
443,8/5/2020 4:00,21.652,,,,,
444,8/5/2020 5:00,21.39,,,,,
445,8/5/2020 6:00,21.199,,,,,
446,8/5/2020 7:00,20.936,,,,,
447,8/5/2020 8:00,20.841,,,,,
448,8/5/2020 9:00,20.722,,,,,
449,8/5/2020 10:00,21.318,,,,,
450,8/5/2020 11:00,21.557,,,,,
451,8/5/2020 12:00,21.772,,,,,
452,8/5/2020 13:00,21.867,,,,,
453,8/5/2020 14:00,22.058,,,,,
454,8/5/2020 15:00,22.441,,,,,
455,8/5/2020 16:00,22.681,,,,,
456,8/5/2020 17:00,22.776,,,,,
457,8/5/2020 18:00,22.968,,,,,
458,8/5/2020 19:00,23.016,,,,,
459,8/5/2020 20:00,22.824,,,,,
460,8/5/2020 21:00,22.8,,,,,
461,8/5/2020 22:00,22.729,,,,,
462,8/5/2020 23:00,22.657,,,,,
463,8/6/2020 0:00,22.441,,,,,
464,8/6/2020 1:00,22.202,,,,,
465,8/6/2020 2:00,21.939,,,,,
466,8/6/2020 3:00,21.724,,,,,
467,8/6/2020 4:00,21.461,,,,,
468,8/6/2020 5:00,21.175,,,,,
469,8/6/2020 6:00,20.96,,,,,
470,8/6/2020 7:00,20.698,,,,,
471,8/6/2020 8:00,20.531,,,,,
472,8/6/2020 9:00,20.388,,,,,
473,8/6/2020 10:00,20.865,,,,,
474,8/6/2020 11:00,21.056,,,,,
475,8/6/2020 12:00,21.151,,,,,
476,8/6/2020 13:00,21.366,,,,,
477,8/6/2020 14:00,21.461,,,,,
478,8/6/2020 15:00,21.604,,,,,
479,8/6/2020 16:00,21.604,,,,,
480,8/6/2020 17:00,21.628,,,,,
481,8/6/2020 18:00,21.676,,,,,
482,8/6/2020 19:00,21.676,,,,,
483,8/6/2020 20:00,21.652,,,,,
484,8/6/2020 21:00,21.581,,,,,
485,8/6/2020 22:00,21.485,,,,,
486,8/6/2020 23:00,21.27,,,,,
487,8/7/2020 0:00,21.056,,,,,
488,8/7/2020 1:00,20.817,,,,,
489,8/7/2020 2:00,20.579,,,,,
490,8/7/2020 3:00,20.317,,,,,
491,8/7/2020 4:00,20.103,,,,,
492,8/7/2020 5:00,19.888,,,,,
493,8/7/2020 6:00,19.603,,,,,
494,8/7/2020 7:00,19.389,,,,,
495,8/7/2020 8:00,19.199,,,,,
496,8/7/2020 9:00,19.032,,,,,
497,8/7/2020 10:00,19.603,,,,,
498,8/7/2020 11:00,19.793,,,,,
499,8/7/2020 12:00,20.174,,,,,
500,8/7/2020 13:00,20.246,,,,,
501,8/7/2020 14:00,20.46,,,,,
502,8/7/2020 15:00,20.793,,,,,
503,8/7/2020 16:00,21.175,,,,,
504,8/7/2020 17:00,21.318,,,,,
505,8/7/2020 18:00,21.39,,,,,
506,8/7/2020 19:00,21.413,,,,,
507,8/7/2020 20:00,21.413,,,,,
508,8/7/2020 21:00,21.39,,,,,
509,8/7/2020 22:00,21.39,,,,,
510,8/7/2020 23:00,21.39,,,,,
511,8/8/2020 0:00,21.223,,,,,
512,8/8/2020 1:00,20.936,,,,,
513,8/8/2020 2:00,20.722,,,,,
514,8/8/2020 3:00,20.412,,,,,
515,8/8/2020 4:00,20.198,,,,,
516,8/8/2020 5:00,19.888,,,,,
517,8/8/2020 6:00,19.651,,,,,
518,8/8/2020 7:00,19.436,,,,,
519,8/8/2020 8:00,19.246,,,,,
520,8/8/2020 9:00,19.103,,,,,
521,8/8/2020 10:00,19.722,,,,,
522,8/8/2020 11:00,19.888,,,,,
523,8/8/2020 12:00,20.246,,,,,
524,8/8/2020 13:00,20.341,,,,,
525,8/8/2020 14:00,20.484,,,,,
526,8/8/2020 15:00,20.817,,,,,
527,8/8/2020 16:00,21.223,,,,,
528,8/8/2020 17:00,21.39,,,,,
529,8/8/2020 18:00,21.437,,,,,
530,8/8/2020 19:00,21.509,,,,,
531,8/8/2020 20:00,21.461,,,,,
532,8/8/2020 21:00,21.461,,,,,
533,8/8/2020 22:00,21.461,,,,,
534,8/8/2020 23:00,21.437,,,,,
535,8/9/2020 0:00,21.39,,,,,
536,8/9/2020 1:00,21.27,,,,,
537,8/9/2020 2:00,21.079,,,,,
538,8/9/2020 3:00,20.817,,,,,
539,8/9/2020 4:00,20.627,,,,,
540,8/9/2020 5:00,20.412,,,,,
541,8/9/2020 6:00,20.15,,,,,
542,8/9/2020 7:00,19.96,,,,,
543,8/9/2020 8:00,19.841,,,,,
544,8/9/2020 9:00,19.722,,,,,
545,8/9/2020 10:00,20.293,,,,,
546,8/9/2020 11:00,20.531,,,,,
547,8/9/2020 12:00,20.841,,,,,
548,8/9/2020 13:00,20.936,,,,,
549,8/9/2020 14:00,21.127,,,,,
550,8/9/2020 15:00,21.461,,,,,
551,8/9/2020 16:00,21.867,,,,,
552,8/9/2020 17:00,22.011,,,,,
553,8/9/2020 18:00,22.082,,,,,
554,8/9/2020 19:00,22.274,,,,,
555,8/9/2020 20:00,22.13,,,,,
556,8/9/2020 21:00,22.058,,,,,
557,8/9/2020 22:00,22.106,,,,,
558,8/9/2020 23:00,22.034,,,,,
559,8/10/2020 0:00,22.011,,,,,
560,8/10/2020 1:00,21.843,,,,,
561,8/10/2020 2:00,21.7,,,,,
562,8/10/2020 3:00,21.485,,,,,
563,8/10/2020 4:00,21.246,,,,,
564,8/10/2020 5:00,21.032,,,,,
565,8/10/2020 6:00,20.841,,,,,
566,8/10/2020 7:00,20.555,,,,,
567,8/10/2020 8:00,20.436,,,,,
568,8/10/2020 9:00,20.317,,,,,
569,8/10/2020 10:00,20.77,,,,,
570,8/10/2020 11:00,20.936,,,,,
571,8/10/2020 12:00,21.413,,,,,
572,8/10/2020 13:00,21.509,,,,,
573,8/10/2020 14:00,21.628,,,,,
574,8/10/2020 15:00,22.058,,,,,
575,8/10/2020 16:00,22.321,,,,,
576,8/10/2020 17:00,22.345,,,,,
577,8/10/2020 18:00,22.513,,,,,
578,8/10/2020 19:00,22.609,,,,,
579,8/10/2020 20:00,22.585,,,,,
580,8/10/2020 21:00,22.465,,,,,
581,8/10/2020 22:00,22.441,,,,,
582,8/10/2020 23:00,22.417,,,,,
583,8/11/2020 0:00,22.417,,,,,
584,8/11/2020 1:00,22.298,,,,,
585,8/11/2020 2:00,22.13,,,,,
586,8/11/2020 3:00,21.915,,,,,
587,8/11/2020 4:00,21.7,,,,,
588,8/11/2020 5:00,21.461,,,,,
589,8/11/2020 6:00,21.27,,,,,
590,8/11/2020 7:00,21.032,,,,,
591,8/11/2020 8:00,20.913,,,,,
592,8/11/2020 9:00,20.793,,,,,
593,8/11/2020 10:00,21.27,,,,,
594,8/11/2020 11:00,21.676,,,,,
595,8/11/2020 12:00,21.843,,,,,
596,8/11/2020 13:00,21.987,,,,,
597,8/11/2020 14:00,22.202,,,,,
598,8/11/2020 15:00,22.561,,,,,
599,8/11/2020 16:00,22.944,,,,,
600,8/11/2020 17:00,23.112,,,,,
601,8/11/2020 18:00,23.136,,,,,
602,8/11/2020 19:00,23.16,,,,,
603,8/11/2020 20:00,23.088,,,,,
604,8/11/2020 21:00,23.04,,,,,
605,8/11/2020 22:00,23.016,,,,,
606,8/11/2020 23:00,22.944,,,,,
607,8/12/2020 0:00,22.776,,,,,
608,8/12/2020 1:00,22.561,,,,,
609,8/12/2020 2:00,22.321,,,,,
610,8/12/2020 3:00,22.011,,,,,
611,8/12/2020 4:00,21.7,,,,,
612,8/12/2020 5:00,21.437,,,,,
613,8/12/2020 6:00,21.223,,,,,
614,8/12/2020 7:00,20.984,,,,,
615,8/12/2020 8:00,20.746,,,,,
616,8/12/2020 9:00,20.579,,,,,
617,8/12/2020 10:00,20.865,,,,,
618,8/12/2020 11:00,21.223,,,,,
619,8/12/2020 12:00,21.509,,,,,
620,8/12/2020 13:00,21.413,,,,,
621,8/12/2020 14:00,21.628,,,,,
622,8/12/2020 15:00,22.034,,,,,
623,8/12/2020 16:00,22.417,,,,,
624,8/12/2020 17:00,22.633,,,,,
625,8/12/2020 18:00,22.681,,,,,
626,8/12/2020 19:00,22.681,,,,,
627,8/12/2020 20:00,22.633,,,,,
628,8/12/2020 21:00,22.585,,,,,
629,8/12/2020 22:00,22.465,,,,,
630,8/12/2020 23:00,22.298,,,,,
631,8/13/2020 0:00,22.011,,,,,
632,8/13/2020 1:00,21.724,,,,,
633,8/13/2020 2:00,21.437,,,,,
634,8/13/2020 3:00,21.199,,,,,
635,8/13/2020 4:00,20.96,,,,,
636,8/13/2020 5:00,20.65,,,,,
637,8/13/2020 6:00,20.412,,,,,
638,8/13/2020 7:00,20.174,,,,,
639,8/13/2020 8:00,19.912,,,,,
640,8/13/2020 9:00,19.817,,,,,
641,8/13/2020 10:00,20.126,,,,,
642,8/13/2020 11:00,20.65,,,,,
643,8/13/2020 12:00,20.865,,,,,
644,8/13/2020 13:00,20.96,,,,,
645,8/13/2020 14:00,21.246,,,,,
646,8/13/2020 15:00,21.652,,,,,
647,8/13/2020 16:00,22.034,,,,,
648,8/13/2020 17:00,22.25,,,,,
649,8/13/2020 18:00,22.321,,,,,
650,8/13/2020 19:00,22.298,,,,,
651,8/13/2020 20:00,22.298,,,,,
652,8/13/2020 21:00,22.25,,,,,
653,8/13/2020 22:00,22.202,,,,,
654,8/13/2020 23:00,22.034,,,,,
655,8/14/2020 0:00,21.819,,,,,
656,8/14/2020 1:00,21.533,,,,,
657,8/14/2020 2:00,21.246,,,,,
658,8/14/2020 3:00,20.96,,,,,
659,8/14/2020 4:00,20.722,,,,,
660,8/14/2020 5:00,20.436,,,,,
661,8/14/2020 6:00,20.198,,,,,
662,8/14/2020 7:00,19.96,,,,,
663,8/14/2020 8:00,19.77,,,,,
664,8/14/2020 9:00,19.627,,,,,
665,8/14/2020 10:00,20.007,,,,,
666,8/14/2020 11:00,20.484,,,,,
667,8/14/2020 12:00,20.889,,,,,
668,8/14/2020 13:00,20.913,,,,,
669,8/14/2020 14:00,21.151,,,,,
670,8/14/2020 15:00,21.628,,,,,
671,8/14/2020 16:00,21.939,,,,,
672,8/14/2020 17:00,22.13,,,,,
673,8/14/2020 18:00,22.202,,,,,
674,8/14/2020 19:00,22.202,,,,,
675,8/14/2020 20:00,22.178,,,,,
676,8/14/2020 21:00,22.13,,,,,
677,8/14/2020 22:00,22.106,,,,,
678,8/14/2020 23:00,22.106,,,,,
679,8/15/2020 0:00,22.011,,,,,
680,8/15/2020 1:00,21.867,,,,,
681,8/15/2020 2:00,21.652,,,,,
682,8/15/2020 3:00,21.437,,,,,
683,8/15/2020 4:00,21.223,,,,,
684,8/15/2020 5:00,21.008,,,,,
685,8/15/2020 6:00,20.793,,,,,
686,8/15/2020 7:00,20.555,,,,,
687,8/15/2020 8:00,20.436,,,,,
688,8/15/2020 9:00,20.317,,,,,
689,8/15/2020 10:00,20.603,,,,,
690,8/15/2020 11:00,21.223,,,,,
691,8/15/2020 12:00,21.628,,,,,
692,8/15/2020 13:00,21.748,,,,,
693,8/15/2020 14:00,21.939,,,,,
694,8/15/2020 15:00,22.393,,,,,
695,8/15/2020 16:00,22.8,,,,,
696,8/15/2020 17:00,22.92,,,,,
697,8/15/2020 18:00,22.944,,,,,
698,8/15/2020 19:00,22.992,,,,,
699,8/15/2020 20:00,22.92,,,,,
700,8/15/2020 21:00,22.992,,,,,
701,8/15/2020 22:00,22.896,,,,,
702,8/15/2020 23:00,22.848,,,,,
703,8/16/2020 0:00,22.729,,,,,
704,8/16/2020 1:00,22.561,,,,,
705,8/16/2020 2:00,22.369,,,,,
706,8/16/2020 3:00,22.13,,,,,
707,8/16/2020 4:00,21.891,,,,,
708,8/16/2020 5:00,21.7,,,,,
709,8/16/2020 6:00,21.485,,,,,
710,8/16/2020 7:00,21.246,,,,,
711,8/16/2020 8:00,21.103,,,,,
712,8/16/2020 9:00,21.056,,,,,
713,8/16/2020 10:00,21.032,,,,,
714,8/16/2020 11:00,20.913,,,,,
715,8/16/2020 12:00,21.032,,,,,
716,8/16/2020 13:00,21.151,,,,,
717,8/16/2020 14:00,21.437,,,,,
718,8/16/2020 15:00,21.748,,,,,
719,8/16/2020 16:00,22.082,,,,,
720,8/16/2020 17:00,22.154,,,,,
721,8/16/2020 18:00,22.274,,,,,
722,8/16/2020 19:00,22.25,,,,,
723,8/16/2020 20:00,22.154,,,,,
724,8/16/2020 21:00,21.987,,,,,
725,8/16/2020 22:00,21.867,,,,,
726,8/16/2020 23:00,21.652,,,,,
727,8/17/2020 0:00,21.461,,,,,
728,8/17/2020 1:00,21.27,,,,,
729,8/17/2020 2:00,21.032,,,,,
730,8/17/2020 3:00,20.865,,,,,
731,8/17/2020 4:00,20.627,,,,,
732,8/17/2020 5:00,20.436,,,,,
733,8/17/2020 6:00,20.222,,,,,
734,8/17/2020 7:00,20.055,,,,,
735,8/17/2020 8:00,19.912,,,,,
736,8/17/2020 9:00,19.865,,,,,
737,8/17/2020 10:00,19.912,,,,,
738,8/17/2020 11:00,20.079,,,,,
739,8/17/2020 12:00,20.507,,,,,
740,8/17/2020 13:00,20.627,,,,,
741,8/17/2020 14:00,20.698,,,,,
742,8/17/2020 15:00,20.579,,,,,
743,8/17/2020 16:00,20.746,,,,,
744,8/17/2020 17:00,20.865,,,,,
745,8/17/2020 18:00,20.865,,,,,
746,8/17/2020 19:00,20.817,,,,,
747,8/17/2020 20:00,20.722,,,,,
748,8/17/2020 21:00,20.603,,,,,
749,8/17/2020 22:00,20.46,,,,,
750,8/17/2020 23:00,20.246,,,,,
751,8/18/2020 0:00,20.174,,,,,
752,8/18/2020 1:00,19.96,,,,,
753,8/18/2020 2:00,19.722,,,,,
754,8/18/2020 3:00,19.579,,,,,
755,8/18/2020 4:00,19.436,,,,,
756,8/18/2020 5:00,19.365,,,,,
757,8/18/2020 6:00,19.246,,,,,
758,8/18/2020 7:00,19.151,,,,,
759,8/18/2020 8:00,19.103,,,,,
760,8/18/2020 9:00,19.175,,,,,
761,8/18/2020 10:00,19.318,,,,,
762,8/18/2020 11:00,19.77,,,,,
763,8/18/2020 12:00,20.341,,,,,
764,8/18/2020 13:00,20.293,,,,,
765,8/18/2020 14:00,20.531,,,,,
766,8/18/2020 15:00,20.96,,,,,
767,8/18/2020 16:00,21.318,,,,,
768,8/18/2020 17:00,21.533,,,,,
769,8/18/2020 18:00,21.604,,,,,
770,8/18/2020 19:00,21.604,,,,,
771,8/18/2020 20:00,21.533,,,,,
772,8/18/2020 21:00,21.557,,,,,
773,8/18/2020 22:00,21.533,,,,,
774,8/18/2020 23:00,21.533,,,,,
775,8/19/2020 0:00,21.485,,,,,
776,8/19/2020 1:00,21.413,,,,,
777,8/19/2020 2:00,21.246,,,,,
778,8/19/2020 3:00,21.032,,,,,
779,8/19/2020 4:00,20.817,,,,,
780,8/19/2020 5:00,20.579,,,,,
781,8/19/2020 6:00,20.341,,,,,
782,8/19/2020 7:00,20.126,,,,,
783,8/19/2020 8:00,19.936,,,,,
784,8/19/2020 9:00,19.888,,,,,
785,8/19/2020 10:00,19.936,,,,,
786,8/19/2020 11:00,20.246,,,,,
787,8/19/2020 12:00,20.436,,,,,
788,8/19/2020 13:00,20.77,,,,,
789,8/19/2020 14:00,20.936,,,,,
790,8/19/2020 15:00,21.342,,,,,
791,8/19/2020 16:00,21.795,,,,,
792,8/19/2020 17:00,22.106,,,,,
793,8/19/2020 18:00,22.082,,,,,
794,8/19/2020 19:00,22.058,,,,,
795,8/19/2020 20:00,22.058,,,,,
796,8/19/2020 21:00,21.963,,,,,
797,8/19/2020 22:00,21.748,,,,,
798,8/19/2020 23:00,21.485,,,,,
799,8/20/2020 0:00,21.127,,,,,
800,8/20/2020 1:00,20.698,,,,,
801,8/20/2020 2:00,20.365,,,,,
802,8/20/2020 3:00,20.055,,,,,
803,8/20/2020 4:00,19.746,,,,,
804,8/20/2020 5:00,19.508,,,,,
805,8/20/2020 6:00,19.246,,,,,
806,8/20/2020 7:00,18.961,,,,,
807,8/20/2020 8:00,18.723,,,,,
808,8/20/2020 9:00,18.628,,,,,
809,8/20/2020 10:00,18.604,,,,,
810,8/20/2020 11:00,19.341,,,,,
811,8/20/2020 12:00,19.627,,,,,
812,8/20/2020 13:00,19.746,,,,,
813,8/20/2020 14:00,19.984,,,,,
814,8/20/2020 15:00,20.436,,,,,
815,8/20/2020 16:00,21.032,,,,,
816,8/20/2020 17:00,21.127,,,,,
817,8/20/2020 18:00,21.318,,,,,
818,8/20/2020 19:00,21.246,,,,,
819,8/20/2020 20:00,21.27,,,,,
820,8/20/2020 21:00,21.199,,,,,
821,8/20/2020 22:00,21.175,,,,,
822,8/20/2020 23:00,21.056,,,,,
823,8/21/2020 0:00,20.817,,,,,
824,8/21/2020 1:00,20.579,,,,,
825,8/21/2020 2:00,20.341,,,,,
826,8/21/2020 3:00,20.103,,,,,
827,8/21/2020 4:00,19.77,,,,,
828,8/21/2020 5:00,19.532,,,,,
829,8/21/2020 6:00,19.199,,,,,
830,8/21/2020 7:00,18.913,,,,,
831,8/21/2020 8:00,18.747,,,,,
832,8/21/2020 9:00,18.557,,,,,
833,8/21/2020 10:00,18.604,,,,,
834,8/21/2020 11:00,19.436,,,,,
835,8/21/2020 12:00,19.746,,,,,
836,8/21/2020 13:00,19.888,,,,,
837,8/21/2020 14:00,20.198,,,,,
838,8/21/2020 15:00,20.722,,,,,
839,8/21/2020 16:00,21.127,,,,,
840,8/21/2020 17:00,21.294,,,,,
841,8/21/2020 18:00,21.39,,,,,
842,8/21/2020 19:00,21.485,,,,,
843,8/21/2020 20:00,21.39,,,,,
844,8/21/2020 21:00,21.413,,,,,
845,8/21/2020 22:00,21.413,,,,,
846,8/21/2020 23:00,21.366,,,,,
847,8/22/2020 0:00,21.199,,,,,
848,8/22/2020 1:00,20.96,,,,,
849,8/22/2020 2:00,20.674,,,,,
850,8/22/2020 3:00,20.412,,,,,
851,8/22/2020 4:00,20.103,,,,,
852,8/22/2020 5:00,19.817,,,,,
853,8/22/2020 6:00,19.579,,,,,
854,8/22/2020 7:00,19.341,,,,,
855,8/22/2020 8:00,19.127,,,,,
856,8/22/2020 9:00,19.056,,,,,
857,8/22/2020 10:00,19.151,,,,,
858,8/22/2020 11:00,19.722,,,,,
859,8/22/2020 12:00,20.055,,,,,
860,8/22/2020 13:00,20.103,,,,,
861,8/22/2020 14:00,20.46,,,,,
862,8/22/2020 15:00,20.817,,,,,
863,8/22/2020 16:00,21.175,,,,,
864,8/22/2020 17:00,21.318,,,,,
865,8/22/2020 18:00,21.342,,,,,
866,8/22/2020 19:00,21.366,,,,,
867,8/22/2020 20:00,21.318,,,,,
868,8/22/2020 21:00,21.294,,,,,
869,8/22/2020 22:00,21.27,,,,,
870,8/22/2020 23:00,21.127,,,,,
871,8/23/2020 0:00,20.936,,,,,
872,8/23/2020 1:00,20.674,,,,,
873,8/23/2020 2:00,20.46,,,,,
874,8/23/2020 3:00,20.222,,,,,
875,8/23/2020 4:00,19.936,,,,,
876,8/23/2020 5:00,19.722,,,,,
877,8/23/2020 6:00,19.484,,,,,
878,8/23/2020 7:00,19.27,,,,,
879,8/23/2020 8:00,19.08,,,,,
880,8/23/2020 9:00,19.008,,,,,
881,8/23/2020 10:00,19.08,,,,,
882,8/23/2020 11:00,19.532,,,,,
883,8/23/2020 12:00,19.912,,,,,
884,8/23/2020 13:00,20.055,,,,,
885,8/23/2020 14:00,20.341,,,,,
886,8/23/2020 15:00,20.674,,,,,
887,8/23/2020 16:00,20.984,,,,,
888,8/23/2020 17:00,21.079,,,,,
889,8/23/2020 18:00,21.175,,,,,
890,8/23/2020 19:00,21.223,,,,,
891,8/23/2020 20:00,21.151,,,,,
892,8/23/2020 21:00,21.103,,,,,
893,8/23/2020 22:00,21.103,,,,,
894,8/23/2020 23:00,20.96,,,,,
895,8/24/2020 0:00,20.793,,,,,
896,8/24/2020 1:00,20.579,,,,,
897,8/24/2020 2:00,20.341,,,,,
898,8/24/2020 3:00,20.079,,,,,
899,8/24/2020 4:00,19.841,,,,,
900,8/24/2020 5:00,19.651,,,,,
901,8/24/2020 6:00,19.436,,,,,
902,8/24/2020 7:00,19.294,,,,,
903,8/24/2020 8:00,19.222,,,,,
904,8/24/2020 9:00,19.199,,,,,
905,8/24/2020 10:00,19.199,,,,,
906,8/24/2020 11:00,19.199,,,,,
907,8/24/2020 12:00,19.413,,,,,
908,8/24/2020 13:00,19.722,,,,,
909,8/24/2020 14:00,19.841,,,,,
910,8/24/2020 15:00,20.031,,,,,
911,8/24/2020 16:00,20.269,,,,,
912,8/24/2020 17:00,20.436,,,,,
913,8/24/2020 18:00,20.531,,,,,
914,8/24/2020 19:00,20.507,,,,,
915,8/24/2020 20:00,20.46,,,,,
916,8/24/2020 21:00,20.46,,,,,
917,8/24/2020 22:00,20.436,,,,,
918,8/24/2020 23:00,20.341,,,,,
919,8/25/2020 0:00,20.198,,,,,
920,8/25/2020 1:00,20.055,,,,,
921,8/25/2020 2:00,19.888,,,,,
922,8/25/2020 3:00,19.674,,,,,
923,8/25/2020 4:00,19.484,,,,,
924,8/25/2020 5:00,19.246,,,,,
925,8/25/2020 6:00,19.008,,,,,
926,8/25/2020 7:00,18.794,,,,,
927,8/25/2020 8:00,18.604,,,,,
928,8/25/2020 9:00,18.557,,,,,
929,8/25/2020 10:00,18.604,,,,,
930,8/25/2020 11:00,19.103,,,,,
931,8/25/2020 12:00,19.365,,,,,
932,8/25/2020 13:00,19.508,,,,,
933,8/25/2020 14:00,19.77,,,,,
934,8/25/2020 15:00,20.103,,,,,
935,8/25/2020 16:00,20.436,,,,,
936,8/25/2020 17:00,20.579,,,,,
937,8/25/2020 18:00,20.698,,,,,
938,8/25/2020 19:00,20.722,,,,,
939,8/25/2020 20:00,20.722,,,,,
940,8/25/2020 21:00,20.674,,,,,
941,8/25/2020 22:00,20.65,,,,,
942,8/25/2020 23:00,20.579,,,,,
943,8/26/2020 0:00,20.412,,,,,
944,8/26/2020 1:00,20.174,,,,,
945,8/26/2020 2:00,19.936,,,,,
946,8/26/2020 3:00,19.698,,,,,
947,8/26/2020 4:00,19.436,,,,,
948,8/26/2020 5:00,19.222,,,,,
949,8/26/2020 6:00,18.961,,,,,
950,8/26/2020 7:00,18.723,,,,,
951,8/26/2020 8:00,18.58,,,,,
952,8/26/2020 9:00,18.557,,,,,
953,8/26/2020 10:00,18.675,,,,,
954,8/26/2020 11:00,18.866,,,,,
955,8/26/2020 12:00,19.246,,,,,
956,8/26/2020 13:00,19.436,,,,,
957,8/26/2020 14:00,19.698,,,,,
958,8/26/2020 15:00,20.055,,,,,
959,8/26/2020 16:00,20.15,,,,,
960,8/26/2020 17:00,20.269,,,,,
961,8/26/2020 18:00,20.341,,,,,
962,8/26/2020 19:00,20.365,,,,,
963,8/26/2020 20:00,20.293,,,,,
964,8/26/2020 21:00,20.293,,,,,
965,8/26/2020 22:00,20.269,,,,,
966,8/26/2020 23:00,20.222,,,,,
967,8/27/2020 0:00,20.055,,,,,
968,8/27/2020 1:00,19.888,,,,,
969,8/27/2020 2:00,19.651,,,,,
970,8/27/2020 3:00,19.413,,,,,
971,8/27/2020 4:00,19.175,,,,,
972,8/27/2020 5:00,18.913,,,,,
973,8/27/2020 6:00,18.675,,,,,
974,8/27/2020 7:00,18.438,,,,,
975,8/27/2020 8:00,18.247,,,,,
976,8/27/2020 9:00,18.2,,,,,
977,8/27/2020 10:00,18.295,,,,,
978,8/27/2020 11:00,18.866,,,,,
979,8/27/2020 12:00,19.199,,,,,
980,8/27/2020 13:00,19.46,,,,,
981,8/27/2020 14:00,19.817,,,,,
982,8/27/2020 15:00,20.269,,,,,
983,8/27/2020 16:00,20.674,,,,,
984,8/27/2020 17:00,20.746,,,,,
985,8/27/2020 18:00,20.841,,,,,
986,8/27/2020 19:00,20.841,,,,,
987,8/27/2020 20:00,20.817,,,,,
988,8/27/2020 21:00,20.817,,,,,
989,8/27/2020 22:00,20.77,,,,,
990,8/27/2020 23:00,20.722,,,,,
991,8/28/2020 0:00,20.555,,,,,
992,8/28/2020 1:00,20.317,,,,,
993,8/28/2020 2:00,20.079,,,,,
994,8/28/2020 3:00,19.817,,,,,
995,8/28/2020 4:00,19.555,,,,,
996,8/28/2020 5:00,19.294,,,,,
997,8/28/2020 6:00,18.985,,,,,
998,8/28/2020 7:00,18.699,,,,,
999,8/28/2020 8:00,18.461,,,,,
1000,8/28/2020 9:00,18.366,,,,,
1001,8/28/2020 10:00,18.343,,,,,
1002,8/28/2020 11:00,18.961,,,,,
1003,8/28/2020 12:00,19.365,,,,,
1004,8/28/2020 13:00,19.508,,,,,
1005,8/28/2020 14:00,19.865,,,,,
1006,8/28/2020 15:00,20.293,,,,,
1007,8/28/2020 16:00,20.722,,,,,
1008,8/28/2020 17:00,20.936,,,,,
1009,8/28/2020 18:00,20.96,,,,,
1010,8/28/2020 19:00,20.984,,,,,
1011,8/28/2020 20:00,20.96,,,,,
1012,8/28/2020 21:00,20.96,,,,,
1013,8/28/2020 22:00,20.96,,,,,
1014,8/28/2020 23:00,20.865,,,,,
1015,8/29/2020 0:00,20.722,,,,,
1016,8/29/2020 1:00,20.531,,,,,
1017,8/29/2020 2:00,20.222,,,,,
1018,8/29/2020 3:00,19.984,,,,,
1019,8/29/2020 4:00,19.698,,,,,
1020,8/29/2020 5:00,19.413,,,,,
1021,8/29/2020 6:00,19.103,,,,,
1022,8/29/2020 7:00,18.842,,,,,
1023,8/29/2020 8:00,18.675,,,,,
1024,8/29/2020 9:00,18.557,,,,,
1025,8/29/2020 10:00,18.604,,,,,
1026,8/29/2020 11:00,18.889,,,,,
1027,8/29/2020 12:00,19.246,,,,,
1028,8/29/2020 13:00,19.46,,,,,
1029,8/29/2020 14:00,19.746,,,,,
1030,8/29/2020 15:00,20.15,,,,,
1031,8/29/2020 16:00,20.555,,,,,
1032,8/29/2020 17:00,20.698,,,,,
1033,8/29/2020 18:00,20.793,,,,,
1034,8/29/2020 19:00,20.793,,,,,
1035,8/29/2020 20:00,20.817,,,,,
1036,8/29/2020 21:00,20.793,,,,,
1037,8/29/2020 22:00,20.77,,,,,
1038,8/29/2020 23:00,20.722,,,,,
1039,8/30/2020 0:00,20.507,,,,,
1040,8/30/2020 1:00,20.293,,,,,
1041,8/30/2020 2:00,20.007,,,,,
1042,8/30/2020 3:00,19.698,,,,,
1043,8/30/2020 4:00,19.365,,,,,
1044,8/30/2020 5:00,19.056,,,,,
1045,8/30/2020 6:00,18.699,,,,,
1046,8/30/2020 7:00,18.438,,,,,
1047,8/30/2020 8:00,18.152,,,,,
1048,8/30/2020 9:00,17.915,,,,,
1049,8/30/2020 10:00,17.843,,,,,
1050,8/30/2020 11:00,18.414,,,,,
1051,8/30/2020 12:00,18.889,,,,,
1052,8/30/2020 13:00,19.08,,,,,
1053,8/30/2020 14:00,19.508,,,,,
1054,8/30/2020 15:00,20.031,,,,,
1055,8/30/2020 16:00,20.46,,,,,
1056,8/30/2020 17:00,20.555,,,,,
1057,8/30/2020 18:00,20.674,,,,,
1058,8/30/2020 19:00,20.722,,,,,
1059,8/30/2020 20:00,20.722,,,,,
1060,8/30/2020 21:00,20.698,,,,,
1061,8/30/2020 22:00,20.674,,,,,
1062,8/30/2020 23:00,20.507,,,,,
1063,8/31/2020 0:00,20.222,,,,,
1064,8/31/2020 1:00,19.888,,,,,
1065,8/31/2020 2:00,19.579,,,,,
1066,8/31/2020 3:00,19.27,,,,,
1067,8/31/2020 4:00,18.985,,,,,
1068,8/31/2020 5:00,18.628,,,,,
1069,8/31/2020 6:00,18.295,,,,,
1070,8/31/2020 7:00,17.986,,,,,
1071,8/31/2020 8:00,17.677,,,,,
1072,8/31/2020 9:00,17.51,,,,,
1073,8/31/2020 10:00,17.463,,,,,
1074,8/31/2020 11:00,18.057,,,,,
1075,8/31/2020 12:00,18.485,,,,,
1076,8/31/2020 13:00,18.675,,,,,
1077,8/31/2020 14:00,19.127,,,,,
1078,8/31/2020 15:00,19.651,,,,,
1079,8/31/2020 16:00,20.055,,,,,
1080,8/31/2020 17:00,20.126,,,,,
1081,8/31/2020 18:00,20.246,,,,,
1082,8/31/2020 19:00,20.293,,,,,
1083,8/31/2020 20:00,20.293,,,,,
1084,8/31/2020 21:00,20.317,,,,,
1085,8/31/2020 22:00,20.293,,,,,
1086,8/31/2020 23:00,20.222,,,,,
1087,9/1/2020 0:00,20.055,,,,,
1088,9/1/2020 1:00,19.841,,,,,
1089,9/1/2020 2:00,19.627,,,,,
1090,9/1/2020 3:00,19.341,,,,,
1091,9/1/2020 4:00,18.985,,,,,
1092,9/1/2020 5:00,18.675,,,,,
1093,9/1/2020 6:00,18.343,,,,,
1094,9/1/2020 7:00,18.01,,,,,
1095,9/1/2020 8:00,17.724,,,,,
1096,9/1/2020 9:00,17.51,,,,,
1097,9/1/2020 10:00,17.368,,,,,
1098,9/1/2020 11:00,18.081,,,,,
1099,9/1/2020 12:00,18.438,,,,,
1100,9/1/2020 13:00,18.604,,,,,
1101,9/1/2020 14:00,19.056,,,,,
1102,9/1/2020 15:00,19.579,,,,,
1103,9/1/2020 16:00,20.15,,,,,
1104,9/1/2020 17:00,20.365,,,,,
1105,9/1/2020 18:00,20.269,,,,,
1106,9/1/2020 19:00,20.365,,,,,
1107,9/1/2020 20:00,20.365,,,,,
1108,9/1/2020 21:00,20.365,,,,,
1109,9/1/2020 22:00,20.341,,,,,
1110,9/1/2020 23:00,20.341,,,,,
1111,9/2/2020 0:00,20.198,,,,,
1112,9/2/2020 1:00,20.007,,,,,
1113,9/2/2020 2:00,19.817,,,,,
1114,9/2/2020 3:00,19.579,,,,,
1115,9/2/2020 4:00,19.341,,,,,
1116,9/2/2020 5:00,19.08,,,,,
1117,9/2/2020 6:00,18.747,,,,,
1118,9/2/2020 7:00,18.461,,,,,
1119,9/2/2020 8:00,18.247,,,,,
1120,9/2/2020 9:00,18.057,,,,,
1121,9/2/2020 10:00,18.057,,,,,
1122,9/2/2020 11:00,18.842,,,,,
1123,9/2/2020 12:00,19.222,,,,,
1124,9/2/2020 13:00,19.341,,,,,
1125,9/2/2020 14:00,19.722,,,,,
1126,9/2/2020 15:00,20.341,,,,,
1127,9/2/2020 16:00,20.746,,,,,
1128,9/2/2020 17:00,20.889,,,,,
1129,9/2/2020 18:00,20.936,,,,,
1130,9/2/2020 19:00,20.96,,,,,
1131,9/2/2020 20:00,20.984,,,,,
1132,9/2/2020 21:00,21.008,,,,,
1133,9/2/2020 22:00,20.96,,,,,
1134,9/2/2020 23:00,20.936,,,,,
1135,9/3/2020 0:00,20.817,,,,,
1136,9/3/2020 1:00,20.65,,,,,
1137,9/3/2020 2:00,20.46,,,,,
1138,9/3/2020 3:00,20.222,,,,,
1139,9/3/2020 4:00,20.007,,,,,
1140,9/3/2020 5:00,19.746,,,,,
1141,9/3/2020 6:00,19.484,,,,,
1142,9/3/2020 7:00,19.246,,,,,
1143,9/3/2020 8:00,19.008,,,,,
1144,9/3/2020 9:00,18.866,,,,,
1145,9/3/2020 10:00,18.794,,,,,
1146,9/3/2020 11:00,19.532,,,,,
1147,9/3/2020 12:00,19.912,,,,,
1148,9/3/2020 13:00,20.031,,,,,
1149,9/3/2020 14:00,20.46,,,,,
1150,9/3/2020 15:00,21.008,,,,,
1151,9/3/2020 16:00,21.413,,,,,
1152,9/3/2020 17:00,21.509,,,,,
1153,9/3/2020 18:00,21.557,,,,,
1154,9/3/2020 19:00,21.604,,,,,
1155,9/3/2020 20:00,21.604,,,,,
1156,9/3/2020 21:00,21.604,,,,,
1157,9/3/2020 22:00,21.604,,,,,
1158,9/3/2020 23:00,21.581,,,,,
1159,9/4/2020 0:00,21.485,,,,,
1160,9/4/2020 1:00,21.27,,,,,
1161,9/4/2020 2:00,21.079,,,,,
1162,9/4/2020 3:00,20.889,,,,,
1163,9/4/2020 4:00,20.674,,,,,
1164,9/4/2020 5:00,20.412,,,,,
1165,9/4/2020 6:00,20.055,,,,,
1166,9/4/2020 7:00,19.722,,,,,
1167,9/4/2020 8:00,19.484,,,,,
1168,9/4/2020 9:00,19.365,,,,,
1169,9/4/2020 10:00,19.294,,,,,
1170,9/4/2020 11:00,19.77,,,,,
1171,9/4/2020 12:00,20.055,,,,,
1172,9/4/2020 13:00,20.341,,,,,
1173,9/4/2020 14:00,20.722,,,,,
1174,9/4/2020 15:00,21.032,,,,,
1175,9/4/2020 16:00,21.342,,,,,
1176,9/4/2020 17:00,21.509,,,,,
1177,9/4/2020 18:00,21.461,,,,,
1178,9/4/2020 19:00,21.461,,,,,
1179,9/4/2020 20:00,21.461,,,,,
1180,9/4/2020 21:00,21.437,,,,,
1181,9/4/2020 22:00,21.413,,,,,
1182,9/4/2020 23:00,21.246,,,,,
1183,9/5/2020 0:00,21.032,,,,,
1184,9/5/2020 1:00,20.722,,,,,
1185,9/5/2020 2:00,20.412,,,,,
1186,9/5/2020 3:00,20.126,,,,,
1187,9/5/2020 4:00,19.746,,,,,
1188,9/5/2020 5:00,19.484,,,,,
1189,9/5/2020 6:00,19.199,,,,,
1190,9/5/2020 7:00,18.913,,,,,
1191,9/5/2020 8:00,18.747,,,,,
1192,9/5/2020 9:00,18.58,,,,,
1193,9/5/2020 10:00,18.533,,,,,
1194,9/5/2020 11:00,19.032,,,,,
1195,9/5/2020 12:00,19.341,,,,,
1196,9/5/2020 13:00,19.532,,,,,
1197,9/5/2020 14:00,19.888,,,,,
1198,9/5/2020 15:00,20.317,,,,,
1199,9/5/2020 16:00,20.603,,,,,
1200,9/5/2020 17:00,20.674,,,,,
1201,9/5/2020 18:00,20.722,,,,,
1202,9/5/2020 19:00,20.746,,,,,
1203,9/5/2020 20:00,20.722,,,,,
1204,9/5/2020 21:00,20.746,,,,,
1205,9/5/2020 22:00,20.722,,,,,
1206,9/5/2020 23:00,20.65,,,,,
1207,9/6/2020 0:00,20.531,,,,,
1208,9/6/2020 1:00,20.341,,,,,
1209,9/6/2020 2:00,20.174,,,,,
1210,9/6/2020 3:00,19.984,,,,,
1211,9/6/2020 4:00,19.698,,,,,
1212,9/6/2020 5:00,19.389,,,,,
1213,9/6/2020 6:00,19.151,,,,,
1214,9/6/2020 7:00,18.937,,,,,
1215,9/6/2020 8:00,18.747,,,,,
1216,9/6/2020 9:00,18.628,,,,,
1217,9/6/2020 10:00,18.604,,,,,
1218,9/6/2020 11:00,18.985,,,,,
1219,9/6/2020 12:00,19.151,,,,,
1220,9/6/2020 13:00,19.436,,,,,
1221,9/6/2020 14:00,19.698,,,,,
1222,9/6/2020 15:00,19.984,,,,,
1223,9/6/2020 16:00,20.222,,,,,
1224,9/6/2020 17:00,20.317,,,,,
1225,9/6/2020 18:00,20.388,,,,,
1226,9/6/2020 19:00,20.341,,,,,
1227,9/6/2020 20:00,20.341,,,,,
1228,9/6/2020 21:00,20.341,,,,,
1229,9/6/2020 22:00,20.341,,,,,
1230,9/6/2020 23:00,20.365,,,,,
1231,9/7/2020 0:00,20.293,,,,,
1232,9/7/2020 1:00,20.198,,,,,
1233,9/7/2020 2:00,20.055,,,,,
1234,9/7/2020 3:00,19.865,,,,,
1235,9/7/2020 4:00,19.627,,,,,
1236,9/7/2020 5:00,19.365,,,,,
1237,9/7/2020 6:00,19.222,,,,,
1238,9/7/2020 7:00,18.961,,,,,
1239,9/7/2020 8:00,18.723,,,,,
1240,9/7/2020 9:00,18.557,,,,,
1241,9/7/2020 10:00,18.533,,,,,
1242,9/7/2020 11:00,19.127,,,,,
1243,9/7/2020 12:00,19.246,,,,,
1244,9/7/2020 13:00,19.722,,,,,
1245,9/7/2020 14:00,20.269,,,,,
1246,9/7/2020 15:00,20.698,,,,,
1247,9/7/2020 16:00,21.175,,,,,
1248,9/7/2020 17:00,21.223,,,,,
1249,9/7/2020 18:00,21.294,,,,,
1250,9/7/2020 19:00,21.366,,,,,
1251,9/7/2020 20:00,21.366,,,,,
1252,9/7/2020 21:00,21.294,,,,,
1253,9/7/2020 22:00,21.27,,,,,
1254,9/7/2020 23:00,21.199,,,,,
1255,9/8/2020 0:00,21.056,,,,,
1256,9/8/2020 1:00,20.889,,,,,
1257,9/8/2020 2:00,20.627,,,,,
1258,9/8/2020 3:00,20.293,,,,,
1259,9/8/2020 4:00,19.912,,,,,
1260,9/8/2020 5:00,19.532,,,,,
1261,9/8/2020 6:00,19.032,,,,,
1262,9/8/2020 7:00,18.58,,,,,
1263,9/8/2020 8:00,18.176,,,,,
1264,9/8/2020 9:00,17.891,,,,,
1265,9/8/2020 10:00,17.653,,,,,
1266,9/8/2020 11:00,17.962,,,,,
1267,9/8/2020 12:00,17.938,,,,,
1268,9/8/2020 13:00,18.343,,,,,
1269,9/8/2020 14:00,18.866,,,,,
1270,9/8/2020 15:00,19.294,,,,,
1271,9/8/2020 16:00,19.888,,,,,
1272,9/8/2020 17:00,19.865,,,,,
1273,9/8/2020 18:00,20.126,,,,,
1274,9/8/2020 19:00,20.103,,,,,
1275,9/8/2020 20:00,19.865,,,,,
1276,9/8/2020 21:00,19.46,,,,,
1277,9/8/2020 22:00,19.151,,,,,
1278,9/8/2020 23:00,18.604,,,,,
1279,9/9/2020 0:00,18.247,,,,,
1280,9/9/2020 1:00,17.772,,,,,
1281,9/9/2020 2:00,17.51,,,,,
1282,9/9/2020 3:00,17.011,,,,,
1283,9/9/2020 4:00,16.82,,,,,
1284,9/9/2020 5:00,16.511,,,,,
1285,9/9/2020 6:00,16.177,,,,,
1286,9/9/2020 7:00,15.867,,,,,
1287,9/9/2020 8:00,15.461,,,,,
1288,9/9/2020 9:00,15.151,,,,,
1289,9/9/2020 10:00,15.103,,,,,
1290,9/9/2020 11:00,15.557,,,,,
1291,9/9/2020 12:00,15.581,,,,,
1292,9/9/2020 13:00,15.939,,,,,
1293,9/9/2020 14:00,16.272,,,,,
1294,9/9/2020 15:00,16.534,,,,,
1295,9/9/2020 16:00,16.749,,,,,
1296,9/9/2020 17:00,16.987,,,,,
1297,9/9/2020 18:00,16.987,,,,,
1298,9/9/2020 19:00,17.058,,,,,
1299,9/9/2020 20:00,17.13,,,,,
1300,9/9/2020 21:00,17.13,,,,,
1301,9/9/2020 22:00,17.106,,,,,
1302,9/9/2020 23:00,16.915,,,,,
1303,9/10/2020 0:00,16.677,,,,,
1304,9/10/2020 1:00,16.463,,,,,
1305,9/10/2020 2:00,16.177,,,,,
1306,9/10/2020 3:00,15.915,,,,,
1307,9/10/2020 4:00,15.605,,,,,
1308,9/10/2020 5:00,15.27,,,,,
1309,9/10/2020 6:00,14.96,,,,,
1310,9/10/2020 7:00,14.673,,,,,
1311,9/10/2020 8:00,14.457,,,,,
1312,9/10/2020 9:00,14.218,,,,,
1313,9/10/2020 10:00,14.098,,,,,
1314,9/10/2020 11:00,14.649,,,,,
1315,9/10/2020 12:00,14.745,,,,,
1316,9/10/2020 13:00,15.103,,,,,
1317,9/10/2020 14:00,15.318,,,,,
1318,9/10/2020 15:00,15.724,,,,,
1319,9/10/2020 16:00,16.034,,,,,
1320,9/10/2020 17:00,16.177,,,,,
1321,9/10/2020 18:00,16.296,,,,,
1322,9/10/2020 19:00,16.32,,,,,
1323,9/10/2020 20:00,16.415,,,,,
1324,9/10/2020 21:00,16.392,,,,,
1325,9/10/2020 22:00,16.415,,,,,
1326,9/10/2020 23:00,16.368,,,,,
1327,9/11/2020 0:00,16.225,,,,,
1328,9/11/2020 1:00,16.01,,,,,
1329,9/11/2020 2:00,15.819,,,,,
1330,9/11/2020 3:00,15.652,,,,,
1331,9/11/2020 4:00,15.438,,,,,
1332,9/11/2020 5:00,15.199,,,,,
1333,9/11/2020 6:00,14.864,,,,,
1334,9/11/2020 7:00,14.625,,,,,
1335,9/11/2020 8:00,14.337,,,,,
1336,9/11/2020 9:00,14.218,,,,,
1337,9/11/2020 10:00,14.218,,,,,
1338,9/11/2020 11:00,14.481,,,,,
1339,9/11/2020 12:00,14.721,,,,,
1340,9/11/2020 13:00,15.103,,,,,
1341,9/11/2020 14:00,15.461,,,,,
1342,9/11/2020 15:00,15.963,,,,,
1343,9/11/2020 16:00,16.272,,,,,
1344,9/11/2020 17:00,16.487,,,,,
1345,9/11/2020 18:00,16.534,,,,,
1346,9/11/2020 19:00,16.701,,,,,
1347,9/11/2020 20:00,16.701,,,,,
1348,9/11/2020 21:00,16.701,,,,,
1349,9/11/2020 22:00,16.725,,,,,
1350,9/11/2020 23:00,16.701,,,,,
1351,9/12/2020 0:00,16.582,,,,,
1352,9/12/2020 1:00,16.415,,,,,
1353,9/12/2020 2:00,16.177,,,,,
1354,9/12/2020 3:00,15.963,,,,,
1355,9/12/2020 4:00,15.724,,,,,
1356,9/12/2020 5:00,15.461,,,,,
1357,9/12/2020 6:00,15.247,,,,,
1358,9/12/2020 7:00,14.936,,,,,
1359,9/12/2020 8:00,14.768,,,,,
1360,9/12/2020 9:00,14.625,,,,,
1361,9/12/2020 10:00,14.673,,,,,
1362,9/12/2020 11:00,14.96,,,,,
1363,9/12/2020 12:00,15.127,,,,,
1364,9/12/2020 13:00,15.461,,,,,
1365,9/12/2020 14:00,15.891,,,,,
1366,9/12/2020 15:00,16.177,,,,,
1367,9/12/2020 16:00,16.415,,,,,
1368,9/12/2020 17:00,16.654,,,,,
1369,9/12/2020 18:00,16.677,,,,,
1370,9/12/2020 19:00,16.749,,,,,
1371,9/12/2020 20:00,16.773,,,,,
1372,9/12/2020 21:00,16.749,,,,,
1373,9/12/2020 22:00,16.773,,,,,
1374,9/12/2020 23:00,16.725,,,,,
1375,9/13/2020 0:00,16.463,,,,,
1376,9/13/2020 1:00,16.272,,,,,
1377,9/13/2020 2:00,15.986,,,,,
1378,9/13/2020 3:00,15.724,,,,,
1379,9/13/2020 4:00,15.629,,,,,
1380,9/13/2020 5:00,15.366,,,,,
1381,9/13/2020 6:00,14.936,,,,,
1382,9/13/2020 7:00,14.697,,,,,
1383,9/13/2020 8:00,14.529,,,,,
1384,9/13/2020 9:00,14.385,,,,,
1385,9/13/2020 10:00,14.481,,,,,
1386,9/13/2020 11:00,14.721,,,,,
1387,9/13/2020 12:00,14.984,,,,,
1388,9/13/2020 13:00,15.414,,,,,
1389,9/13/2020 14:00,16.32,,,,,
1390,9/13/2020 15:00,17.034,,,,,
1391,9/13/2020 16:00,17.415,,,,,
1392,9/13/2020 17:00,17.51,,,,,
1393,9/13/2020 18:00,17.677,,,,,
1394,9/13/2020 19:00,17.677,,,,,
1395,9/13/2020 20:00,17.629,,,,,
1396,9/13/2020 21:00,17.582,,,,,
1397,9/13/2020 22:00,17.344,,,,,
1398,9/13/2020 23:00,17.058,,,,,
1399,9/14/2020 0:00,16.82,,,,,
1400,9/14/2020 1:00,16.558,,,,,
1401,9/14/2020 2:00,16.272,,,,,
1402,9/14/2020 3:00,16.034,,,,,
1403,9/14/2020 4:00,15.724,,,,,
1404,9/14/2020 5:00,15.414,,,,,
1405,9/14/2020 6:00,15.151,,,,,
1406,9/14/2020 7:00,14.984,,,,,
1407,9/14/2020 8:00,14.84,,,,,
1408,9/14/2020 9:00,14.816,,,,,
1409,9/14/2020 10:00,14.864,,,,,
1410,9/14/2020 11:00,15.199,,,,,
1411,9/14/2020 12:00,15.414,,,,,
1412,9/14/2020 13:00,16.249,,,,,
1413,9/14/2020 14:00,16.939,,,,,
1414,9/14/2020 15:00,17.677,,,,,
1415,9/14/2020 16:00,18.057,,,,,
1416,9/14/2020 17:00,18.152,,,,,
1417,9/14/2020 18:00,18.129,,,,,
1418,9/14/2020 19:00,17.986,,,,,
1419,9/14/2020 20:00,17.724,,,,,
1420,9/14/2020 21:00,17.415,,,,,
1421,9/14/2020 22:00,17.106,,,,,
1422,9/14/2020 23:00,16.773,,,,,
1423,9/15/2020 0:00,16.439,,,,,
1424,9/15/2020 1:00,16.058,,,,,
1425,9/15/2020 2:00,15.724,,,,,
1426,9/15/2020 3:00,15.414,,,,,
1427,9/15/2020 4:00,15.175,,,,,
1428,9/15/2020 5:00,14.864,,,,,
1429,9/15/2020 6:00,14.577,,,,,
1430,9/15/2020 7:00,14.361,,,,,
1431,9/15/2020 8:00,14.146,,,,,
1432,9/15/2020 9:00,13.954,,,,,
1433,9/15/2020 10:00,13.93,,,,,
1434,9/15/2020 11:00,14.337,,,,,
1435,9/15/2020 12:00,14.505,,,,,
1436,9/15/2020 13:00,15.055,,,,,
1437,9/15/2020 14:00,15.986,,,,,
1438,9/15/2020 15:00,17.13,,,,,
1439,9/15/2020 16:00,17.463,,,,,
1440,9/15/2020 17:00,17.724,,,,,
1441,9/15/2020 18:00,17.796,,,,,
1442,9/15/2020 19:00,17.772,,,,,
1443,9/15/2020 20:00,17.605,,,,,
1444,9/15/2020 21:00,17.368,,,,,
1445,9/15/2020 22:00,17.082,,,,,
1446,9/15/2020 23:00,16.725,,,,,
1447,9/16/2020 0:00,16.487,,,,,
1448,9/16/2020 1:00,16.177,,,,,
1449,9/16/2020 2:00,15.867,,,,,
1450,9/16/2020 3:00,15.557,,,,,
1451,9/16/2020 4:00,15.27,,,,,
1452,9/16/2020 5:00,14.96,,,,,
1453,9/16/2020 6:00,14.768,,,,,
1454,9/16/2020 7:00,14.481,,,,,
1455,9/16/2020 8:00,14.242,,,,,
1456,9/16/2020 9:00,14.098,,,,,
1457,9/16/2020 10:00,14.314,,,,,
1458,9/16/2020 11:00,14.577,,,,,
1459,9/16/2020 12:00,14.936,,,,,
1460,9/16/2020 13:00,15.7,,,,,
1461,9/16/2020 14:00,16.558,,,,,
1462,9/16/2020 15:00,17.344,,,,,
1463,9/16/2020 16:00,17.819,,,,,
1464,9/16/2020 17:00,17.915,,,,,
1465,9/16/2020 18:00,17.891,,,,,
1466,9/16/2020 19:00,17.748,,,,,
1467,9/16/2020 20:00,17.368,,,,,
1468,9/16/2020 21:00,17.058,,,,,
1469,9/16/2020 22:00,16.773,,,,,
1470,9/16/2020 23:00,16.463,,,,,
1471,9/17/2020 0:00,16.153,,,,,
1472,9/17/2020 1:00,15.843,,,,,
1473,9/17/2020 2:00,15.581,,,,,
1474,9/17/2020 3:00,15.247,,,,,
1475,9/17/2020 4:00,14.96,,,,,
1476,9/17/2020 5:00,14.721,,,,,
1477,9/17/2020 6:00,14.409,,,,,
1478,9/17/2020 7:00,14.122,,,,,
1479,9/17/2020 8:00,13.93,,,,,
1480,9/17/2020 9:00,13.906,,,,,
1481,9/17/2020 10:00,14.002,,,,,
1482,9/17/2020 11:00,14.266,,,,,
1483,9/17/2020 12:00,14.361,,,,,
1484,9/17/2020 13:00,14.984,,,,,
1485,9/17/2020 14:00,16.058,,,,,
1486,9/17/2020 15:00,17.249,,,,,
1487,9/17/2020 16:00,17.748,,,,,
1488,9/17/2020 17:00,17.867,,,,,
1489,9/17/2020 18:00,17.748,,,,,
1490,9/17/2020 19:00,17.605,,,,,
1491,9/17/2020 20:00,17.439,,,,,
1492,9/17/2020 21:00,17.272,,,,,
1493,9/17/2020 22:00,17.058,,,,,
1494,9/17/2020 23:00,16.868,,,,,
1495,9/18/2020 0:00,16.677,,,,,
1496,9/18/2020 1:00,16.511,,,,,
1497,9/18/2020 2:00,16.344,,,,,
1498,9/18/2020 3:00,16.058,,,,,
1499,9/18/2020 4:00,15.915,,,,,
1500,9/18/2020 5:00,15.652,,,,,
1501,9/18/2020 6:00,15.509,,,,,
1502,9/18/2020 7:00,15.27,,,,,
1503,9/18/2020 8:00,15.103,,,,,
1504,9/18/2020 9:00,15.008,,,,,
1505,9/18/2020 10:00,14.96,,,,,
1506,9/18/2020 11:00,15.008,,,,,
1507,9/18/2020 12:00,15.031,,,,,
1508,9/18/2020 13:00,15.223,,,,,
1509,9/18/2020 14:00,15.533,,,,,
1510,9/18/2020 15:00,15.7,,,,,
1511,9/18/2020 16:00,15.867,,,,,
1512,9/18/2020 17:00,16.034,,,,,
1513,9/18/2020 18:00,16.034,,,,,
1514,9/18/2020 19:00,15.915,,,,,
1515,9/18/2020 20:00,15.7,,,,,
1516,9/18/2020 21:00,15.438,,,,,
1517,9/18/2020 22:00,15.199,,,,,
1518,9/18/2020 23:00,14.96,,,,,
1519,9/19/2020 0:00,14.673,,,,,
1520,9/19/2020 1:00,14.409,,,,,
1521,9/19/2020 2:00,14.122,,,,,
1522,9/19/2020 3:00,13.858,,,,,
1523,9/19/2020 4:00,13.522,,,,,
1524,9/19/2020 5:00,13.329,,,,,
1525,9/19/2020 6:00,13.04,,,,,
1526,9/19/2020 7:00,12.727,,,,,
1527,9/19/2020 8:00,12.606,,,,,
1528,9/19/2020 9:00,12.534,,,,,
1529,9/19/2020 10:00,12.654,,,,,
1530,9/19/2020 11:00,13.064,,,,,
1531,9/19/2020 12:00,13.137,,,,,
1532,9/19/2020 13:00,13.473,,,,,
1533,9/19/2020 14:00,13.81,,,,,
1534,9/19/2020 15:00,14.218,,,,,
1535,9/19/2020 16:00,14.577,,,,,
1536,9/19/2020 17:00,14.792,,,,,
1537,9/19/2020 18:00,14.84,,,,,
1538,9/19/2020 19:00,14.816,,,,,
1539,9/19/2020 20:00,14.888,,,,,
1540,9/19/2020 21:00,14.912,,,,,
1541,9/19/2020 22:00,14.745,,,,,
1542,9/19/2020 23:00,14.457,,,,,
1543,9/20/2020 0:00,14.194,,,,,
1544,9/20/2020 1:00,13.858,,,,,
1545,9/20/2020 2:00,13.618,,,,,
1546,9/20/2020 3:00,13.329,,,,,
1547,9/20/2020 4:00,12.992,,,,,
1548,9/20/2020 5:00,12.678,,,,,
1549,9/20/2020 6:00,12.413,,,,,
1550,9/20/2020 7:00,12.122,,,,,
1551,9/20/2020 8:00,11.88,,,,,
1552,9/20/2020 9:00,11.783,,,,,
1553,9/20/2020 10:00,11.807,,,,,
1554,9/20/2020 11:00,12.364,,,,,
1555,9/20/2020 12:00,12.534,,,,,
1556,9/20/2020 13:00,13.04,,,,,
1557,9/20/2020 14:00,13.762,,,,,
1558,9/20/2020 15:00,14.385,,,,,
1559,9/20/2020 16:00,14.768,,,,,
1560,9/20/2020 17:00,14.96,,,,,
1561,9/20/2020 18:00,15.103,,,,,
1562,9/20/2020 19:00,15.103,,,,,
1563,9/20/2020 20:00,15.127,,,,,
1564,9/20/2020 21:00,15.151,,,,,
1565,9/20/2020 22:00,15.151,,,,,
1566,9/20/2020 23:00,14.912,,,,,
1567,9/21/2020 0:00,14.768,,,,,
1568,9/21/2020 1:00,14.601,,,,,
1569,9/21/2020 2:00,14.385,,,,,
1570,9/21/2020 3:00,14.146,,,,,
1571,9/21/2020 4:00,13.906,,,,,
1572,9/21/2020 5:00,13.666,,,,,
1573,9/21/2020 6:00,13.401,,,,,
1574,9/21/2020 7:00,13.137,,,,,
1575,9/21/2020 8:00,12.871,,,,,
1576,9/21/2020 9:00,12.847,,,,,
1577,9/21/2020 10:00,12.896,,,,,
1578,9/21/2020 11:00,13.209,,,,,
1579,9/21/2020 12:00,13.305,,,,,
1580,9/21/2020 13:00,13.642,,,,,
1581,9/21/2020 14:00,14.218,,,,,
1582,9/21/2020 15:00,14.697,,,,,
1583,9/21/2020 16:00,14.96,,,,,
1584,9/21/2020 17:00,15.294,,,,,
1585,9/21/2020 18:00,15.294,,,,,
1586,9/21/2020 19:00,15.223,,,,,
1587,9/21/2020 20:00,15.27,,,,,
1588,9/21/2020 21:00,15.294,,,,,
1589,9/21/2020 22:00,15.294,,,,,
1590,9/21/2020 23:00,15.247,,,,,
1591,9/22/2020 0:00,15.175,,,,,
1592,9/22/2020 1:00,15.031,,,,,
1593,9/22/2020 2:00,14.768,,,,,
1594,9/22/2020 3:00,14.505,,,,,
1595,9/22/2020 4:00,14.337,,,,,
1596,9/22/2020 5:00,14.074,,,,,
1597,9/22/2020 6:00,13.81,,,,,
1598,9/22/2020 7:00,13.546,,,,,
1599,9/22/2020 8:00,13.353,,,,,
1600,9/22/2020 9:00,13.329,,,,,
1601,9/22/2020 10:00,13.185,,,,,
1602,9/22/2020 11:00,13.57,,,,,
1603,9/22/2020 12:00,13.642,,,,,
1604,9/22/2020 13:00,14.026,,,,,
1605,9/22/2020 14:00,14.721,,,,,
1606,9/22/2020 15:00,15.223,,,,,
1607,9/22/2020 16:00,15.724,,,,,
1608,9/22/2020 17:00,15.867,,,,,
1609,9/22/2020 18:00,16.034,,,,,
1610,9/22/2020 19:00,16.034,,,,,
1611,9/22/2020 20:00,16.034,,,,,
1612,9/22/2020 21:00,16.01,,,,,
1613,9/22/2020 22:00,16.058,,,,,
1614,9/22/2020 23:00,15.939,,,,,
1615,9/23/2020 0:00,15.772,,,,,
1616,9/23/2020 1:00,15.533,,,,,
1617,9/23/2020 2:00,15.247,,,,,
1618,9/23/2020 3:00,14.984,,,,,
1619,9/23/2020 4:00,14.721,,,,,
1620,9/23/2020 5:00,14.409,,,,,
1621,9/23/2020 6:00,14.122,,,,,
1622,9/23/2020 7:00,13.858,,,,,
1623,9/23/2020 8:00,13.618,,,,,
1624,9/23/2020 9:00,13.473,,,,,
1625,9/23/2020 10:00,13.473,,,,,
1626,9/23/2020 11:00,13.954,,,,,
1627,9/23/2020 12:00,14.002,,,,,
1628,9/23/2020 13:00,14.433,,,,,
1629,9/23/2020 14:00,15.079,,,,,
1630,9/23/2020 15:00,15.652,,,,,
1631,9/23/2020 16:00,16.177,,,,,
1632,9/23/2020 17:00,16.249,,,,,
1633,9/23/2020 18:00,16.463,,,,,
1634,9/23/2020 19:00,16.439,,,,,
1635,9/23/2020 20:00,16.392,,,,,
1636,9/23/2020 21:00,16.344,,,,,
1637,9/23/2020 22:00,16.082,,,,,
1638,9/23/2020 23:00,15.772,,,,,
1639,9/24/2020 0:00,15.533,,,,,
1640,9/24/2020 1:00,15.247,,,,,
1641,9/24/2020 2:00,14.888,,,,,
1642,9/24/2020 3:00,14.745,,,,,
1643,9/24/2020 4:00,14.481,,,,,
1644,9/24/2020 5:00,14.266,,,,,
1645,9/24/2020 6:00,13.858,,,,,
1646,9/24/2020 7:00,13.642,,,,,
1647,9/24/2020 8:00,13.57,,,,,
1648,9/24/2020 9:00,13.594,,,,,
1649,9/24/2020 10:00,13.714,,,,,
1650,9/24/2020 11:00,13.978,,,,,
1651,9/24/2020 12:00,14.218,,,,,
1652,9/24/2020 13:00,14.529,,,,,
1653,9/24/2020 14:00,14.96,,,,,
1654,9/24/2020 15:00,15.342,,,,,
1655,9/24/2020 16:00,15.915,,,,,
1656,9/24/2020 17:00,16.32,,,,,
1657,9/24/2020 18:00,16.129,,,,,
1658,9/24/2020 19:00,16.153,,,,,
1659,9/24/2020 20:00,16.177,,,,,
1660,9/24/2020 21:00,16.201,,,,,
1661,9/24/2020 22:00,15.915,,,,,
1662,9/24/2020 23:00,15.605,,,,,
1663,9/25/2020 0:00,15.366,,,,,
1664,9/25/2020 1:00,15.151,,,,,
1665,9/25/2020 2:00,14.888,,,,,
1666,9/25/2020 3:00,14.625,,,,,
1667,9/25/2020 4:00,14.337,,,,,
1668,9/25/2020 5:00,14.098,,,,,
1669,9/25/2020 6:00,13.786,,,,,
1670,9/25/2020 7:00,13.473,,,,,
1671,9/25/2020 8:00,13.161,,,,,
1672,9/25/2020 9:00,13.088,,,,,
1673,9/25/2020 10:00,13.04,,,,,
1674,9/25/2020 11:00,13.449,,,,,
1675,9/25/2020 12:00,13.594,,,,,
1676,9/25/2020 13:00,14.098,,,,,
1677,9/25/2020 14:00,14.673,,,,,
1678,9/25/2020 15:00,15.247,,,,,
1679,9/25/2020 16:00,15.843,,,,,
1680,9/25/2020 17:00,16.129,,,,,
1681,9/25/2020 18:00,16.058,,,,,
1682,9/25/2020 19:00,16.177,,,,,
1683,9/25/2020 20:00,16.177,,,,,
1684,9/25/2020 21:00,16.225,,,,,
1685,9/25/2020 22:00,16.201,,,,,
1686,9/25/2020 23:00,16.225,,,,,
1687,9/26/2020 0:00,16.153,,,,,
1688,9/26/2020 1:00,16.034,,,,,
1689,9/26/2020 2:00,15.891,,,,,
1690,9/26/2020 3:00,15.724,,,,,
1691,9/26/2020 4:00,15.366,,,,,
1692,9/26/2020 5:00,15.127,,,,,
1693,9/26/2020 6:00,14.912,,,,,
1694,9/26/2020 7:00,14.697,,,,,
1695,9/26/2020 8:00,14.457,,,,,
1696,9/26/2020 9:00,14.337,,,,,
1697,9/26/2020 10:00,14.218,,,,,
1698,9/26/2020 11:00,14.505,,,,,
1699,9/26/2020 12:00,14.529,,,,,
1700,9/26/2020 13:00,15.175,,,,,
1701,9/26/2020 14:00,15.939,,,,,
1702,9/26/2020 15:00,16.558,,,,,
1703,9/26/2020 16:00,16.987,,,,,
1704,9/26/2020 17:00,17.201,,,,,
1705,9/26/2020 18:00,17.272,,,,,
1706,9/26/2020 19:00,17.368,,,,,
1707,9/26/2020 20:00,17.225,,,,,
1708,9/26/2020 21:00,16.939,,,,,
1709,9/26/2020 22:00,16.701,,,,,
1710,9/26/2020 23:00,16.392,,,,,
1711,9/27/2020 0:00,16.034,,,,,
1712,9/27/2020 1:00,15.605,,,,,
1713,9/27/2020 2:00,15.223,,,,,
1714,9/27/2020 3:00,14.84,,,,,
1715,9/27/2020 4:00,14.457,,,,,
1716,9/27/2020 5:00,14.074,,,,,
1717,9/27/2020 6:00,13.642,,,,,
1718,9/27/2020 7:00,13.329,,,,,
1719,9/27/2020 8:00,12.992,,,,,
1720,9/27/2020 9:00,12.896,,,,,
1721,9/27/2020 10:00,12.751,,,,,
1722,9/27/2020 11:00,13.112,,,,,
1723,9/27/2020 12:00,13.329,,,,,
1724,9/27/2020 13:00,13.93,,,,,
1725,9/27/2020 14:00,14.697,,,,,
1726,9/27/2020 15:00,15.461,,,,,
1727,9/27/2020 16:00,15.939,,,,,
1728,9/27/2020 17:00,16.129,,,,,
1729,9/27/2020 18:00,16.177,,,,,
1730,9/27/2020 19:00,16.272,,,,,
1731,9/27/2020 20:00,16.201,,,,,
1732,9/27/2020 21:00,15.939,,,,,
1733,9/27/2020 22:00,15.819,,,,,
1734,9/27/2020 23:00,15.581,,,,,
1735,9/28/2020 0:00,15.342,,,,,
1736,9/28/2020 1:00,15.008,,,,,
1737,9/28/2020 2:00,14.649,,,,,
1738,9/28/2020 3:00,14.266,,,,,
1739,9/28/2020 4:00,13.954,,,,,
1740,9/28/2020 5:00,13.666,,,,,
1741,9/28/2020 6:00,13.473,,,,,
1742,9/28/2020 7:00,13.209,,,,,
1743,9/28/2020 8:00,12.992,,,,,
1744,9/28/2020 9:00,12.871,,,,,
1745,9/28/2020 10:00,12.654,,,,,
1746,9/28/2020 11:00,12.847,,,,,
1747,9/28/2020 12:00,13.161,,,,,
1748,9/28/2020 13:00,13.738,,,,,
1749,9/28/2020 14:00,14.194,,,,,
1750,9/28/2020 15:00,14.864,,,,,
1751,9/28/2020 16:00,15.342,,,,,
1752,9/28/2020 17:00,15.581,,,,,
1753,9/28/2020 18:00,15.629,,,,,
1754,9/28/2020 19:00,15.676,,,,,
1755,9/28/2020 20:00,15.772,,,,,
1756,9/28/2020 21:00,15.772,,,,,
1757,9/28/2020 22:00,15.676,,,,,
1758,9/28/2020 23:00,15.581,,,,,
1759,9/29/2020 0:00,15.223,,,,,
1760,9/29/2020 1:00,14.96,,,,,
1761,9/29/2020 2:00,14.721,,,,,
1762,9/29/2020 3:00,14.481,,,,,
1763,9/29/2020 4:00,14.266,,,,,
1764,9/29/2020 5:00,13.954,,,,,
1765,9/29/2020 6:00,13.69,,,,,
1766,9/29/2020 7:00,13.401,,,,,
1767,9/29/2020 8:00,13.161,,,,,
1768,9/29/2020 9:00,12.992,,,,,
1769,9/29/2020 10:00,12.823,,,,,
1770,9/29/2020 11:00,13.112,,,,,
1771,9/29/2020 12:00,13.377,,,,,
1772,9/29/2020 13:00,13.834,,,,,
1773,9/29/2020 14:00,14.29,,,,,
1774,9/29/2020 15:00,14.816,,,,,
1775,9/29/2020 16:00,15.318,,,,,
1776,9/29/2020 17:00,15.461,,,,,
1777,9/29/2020 18:00,15.461,,,,,
1778,9/29/2020 19:00,15.581,,,,,
1779,9/29/2020 20:00,15.509,,,,,
1780,9/29/2020 21:00,15.485,,,,,
1781,9/29/2020 22:00,15.461,,,,,
1782,9/29/2020 23:00,15.342,,,,,
1783,9/30/2020 0:00,15.151,,,,,
1784,9/30/2020 1:00,14.96,,,,,
1785,9/30/2020 2:00,14.745,,,,,
1786,9/30/2020 3:00,14.481,,,,,
1787,9/30/2020 4:00,14.29,,,,,
1788,9/30/2020 5:00,14.098,,,,,
1789,9/30/2020 6:00,13.882,,,,,
1790,9/30/2020 7:00,13.666,,,,,
1791,9/30/2020 8:00,13.377,,,,,
1792,9/30/2020 9:00,13.377,,,,,
1793,9/30/2020 10:00,13.425,,,,,
1794,9/30/2020 11:00,13.642,,,,,
1795,9/30/2020 12:00,13.81,,,,,
1796,9/30/2020 13:00,14.337,,,,,
1797,9/30/2020 14:00,14.984,,,,,
1798,9/30/2020 15:00,15.485,,,,,
1799,9/30/2020 16:00,15.819,,,,,
1800,9/30/2020 17:00,15.819,,,,,
1801,9/30/2020 18:00,15.915,,,,,
1802,9/30/2020 19:00,15.986,,,,,
1803,9/30/2020 20:00,15.986,,,,,
1804,9/30/2020 21:00,15.986,,,,,
1805,9/30/2020 22:00,16.034,,,,,
1806,9/30/2020 23:00,15.772,,,,,
1807,10/1/2020 0:00,15.533,,,,,
1808,10/1/2020 1:00,15.366,,,,,
1809,10/1/2020 2:00,15.127,,,,,
1810,10/1/2020 3:00,14.936,,,,,
1811,10/1/2020 4:00,14.673,,,,,
1812,10/1/2020 5:00,14.481,,,,,
1813,10/1/2020 6:00,14.242,,,,,
1814,10/1/2020 7:00,13.978,,,,,
1815,10/1/2020 8:00,13.81,,,,,
1816,10/1/2020 9:00,13.69,,,,,
1817,10/1/2020 10:00,13.666,,,,,
1818,10/1/2020 11:00,13.93,,,,,
1819,10/1/2020 12:00,14.242,,,,,
1820,10/1/2020 13:00,14.697,,,,,
1821,10/1/2020 14:00,15.342,,,,,
1822,10/1/2020 15:00,15.891,,,,,
1823,10/1/2020 16:00,16.201,,,,,
1824,10/1/2020 17:00,16.272,,,,,
1825,10/1/2020 18:00,16.415,,,,,
1826,10/1/2020 19:00,16.415,,,,,
1827,10/1/2020 20:00,16.487,,,,,
1828,10/1/2020 21:00,16.487,,,,,
1829,10/1/2020 22:00,16.415,,,,,
1830,10/1/2020 23:00,16.177,,,,,
1831,10/2/2020 0:00,15.915,,,,,
1832,10/2/2020 1:00,15.652,,,,,
1833,10/2/2020 2:00,15.366,,,,,
1834,10/2/2020 3:00,15.151,,,,,
1835,10/2/2020 4:00,14.888,,,,,
1836,10/2/2020 5:00,14.625,,,,,
1837,10/2/2020 6:00,14.385,,,,,
1838,10/2/2020 7:00,14.122,,,,,
1839,10/2/2020 8:00,13.93,,,,,
1840,10/2/2020 9:00,13.81,,,,,
1841,10/2/2020 10:00,13.81,,,,,
1842,10/2/2020 11:00,14.05,,,,,
1843,10/2/2020 12:00,14.337,,,,,
1844,10/2/2020 13:00,14.84,,,,,
1845,10/2/2020 14:00,15.438,,,,,
1846,10/2/2020 15:00,16.01,,,,,
1847,10/2/2020 16:00,16.296,,,,,
1848,10/2/2020 17:00,16.32,,,,,
1849,10/2/2020 18:00,16.534,,,,,
1850,10/2/2020 19:00,16.487,,,,,
1851,10/2/2020 20:00,16.463,,,,,
1852,10/2/2020 21:00,16.487,,,,,
1853,10/2/2020 22:00,16.225,,,,,
1854,10/2/2020 23:00,15.963,,,,,
1855,10/3/2020 0:00,15.7,,,,,
1856,10/3/2020 1:00,15.485,,,,,
1857,10/3/2020 2:00,15.247,,,,,
1858,10/3/2020 3:00,14.96,,,,,
1859,10/3/2020 4:00,14.697,,,,,
1860,10/3/2020 5:00,14.409,,,,,
1861,10/3/2020 6:00,14.122,,,,,
1862,10/3/2020 7:00,13.882,,,,,
1863,10/3/2020 8:00,13.69,,,,,
1864,10/3/2020 9:00,13.522,,,,,
1865,10/3/2020 10:00,13.546,,,,,
1866,10/3/2020 11:00,13.738,,,,,
1867,10/3/2020 12:00,14.026,,,,,
1868,10/3/2020 13:00,14.481,,,,,
1869,10/3/2020 14:00,15.031,,,,,
1870,10/3/2020 15:00,15.509,,,,,
1871,10/3/2020 16:00,15.772,,,,,
1872,10/3/2020 17:00,15.963,,,,,
1873,10/3/2020 18:00,16.058,,,,,
1874,10/3/2020 19:00,16.034,,,,,
1875,10/3/2020 20:00,16.058,,,,,
1876,10/3/2020 21:00,16.106,,,,,
1877,10/3/2020 22:00,15.843,,,,,
1878,10/3/2020 23:00,15.557,,,,,
1879,10/4/2020 0:00,15.318,,,,,
1880,10/4/2020 1:00,15.055,,,,,
1881,10/4/2020 2:00,14.816,,,,,
1882,10/4/2020 3:00,14.505,,,,,
1883,10/4/2020 4:00,14.218,,,,,
1884,10/4/2020 5:00,13.906,,,,,
1885,10/4/2020 6:00,13.642,,,,,
1886,10/4/2020 7:00,13.377,,,,,
1887,10/4/2020 8:00,13.137,,,,,
1888,10/4/2020 9:00,13.04,,,,,
1889,10/4/2020 10:00,12.992,,,,,
1890,10/4/2020 11:00,13.209,,,,,
1891,10/4/2020 12:00,13.377,,,,,
1892,10/4/2020 13:00,13.618,,,,,
1893,10/4/2020 14:00,13.954,,,,,
1894,10/4/2020 15:00,14.29,,,,,
1895,10/4/2020 16:00,14.481,,,,,
1896,10/4/2020 17:00,14.673,,,,,
1897,10/4/2020 18:00,14.745,,,,,
1898,10/4/2020 19:00,14.84,,,,,
1899,10/4/2020 20:00,14.721,,,,,
1900,10/4/2020 21:00,14.409,,,,,
1901,10/4/2020 22:00,14.218,,,,,
1902,10/4/2020 23:00,13.978,,,,,
1903,10/5/2020 0:00,13.714,,,,,
1904,10/5/2020 1:00,13.449,,,,,
1905,10/5/2020 2:00,13.137,,,,,
1906,10/5/2020 3:00,12.847,,,,,
1907,10/5/2020 4:00,12.606,,,,,
1908,10/5/2020 5:00,12.316,,,,,
1909,10/5/2020 6:00,12.025,,,,,
1910,10/5/2020 7:00,11.832,,,,,
1911,10/5/2020 8:00,11.637,,,,,
1912,10/5/2020 9:00,11.467,,,,,
1913,10/5/2020 10:00,11.492,,,,,
1914,10/5/2020 11:00,11.662,,,,,
1915,10/5/2020 12:00,11.977,,,,,
1916,10/5/2020 13:00,12.389,,,,,
1917,10/5/2020 14:00,12.896,,,,,
1918,10/5/2020 15:00,13.473,,,,,
1919,10/5/2020 16:00,13.642,,,,,
1920,10/5/2020 17:00,13.93,,,,,
1921,10/5/2020 18:00,13.93,,,,,
1922,10/5/2020 19:00,13.978,,,,,
1923,10/5/2020 20:00,14.026,,,,,
1924,10/5/2020 21:00,13.954,,,,,
1925,10/5/2020 22:00,13.858,,,,,
1926,10/5/2020 23:00,13.497,,,,,
1927,10/6/2020 0:00,13.257,,,,,
1928,10/6/2020 1:00,12.968,,,,,
1929,10/6/2020 2:00,12.727,,,,,
1930,10/6/2020 3:00,12.558,,,,,
1931,10/6/2020 4:00,12.413,,,,,
1932,10/6/2020 5:00,12.025,,,,,
1933,10/6/2020 6:00,11.832,,,,,
1934,10/6/2020 7:00,11.54,,,,,
1935,10/6/2020 8:00,11.297,,,,,
1936,10/6/2020 9:00,11.2,,,,,
1937,10/6/2020 10:00,11.2,,,,,
1938,10/6/2020 11:00,11.273,,,,,
1939,10/6/2020 12:00,11.589,,,,,
1940,10/6/2020 13:00,11.929,,,,,
1941,10/6/2020 14:00,12.63,,,,,
1942,10/6/2020 15:00,13.161,,,,,
1943,10/6/2020 16:00,13.377,,,,,
1944,10/6/2020 17:00,13.762,,,,,
1945,10/6/2020 18:00,13.834,,,,,
1946,10/6/2020 19:00,13.786,,,,,
1947,10/6/2020 20:00,13.882,,,,,
1948,10/6/2020 21:00,13.81,,,,,
1949,10/6/2020 22:00,13.497,,,,,
1950,10/6/2020 23:00,13.233,,,,,
1951,10/7/2020 0:00,13.016,,,,,
1952,10/7/2020 1:00,12.823,,,,,
1953,10/7/2020 2:00,12.582,,,,,
1954,10/7/2020 3:00,12.316,,,,,
1955,10/7/2020 4:00,12.025,,,,,
1956,10/7/2020 5:00,11.759,,,,,
1957,10/7/2020 6:00,11.492,,,,,
1958,10/7/2020 7:00,11.2,,,,,
1959,10/7/2020 8:00,11.053,,,,,
1960,10/7/2020 9:00,10.956,,,,,
1961,10/7/2020 10:00,10.907,,,,,
1962,10/7/2020 11:00,10.932,,,,,
1963,10/7/2020 12:00,11.297,,,,,
1964,10/7/2020 13:00,11.662,,,,,
1965,10/7/2020 14:00,12.34,,,,,
1966,10/7/2020 15:00,12.799,,,,,
1967,10/7/2020 16:00,13.209,,,,,
1968,10/7/2020 17:00,13.353,,,,,
1969,10/7/2020 18:00,13.377,,,,,
1970,10/7/2020 19:00,13.473,,,,,
1971,10/7/2020 20:00,13.473,,,,,
1972,10/7/2020 21:00,13.401,,,,,
1973,10/7/2020 22:00,13.04,,,,,
1974,10/7/2020 23:00,12.775,,,,,
1975,10/8/2020 0:00,12.534,,,,,
1976,10/8/2020 1:00,12.316,,,,,
1977,10/8/2020 2:00,12.098,,,,,
1978,10/8/2020 3:00,11.832,,,,,
1979,10/8/2020 4:00,11.662,,,,,
1980,10/8/2020 5:00,11.394,,,,,
1981,10/8/2020 6:00,11.248,,,,,
1982,10/8/2020 7:00,11.053,,,,,
1983,10/8/2020 8:00,10.883,,,,,
1984,10/8/2020 9:00,10.81,,,,,
1985,10/8/2020 10:00,10.81,,,,,
1986,10/8/2020 11:00,10.785,,,,,
1987,10/8/2020 12:00,11.053,,,,,
1988,10/8/2020 13:00,11.394,,,,,
1989,10/8/2020 14:00,11.977,,,,,
1990,10/8/2020 15:00,12.437,,,,,
1991,10/8/2020 16:00,12.775,,,,,
1992,10/8/2020 17:00,13.016,,,,,
1993,10/8/2020 18:00,13.04,,,,,
1994,10/8/2020 19:00,13.088,,,,,
1995,10/8/2020 20:00,13.016,,,,,
1996,10/8/2020 21:00,12.654,,,,,
1997,10/8/2020 22:00,12.413,,,,,
1998,10/8/2020 23:00,12.147,,,,,
1999,10/9/2020 0:00,11.904,,,,,
2000,10/9/2020 1:00,11.637,,,,,
2001,10/9/2020 2:00,11.346,,,,,
2002,10/9/2020 3:00,11.127,,,,,
2003,10/9/2020 4:00,10.834,,,,,
2004,10/9/2020 5:00,10.541,,,,,
2005,10/9/2020 6:00,10.247,,,,,
2006,10/9/2020 7:00,10.026,,,,,
2007,10/9/2020 8:00,9.805,,,,,
2008,10/9/2020 9:00,9.731,,,,,
2009,10/9/2020 10:00,9.682,,,,,
2010,10/9/2020 11:00,9.706,,,,,
2011,10/9/2020 12:00,10.051,,,,,
2012,10/9/2020 13:00,10.565,,,,,
2013,10/9/2020 14:00,10.956,,,,,
2014,10/9/2020 15:00,11.637,,,,,
2015,10/9/2020 16:00,11.977,,,,,
2016,10/9/2020 17:00,12.534,,,,,
2017,10/9/2020 18:00,12.389,,,,,
2018,10/9/2020 19:00,12.509,,,,,
2019,10/9/2020 20:00,12.413,,,,,
2020,10/9/2020 21:00,12.074,,,,,
2021,10/9/2020 22:00,11.832,,,,,
2022,10/9/2020 23:00,11.686,,,,,
2023,10/10/2020 0:00,11.516,,,,,
2024,10/10/2020 1:00,11.321,,,,,
2025,10/10/2020 2:00,11.151,,,,,
2026,10/10/2020 3:00,10.98,,,,,
2027,10/10/2020 4:00,10.834,,,,,
2028,10/10/2020 5:00,10.687,,,,,
2029,10/10/2020 6:00,10.516,,,,,
2030,10/10/2020 7:00,10.443,,,,,
2031,10/10/2020 8:00,10.369,,,,,
2032,10/10/2020 9:00,10.345,,,,,
2033,10/10/2020 10:00,10.296,,,,,
2034,10/10/2020 11:00,10.222,,,,,
2035,10/10/2020 12:00,10.247,,,,,
2036,10/10/2020 13:00,10.369,,,,,
2037,10/10/2020 14:00,10.369,,,,,
2038,10/10/2020 15:00,10.467,,,,,
2039,10/10/2020 16:00,10.614,,,,,
2040,10/10/2020 17:00,10.712,,,,,
2041,10/10/2020 18:00,10.712,,,,,
2042,10/10/2020 19:00,10.614,,,,,
2043,10/10/2020 20:00,10.443,,,,,
2044,10/10/2020 21:00,10.394,,,,,
2045,10/10/2020 22:00,10.051,,,,,
2046,10/10/2020 23:00,9.756,,,,,
2047,10/11/2020 0:00,9.583,,,,,
2048,10/11/2020 1:00,9.361,,,,,
2049,10/11/2020 2:00,9.064,,,,,
2050,10/11/2020 3:00,8.866,,,,,
2051,10/11/2020 4:00,8.643,,,,,
2052,10/11/2020 5:00,8.369,,,,,
2053,10/11/2020 6:00,8.07,,,,,
2054,10/11/2020 7:00,7.82,,,,,
2055,10/11/2020 8:00,7.645,,,,,
2056,10/11/2020 9:00,7.494,,,,,
2057,10/11/2020 10:00,7.318,,,,,
2058,10/11/2020 10:58,,,Logged,Logged,,
2059,10/11/2020 10:59,,,,,Logged,Logged
