Plot Title: cedar_sediment,,,,,,,,
#,"Date Time, GMT-07:00","Temp, °C (LGR S/N: 20732850, SEN S/N: 20732850)","GDD, DDc (LGR S/N: 20732850)",Coupler Detached (LGR S/N: 20732850),Coupler Attached (LGR S/N: 20732850),Host Connected (LGR S/N: 20732850),Stopped (LGR S/N: 20732850),End Of File (LGR S/N: 20732850)
1,7/17/20 18:00,19.936,,Logged,,,,
2,7/17/20 19:00,19.912,,,,,,
3,7/17/20 20:00,19.865,,,,,,
4,7/17/20 21:00,19.841,,,,,,
5,7/17/20 22:00,19.817,,,,,,
6,7/17/20 23:00,19.793,,,,,,
7,7/18/20 0:00,19.77,,,,,,
8,7/18/20 1:00,19.746,,,,,,
9,7/18/20 2:00,19.746,,,,,,
10,7/18/20 3:00,19.722,,,,,,
11,7/18/20 4:00,19.722,,,,,,
12,7/18/20 5:00,19.698,,,,,,
13,7/18/20 6:00,19.698,,,,,,
14,7/18/20 7:00,19.674,,,,,,
15,7/18/20 8:00,19.674,,,,,,
16,7/18/20 9:00,19.674,,,,,,
17,7/18/20 10:00,19.674,,,,,,
18,7/18/20 11:00,19.674,,,,,,
19,7/18/20 12:00,19.674,0,,,,,
20,7/18/20 13:00,19.674,,,,,,
21,7/18/20 14:00,19.698,,,,,,
22,7/18/20 15:00,19.698,,,,,,
23,7/18/20 16:00,19.722,,,,,,
24,7/18/20 17:00,19.746,,,,,,
25,7/18/20 18:00,19.77,,,,,,
26,7/18/20 19:00,19.793,,,,,,
27,7/18/20 20:00,19.793,,,,,,
28,7/18/20 21:00,19.817,,,,,,
29,7/18/20 22:00,19.817,,,,,,
30,7/18/20 23:00,19.817,,,,,,
31,7/19/20 0:00,19.817,,,,,,
32,7/19/20 1:00,19.817,,,,,,
33,7/19/20 2:00,19.817,,,,,,
34,7/19/20 3:00,19.817,,,,,,
35,7/19/20 4:00,19.817,,,,,,
36,7/19/20 5:00,19.817,,,,,,
37,7/19/20 6:00,19.817,,,,,,
38,7/19/20 7:00,19.817,,,,,,
39,7/19/20 8:00,19.817,,,,,,
40,7/19/20 9:00,19.817,,,,,,
41,7/19/20 10:00,19.817,,,,,,
42,7/19/20 11:00,19.841,,,,,,
43,7/19/20 12:00,19.841,0.004,,,,,
44,7/19/20 13:00,19.841,,,,,,
45,7/19/20 14:00,19.865,,,,,,
46,7/19/20 15:00,19.888,,,,,,
47,7/19/20 16:00,19.912,,,,,,
48,7/19/20 17:00,19.936,,,,,,
49,7/19/20 18:00,19.96,,,,,,
50,7/19/20 19:00,19.96,,,,,,
51,7/19/20 20:00,19.984,,,,,,
52,7/19/20 21:00,20.007,,,,,,
53,7/19/20 22:00,20.007,,,,,,
54,7/19/20 23:00,20.007,,,,,,
55,7/20/20 0:00,20.007,,,,,,
56,7/20/20 1:00,20.007,,,,,,
57,7/20/20 2:00,20.007,,,,,,
58,7/20/20 3:00,20.007,,,,,,
59,7/20/20 4:00,20.007,,,,,,
60,7/20/20 5:00,20.007,,,,,,
61,7/20/20 6:00,20.007,,,,,,
62,7/20/20 7:00,20.007,,,,,,
63,7/20/20 8:00,20.007,,,,,,
64,7/20/20 9:00,20.007,,,,,,
65,7/20/20 10:00,20.031,,,,,,
66,7/20/20 11:00,20.031,,,,,,
67,7/20/20 12:00,20.031,0.118,,,,,
68,7/20/20 13:00,20.055,,,,,,
69,7/20/20 14:00,20.055,,,,,,
70,7/20/20 15:00,20.079,,,,,,
71,7/20/20 16:00,20.103,,,,,,
72,7/20/20 17:00,20.126,,,,,,
73,7/20/20 18:00,20.15,,,,,,
74,7/20/20 19:00,20.174,,,,,,
75,7/20/20 20:00,20.198,,,,,,
76,7/20/20 21:00,20.198,,,,,,
77,7/20/20 22:00,20.198,,,,,,
78,7/20/20 23:00,20.222,,,,,,
79,7/21/20 0:00,20.222,,,,,,
80,7/21/20 1:00,20.222,,,,,,
81,7/21/20 2:00,20.222,,,,,,
82,7/21/20 3:00,20.222,,,,,,
83,7/21/20 4:00,20.222,,,,,,
84,7/21/20 5:00,20.222,,,,,,
85,7/21/20 6:00,20.222,,,,,,
86,7/21/20 7:00,20.222,,,,,,
87,7/21/20 8:00,20.222,,,,,,
88,7/21/20 9:00,20.246,,,,,,
89,7/21/20 10:00,20.246,,,,,,
90,7/21/20 11:00,20.246,,,,,,
91,7/21/20 12:00,20.246,0.436,,,,,
92,7/21/20 13:00,20.269,,,,,,
93,7/21/20 14:00,20.293,,,,,,
94,7/21/20 15:00,20.293,,,,,,
95,7/21/20 16:00,20.317,,,,,,
96,7/21/20 17:00,20.341,,,,,,
97,7/21/20 18:00,20.341,,,,,,
98,7/21/20 19:00,20.365,,,,,,
99,7/21/20 20:00,20.388,,,,,,
100,7/21/20 21:00,20.388,,,,,,
101,7/21/20 22:00,20.388,,,,,,
102,7/21/20 23:00,20.388,,,,,,
103,7/22/20 0:00,20.412,,,,,,
104,7/22/20 1:00,20.412,,,,,,
105,7/22/20 2:00,20.412,,,,,,
106,7/22/20 3:00,20.412,,,,,,
107,7/22/20 4:00,20.412,,,,,,
108,7/22/20 5:00,20.412,,,,,,
109,7/22/20 6:00,20.412,,,,,,
110,7/22/20 7:00,20.412,,,,,,
111,7/22/20 8:00,20.412,,,,,,
112,7/22/20 9:00,20.412,,,,,,
113,7/22/20 10:00,20.412,,,,,,
114,7/22/20 11:00,20.412,,,,,,
115,7/22/20 12:00,20.412,0.919,,,,,
116,7/22/20 13:00,20.436,,,,,,
117,7/22/20 14:00,20.436,,,,,,
118,7/22/20 15:00,20.46,,,,,,
119,7/22/20 16:00,20.484,,,,,,
120,7/22/20 17:00,20.484,,,,,,
121,7/22/20 18:00,20.507,,,,,,
122,7/22/20 19:00,20.507,,,,,,
123,7/22/20 20:00,20.531,,,,,,
124,7/22/20 21:00,20.531,,,,,,
125,7/22/20 22:00,20.531,,,,,,
126,7/22/20 23:00,20.531,,,,,,
127,7/23/20 0:00,20.555,,,,,,
128,7/23/20 1:00,20.555,,,,,,
129,7/23/20 2:00,20.555,,,,,,
130,7/23/20 3:00,20.555,,,,,,
131,7/23/20 4:00,20.555,,,,,,
132,7/23/20 5:00,20.555,,,,,,
133,7/23/20 6:00,20.555,,,,,,
134,7/23/20 7:00,20.555,,,,,,
135,7/23/20 8:00,20.531,,,,,,
136,7/23/20 9:00,20.531,,,,,,
137,7/23/20 10:00,20.507,,,,,,
138,7/23/20 11:00,20.507,,,,,,
139,7/23/20 12:00,20.507,1.439,,,,,
140,7/23/20 13:00,20.484,,,,,,
141,7/23/20 14:00,20.484,,,,,,
142,7/23/20 15:00,20.484,,,,,,
143,7/23/20 16:00,20.484,,,,,,
144,7/23/20 17:00,20.484,,,,,,
145,7/23/20 18:00,20.484,,,,,,
146,7/23/20 19:00,20.484,,,,,,
147,7/23/20 20:00,20.484,,,,,,
148,7/23/20 21:00,20.484,,,,,,
149,7/23/20 22:00,20.484,,,,,,
150,7/23/20 23:00,20.484,,,,,,
151,7/24/20 0:00,20.484,,,,,,
152,7/24/20 1:00,20.484,,,,,,
153,7/24/20 2:00,20.46,,,,,,
154,7/24/20 3:00,20.46,,,,,,
155,7/24/20 4:00,20.46,,,,,,
156,7/24/20 5:00,20.436,,,,,,
157,7/24/20 6:00,20.436,,,,,,
158,7/24/20 7:00,20.436,,,,,,
159,7/24/20 8:00,20.436,,,,,,
160,7/24/20 9:00,20.412,,,,,,
161,7/24/20 10:00,20.412,,,,,,
162,7/24/20 11:00,20.388,,,,,,
163,7/24/20 12:00,20.388,1.874,,,,,
164,7/24/20 13:00,20.388,,,,,,
165,7/24/20 14:00,20.388,,,,,,
166,7/24/20 15:00,20.388,,,,,,
167,7/24/20 16:00,20.388,,,,,,
168,7/24/20 17:00,20.388,,,,,,
169,7/24/20 18:00,20.388,,,,,,
170,7/24/20 19:00,20.388,,,,,,
171,7/24/20 20:00,20.412,,,,,,
172,7/24/20 21:00,20.412,,,,,,
173,7/24/20 22:00,20.388,,,,,,
174,7/24/20 23:00,20.388,,,,,,
175,7/25/20 0:00,20.388,,,,,,
176,7/25/20 1:00,20.388,,,,,,
177,7/25/20 2:00,20.388,,,,,,
178,7/25/20 3:00,20.388,,,,,,
179,7/25/20 4:00,20.365,,,,,,
180,7/25/20 5:00,20.365,,,,,,
181,7/25/20 6:00,20.365,,,,,,
182,7/25/20 7:00,20.341,,,,,,
183,7/25/20 8:00,20.341,,,,,,
184,7/25/20 9:00,20.341,,,,,,
185,7/25/20 10:00,20.341,,,,,,
186,7/25/20 11:00,20.341,,,,,,
187,7/25/20 12:00,20.317,2.227,,,,,
188,7/25/20 13:00,20.317,,,,,,
189,7/25/20 14:00,20.341,,,,,,
190,7/25/20 15:00,20.341,,,,,,
191,7/25/20 16:00,20.341,,,,,,
192,7/25/20 17:00,20.365,,,,,,
193,7/25/20 18:00,20.365,,,,,,
194,7/25/20 19:00,20.388,,,,,,
195,7/25/20 20:00,20.388,,,,,,
196,7/25/20 21:00,20.388,,,,,,
197,7/25/20 22:00,20.388,,,,,,
198,7/25/20 23:00,20.388,,,,,,
199,7/26/20 0:00,20.388,,,,,,
200,7/26/20 1:00,20.388,,,,,,
201,7/26/20 2:00,20.388,,,,,,
202,7/26/20 3:00,20.388,,,,,,
203,7/26/20 4:00,20.388,,,,,,
204,7/26/20 5:00,20.388,,,,,,
205,7/26/20 6:00,20.388,,,,,,
206,7/26/20 7:00,20.388,,,,,,
207,7/26/20 8:00,20.365,,,,,,
208,7/26/20 9:00,20.365,,,,,,
209,7/26/20 10:00,20.365,,,,,,
210,7/26/20 11:00,20.365,,,,,,
211,7/26/20 12:00,20.365,2.628,,,,,
212,7/26/20 13:00,20.365,,,,,,
213,7/26/20 14:00,20.388,,,,,,
214,7/26/20 15:00,20.388,,,,,,
215,7/26/20 16:00,20.388,,,,,,
216,7/26/20 17:00,20.412,,,,,,
217,7/26/20 18:00,20.412,,,,,,
218,7/26/20 19:00,20.436,,,,,,
219,7/26/20 20:00,20.436,,,,,,
220,7/26/20 21:00,20.436,,,,,,
221,7/26/20 22:00,20.436,,,,,,
222,7/26/20 23:00,20.436,,,,,,
223,7/27/20 0:00,20.436,,,,,,
224,7/27/20 1:00,20.436,,,,,,
225,7/27/20 2:00,20.436,,,,,,
226,7/27/20 3:00,20.436,,,,,,
227,7/27/20 4:00,20.436,,,,,,
228,7/27/20 5:00,20.436,,,,,,
229,7/27/20 6:00,20.412,,,,,,
230,7/27/20 7:00,20.412,,,,,,
231,7/27/20 8:00,20.412,,,,,,
232,7/27/20 9:00,20.412,,,,,,
233,7/27/20 10:00,20.412,,,,,,
234,7/27/20 11:00,20.412,,,,,,
235,7/27/20 12:00,20.412,3.064,,,,,
236,7/27/20 13:00,20.412,,,,,,
237,7/27/20 14:00,20.436,,,,,,
238,7/27/20 15:00,20.436,,,,,,
239,7/27/20 16:00,20.436,,,,,,
240,7/27/20 17:00,20.436,,,,,,
241,7/27/20 18:00,20.46,,,,,,
242,7/27/20 19:00,20.46,,,,,,
243,7/27/20 20:00,20.46,,,,,,
244,7/27/20 21:00,20.46,,,,,,
245,7/27/20 22:00,20.46,,,,,,
246,7/27/20 23:00,20.46,,,,,,
247,7/28/20 0:00,20.46,,,,,,
248,7/28/20 1:00,20.46,,,,,,
249,7/28/20 2:00,20.436,,,,,,
250,7/28/20 3:00,20.436,,,,,,
251,7/28/20 4:00,20.436,,,,,,
252,7/28/20 5:00,20.436,,,,,,
253,7/28/20 6:00,20.436,,,,,,
254,7/28/20 7:00,20.436,,,,,,
255,7/28/20 8:00,20.412,,,,,,
256,7/28/20 9:00,20.412,,,,,,
257,7/28/20 10:00,20.388,,,,,,
258,7/28/20 11:00,20.388,,,,,,
259,7/28/20 12:00,20.365,3.464,,,,,
260,7/28/20 13:00,20.341,,,,,,
261,7/28/20 14:00,20.341,,,,,,
262,7/28/20 15:00,20.341,,,,,,
263,7/28/20 16:00,20.341,,,,,,
264,7/28/20 17:00,20.341,,,,,,
265,7/28/20 18:00,20.341,,,,,,
266,7/28/20 19:00,20.341,,,,,,
267,7/28/20 20:00,20.341,,,,,,
268,7/28/20 21:00,20.341,,,,,,
269,7/28/20 22:00,20.341,,,,,,
270,7/28/20 23:00,20.341,,,,,,
271,7/29/20 0:00,20.341,,,,,,
272,7/29/20 1:00,20.317,,,,,,
273,7/29/20 2:00,20.317,,,,,,
274,7/29/20 3:00,20.317,,,,,,
275,7/29/20 4:00,20.317,,,,,,
276,7/29/20 5:00,20.293,,,,,,
277,7/29/20 6:00,20.293,,,,,,
278,7/29/20 7:00,20.293,,,,,,
279,7/29/20 8:00,20.293,,,,,,
280,7/29/20 9:00,20.269,,,,,,
281,7/29/20 10:00,20.269,,,,,,
282,7/29/20 11:00,20.269,,,,,,
283,7/29/20 12:00,20.269,3.769,,,,,
284,7/29/20 13:00,20.269,,,,,,
285,7/29/20 14:00,20.269,,,,,,
286,7/29/20 15:00,20.269,,,,,,
287,7/29/20 16:00,20.293,,,,,,
288,7/29/20 17:00,20.293,,,,,,
289,7/29/20 18:00,20.293,,,,,,
290,7/29/20 19:00,20.317,,,,,,
291,7/29/20 20:00,20.317,,,,,,
292,7/29/20 21:00,20.317,,,,,,
293,7/29/20 22:00,20.317,,,,,,
294,7/29/20 23:00,20.317,,,,,,
295,7/30/20 0:00,20.317,,,,,,
296,7/30/20 1:00,20.317,,,,,,
297,7/30/20 2:00,20.317,,,,,,
298,7/30/20 3:00,20.317,,,,,,
299,7/30/20 4:00,20.317,,,,,,
300,7/30/20 5:00,20.317,,,,,,
301,7/30/20 6:00,20.317,,,,,,
302,7/30/20 7:00,20.317,,,,,,
303,7/30/20 8:00,20.317,,,,,,
304,7/30/20 9:00,20.293,,,,,,
305,7/30/20 10:00,20.293,,,,,,
306,7/30/20 11:00,20.293,,,,,,
307,7/30/20 12:00,20.293,4.062,,,,,
308,7/30/20 13:00,20.269,,,,,,
309,7/30/20 14:00,20.269,,,,,,
310,7/30/20 15:00,20.269,,,,,,
311,7/30/20 16:00,20.293,,,,,,
312,7/30/20 17:00,20.293,,,,,,
313,7/30/20 18:00,20.293,,,,,,
314,7/30/20 19:00,20.317,,,,,,
315,7/30/20 20:00,20.317,,,,,,
316,7/30/20 21:00,20.317,,,,,,
317,7/30/20 22:00,20.317,,,,,,
318,7/30/20 23:00,20.293,,,,,,
319,7/31/20 0:00,20.293,,,,,,
320,7/31/20 1:00,20.293,,,,,,
321,7/31/20 2:00,20.293,,,,,,
322,7/31/20 3:00,20.293,,,,,,
323,7/31/20 4:00,20.293,,,,,,
324,7/31/20 5:00,20.293,,,,,,
325,7/31/20 6:00,20.293,,,,,,
326,7/31/20 7:00,20.269,,,,,,
327,7/31/20 8:00,20.269,,,,,,
328,7/31/20 9:00,20.269,,,,,,
329,7/31/20 10:00,20.246,,,,,,
330,7/31/20 11:00,20.246,,,,,,
331,7/31/20 12:00,20.246,4.32,,,,,
332,7/31/20 13:00,20.222,,,,,,
333,7/31/20 14:00,20.222,,,,,,
334,7/31/20 15:00,20.222,,,,,,
335,7/31/20 16:00,20.222,,,,,,
336,7/31/20 17:00,20.246,,,,,,
337,7/31/20 18:00,20.246,,,,,,
338,7/31/20 19:00,20.246,,,,,,
339,7/31/20 20:00,20.246,,,,,,
340,7/31/20 21:00,20.246,,,,,,
341,7/31/20 22:00,20.246,,,,,,
342,7/31/20 23:00,20.246,,,,,,
343,8/1/20 0:00,20.246,,,,,,
344,8/1/20 1:00,20.246,,,,,,
345,8/1/20 2:00,20.222,,,,,,
346,8/1/20 3:00,20.222,,,,,,
347,8/1/20 4:00,20.222,,,,,,
348,8/1/20 5:00,20.222,,,,,,
349,8/1/20 6:00,20.222,,,,,,
350,8/1/20 7:00,20.198,,,,,,
351,8/1/20 8:00,20.198,,,,,,
352,8/1/20 9:00,20.198,,,,,,
353,8/1/20 10:00,20.198,,,,,,
354,8/1/20 11:00,20.174,,,,,,
355,8/1/20 12:00,20.174,4.53,,,,,
356,8/1/20 13:00,20.174,,,,,,
357,8/1/20 14:00,20.174,,,,,,
358,8/1/20 15:00,20.174,,,,,,
359,8/1/20 16:00,20.174,,,,,,
360,8/1/20 17:00,20.198,,,,,,
361,8/1/20 18:00,20.198,,,,,,
362,8/1/20 19:00,20.198,,,,,,
363,8/1/20 20:00,20.198,,,,,,
364,8/1/20 21:00,20.198,,,,,,
365,8/1/20 22:00,20.198,,,,,,
366,8/1/20 23:00,20.198,,,,,,
367,8/2/20 0:00,20.198,,,,,,
368,8/2/20 1:00,20.198,,,,,,
369,8/2/20 2:00,20.198,,,,,,
370,8/2/20 3:00,20.198,,,,,,
371,8/2/20 4:00,20.198,,,,,,
372,8/2/20 5:00,20.174,,,,,,
373,8/2/20 6:00,20.174,,,,,,
374,8/2/20 7:00,20.174,,,,,,
375,8/2/20 8:00,20.174,,,,,,
376,8/2/20 9:00,20.174,,,,,,
377,8/2/20 10:00,20.174,,,,,,
378,8/2/20 11:00,20.15,,,,,,
379,8/2/20 12:00,20.15,4.704,,,,,
380,8/2/20 13:00,20.15,,,,,,
381,8/2/20 14:00,20.15,,,,,,
382,8/2/20 15:00,20.15,,,,,,
383,8/2/20 16:00,20.174,,,,,,
384,8/2/20 17:00,20.174,,,,,,
385,8/2/20 18:00,20.174,,,,,,
386,8/2/20 19:00,20.198,,,,,,
387,8/2/20 20:00,20.198,,,,,,
388,8/2/20 21:00,20.198,,,,,,
389,8/2/20 22:00,20.198,,,,,,
390,8/2/20 23:00,20.198,,,,,,
391,8/3/20 0:00,20.198,,,,,,
392,8/3/20 1:00,20.198,,,,,,
393,8/3/20 2:00,20.198,,,,,,
394,8/3/20 3:00,20.198,,,,,,
395,8/3/20 4:00,20.174,,,,,,
396,8/3/20 5:00,20.174,,,,,,
397,8/3/20 6:00,20.174,,,,,,
398,8/3/20 7:00,20.174,,,,,,
399,8/3/20 8:00,20.174,,,,,,
400,8/3/20 9:00,20.174,,,,,,
401,8/3/20 10:00,20.174,,,,,,
402,8/3/20 11:00,20.15,,,,,,
403,8/3/20 12:00,20.15,4.878,,,,,
404,8/3/20 13:00,20.15,,,,,,
405,8/3/20 14:00,20.15,,,,,,
406,8/3/20 15:00,20.15,,,,,,
407,8/3/20 16:00,20.15,,,,,,
408,8/3/20 17:00,20.174,,,,,,
409,8/3/20 18:00,20.174,,,,,,
410,8/3/20 19:00,20.198,,,,,,
411,8/3/20 20:00,20.198,,,,,,
412,8/3/20 21:00,20.198,,,,,,
413,8/3/20 22:00,20.198,,,,,,
414,8/3/20 23:00,20.198,,,,,,
415,8/4/20 0:00,20.198,,,,,,
416,8/4/20 1:00,20.198,,,,,,
417,8/4/20 2:00,20.198,,,,,,
418,8/4/20 3:00,20.174,,,,,,
419,8/4/20 4:00,20.174,,,,,,
420,8/4/20 5:00,20.174,,,,,,
421,8/4/20 6:00,20.174,,,,,,
422,8/4/20 7:00,20.174,,,,,,
423,8/4/20 8:00,20.174,,,,,,
424,8/4/20 9:00,20.174,,,,,,
425,8/4/20 10:00,20.174,,,,,,
426,8/4/20 11:00,20.15,,,,,,
427,8/4/20 12:00,20.15,5.064,,,,,
428,8/4/20 13:00,20.15,,,,,,
429,8/4/20 14:00,20.15,,,,,,
430,8/4/20 15:00,20.174,,,,,,
431,8/4/20 16:00,20.174,,,,,,
432,8/4/20 17:00,20.174,,,,,,
433,8/4/20 18:00,20.198,,,,,,
434,8/4/20 19:00,20.198,,,,,,
435,8/4/20 20:00,20.198,,,,,,
436,8/4/20 21:00,20.198,,,,,,
437,8/4/20 22:00,20.222,,,,,,
438,8/4/20 23:00,20.222,,,,,,
439,8/5/20 0:00,20.222,,,,,,
440,8/5/20 1:00,20.222,,,,,,
441,8/5/20 2:00,20.222,,,,,,
442,8/5/20 3:00,20.198,,,,,,
443,8/5/20 4:00,20.198,,,,,,
444,8/5/20 5:00,20.198,,,,,,
445,8/5/20 6:00,20.198,,,,,,
446,8/5/20 7:00,20.198,,,,,,
447,8/5/20 8:00,20.198,,,,,,
448,8/5/20 9:00,20.198,,,,,,
449,8/5/20 10:00,20.198,,,,,,
450,8/5/20 11:00,20.198,,,,,,
451,8/5/20 12:00,20.198,5.297,,,,,
452,8/5/20 13:00,20.198,,,,,,
453,8/5/20 14:00,20.198,,,,,,
454,8/5/20 15:00,20.222,,,,,,
455,8/5/20 16:00,20.222,,,,,,
456,8/5/20 17:00,20.222,,,,,,
457,8/5/20 18:00,20.246,,,,,,
458,8/5/20 19:00,20.246,,,,,,
459,8/5/20 20:00,20.246,,,,,,
460,8/5/20 21:00,20.246,,,,,,
461,8/5/20 22:00,20.246,,,,,,
462,8/5/20 23:00,20.269,,,,,,
463,8/6/20 0:00,20.246,,,,,,
464,8/6/20 1:00,20.269,,,,,,
465,8/6/20 2:00,20.246,,,,,,
466,8/6/20 3:00,20.246,,,,,,
467,8/6/20 4:00,20.246,,,,,,
468,8/6/20 5:00,20.246,,,,,,
469,8/6/20 6:00,20.246,,,,,,
470,8/6/20 7:00,20.246,,,,,,
471,8/6/20 8:00,20.246,,,,,,
472,8/6/20 9:00,20.246,,,,,,
473,8/6/20 10:00,20.246,,,,,,
474,8/6/20 11:00,20.222,,,,,,
475,8/6/20 12:00,20.222,5.53,,,,,
476,8/6/20 13:00,20.222,,,,,,
477,8/6/20 14:00,20.198,,,,,,
478,8/6/20 15:00,20.198,,,,,,
479,8/6/20 16:00,20.198,,,,,,
480,8/6/20 17:00,20.198,,,,,,
481,8/6/20 18:00,20.198,,,,,,
482,8/6/20 19:00,20.198,,,,,,
483,8/6/20 20:00,20.198,,,,,,
484,8/6/20 21:00,20.198,,,,,,
485,8/6/20 22:00,20.198,,,,,,
486,8/6/20 23:00,20.198,,,,,,
487,8/7/20 0:00,20.198,,,,,,
488,8/7/20 1:00,20.174,,,,,,
489,8/7/20 2:00,20.174,,,,,,
490,8/7/20 3:00,20.174,,,,,,
491,8/7/20 4:00,20.174,,,,,,
492,8/7/20 5:00,20.15,,,,,,
493,8/7/20 6:00,20.15,,,,,,
494,8/7/20 7:00,20.15,,,,,,
495,8/7/20 8:00,20.126,,,,,,
496,8/7/20 9:00,20.079,,,,,,
497,8/7/20 10:00,20.055,,,,,,
498,8/7/20 11:00,20.031,,,,,,
499,8/7/20 12:00,20.007,5.629,,,,,
500,8/7/20 13:00,20.007,,,,,,
501,8/7/20 14:00,19.984,,,,,,
502,8/7/20 15:00,19.984,,,,,,
503,8/7/20 16:00,19.984,,,,,,
504,8/7/20 17:00,19.984,,,,,,
505,8/7/20 18:00,19.984,,,,,,
506,8/7/20 19:00,19.984,,,,,,
507,8/7/20 20:00,19.984,,,,,,
508,8/7/20 21:00,19.984,,,,,,
509,8/7/20 22:00,19.984,,,,,,
510,8/7/20 23:00,19.984,,,,,,
511,8/8/20 0:00,19.984,,,,,,
512,8/8/20 1:00,19.984,,,,,,
513,8/8/20 2:00,19.96,,,,,,
514,8/8/20 3:00,19.96,,,,,,
515,8/8/20 4:00,19.96,,,,,,
516,8/8/20 5:00,19.96,,,,,,
517,8/8/20 6:00,19.936,,,,,,
518,8/8/20 7:00,19.936,,,,,,
519,8/8/20 8:00,19.936,,,,,,
520,8/8/20 9:00,19.936,,,,,,
521,8/8/20 10:00,19.912,,,,,,
522,8/8/20 11:00,19.912,,,,,,
523,8/8/20 12:00,19.888,5.629,,,,,
524,8/8/20 13:00,19.865,,,,,,
525,8/8/20 14:00,19.865,,,,,,
526,8/8/20 15:00,19.865,,,,,,
527,8/8/20 16:00,19.865,,,,,,
528,8/8/20 17:00,19.865,,,,,,
529,8/8/20 18:00,19.888,,,,,,
530,8/8/20 19:00,19.888,,,,,,
531,8/8/20 20:00,19.888,,,,,,
532,8/8/20 21:00,19.888,,,,,,
533,8/8/20 22:00,19.888,,,,,,
534,8/8/20 23:00,19.888,,,,,,
535,8/9/20 0:00,19.888,,,,,,
536,8/9/20 1:00,19.865,,,,,,
537,8/9/20 2:00,19.865,,,,,,
538,8/9/20 3:00,19.865,,,,,,
539,8/9/20 4:00,19.865,,,,,,
540,8/9/20 5:00,19.865,,,,,,
541,8/9/20 6:00,19.865,,,,,,
542,8/9/20 7:00,19.841,,,,,,
543,8/9/20 8:00,19.841,,,,,,
544,8/9/20 9:00,19.841,,,,,,
545,8/9/20 10:00,19.841,,,,,,
546,8/9/20 11:00,19.841,,,,,,
547,8/9/20 12:00,19.841,5.629,,,,,
548,8/9/20 13:00,19.841,,,,,,
549,8/9/20 14:00,19.841,,,,,,
550,8/9/20 15:00,19.841,,,,,,
551,8/9/20 16:00,19.841,,,,,,
552,8/9/20 17:00,19.865,,,,,,
553,8/9/20 18:00,19.865,,,,,,
554,8/9/20 19:00,19.888,,,,,,
555,8/9/20 20:00,19.888,,,,,,
556,8/9/20 21:00,19.888,,,,,,
557,8/9/20 22:00,19.888,,,,,,
558,8/9/20 23:00,19.888,,,,,,
559,8/10/20 0:00,19.888,,,,,,
560,8/10/20 1:00,19.888,,,,,,
561,8/10/20 2:00,19.888,,,,,,
562,8/10/20 3:00,19.888,,,,,,
563,8/10/20 4:00,19.888,,,,,,
564,8/10/20 5:00,19.888,,,,,,
565,8/10/20 6:00,19.888,,,,,,
566,8/10/20 7:00,19.888,,,,,,
567,8/10/20 8:00,19.888,,,,,,
568,8/10/20 9:00,19.888,,,,,,
569,8/10/20 10:00,19.888,,,,,,
570,8/10/20 11:00,19.888,,,,,,
571,8/10/20 12:00,19.888,5.629,,,,,
572,8/10/20 13:00,19.888,,,,,,
573,8/10/20 14:00,19.912,,,,,,
574,8/10/20 15:00,19.912,,,,,,
575,8/10/20 16:00,19.912,,,,,,
576,8/10/20 17:00,19.936,,,,,,
577,8/10/20 18:00,19.936,,,,,,
578,8/10/20 19:00,19.96,,,,,,
579,8/10/20 20:00,19.96,,,,,,
580,8/10/20 21:00,19.96,,,,,,
581,8/10/20 22:00,19.984,,,,,,
582,8/10/20 23:00,19.984,,,,,,
583,8/11/20 0:00,19.984,,,,,,
584,8/11/20 1:00,19.984,,,,,,
585,8/11/20 2:00,19.984,,,,,,
586,8/11/20 3:00,19.984,,,,,,
587,8/11/20 4:00,19.984,,,,,,
588,8/11/20 5:00,19.984,,,,,,
589,8/11/20 6:00,19.984,,,,,,
590,8/11/20 7:00,19.984,,,,,,
591,8/11/20 8:00,19.984,,,,,,
592,8/11/20 9:00,19.984,,,,,,
593,8/11/20 10:00,20.007,,,,,,
594,8/11/20 11:00,20.007,,,,,,
595,8/11/20 12:00,20.007,5.692,,,,,
596,8/11/20 13:00,20.007,,,,,,
597,8/11/20 14:00,20.007,,,,,,
598,8/11/20 15:00,20.031,,,,,,
599,8/11/20 16:00,20.055,,,,,,
600,8/11/20 17:00,20.055,,,,,,
601,8/11/20 18:00,20.079,,,,,,
602,8/11/20 19:00,20.079,,,,,,
603,8/11/20 20:00,20.103,,,,,,
604,8/11/20 21:00,20.103,,,,,,
605,8/11/20 22:00,20.126,,,,,,
606,8/11/20 23:00,20.126,,,,,,
607,8/12/20 0:00,20.126,,,,,,
608,8/12/20 1:00,20.126,,,,,,
609,8/12/20 2:00,20.126,,,,,,
610,8/12/20 3:00,20.15,,,,,,
611,8/12/20 4:00,20.15,,,,,,
612,8/12/20 5:00,20.15,,,,,,
613,8/12/20 6:00,20.15,,,,,,
614,8/12/20 7:00,20.15,,,,,,
615,8/12/20 8:00,20.15,,,,,,
616,8/12/20 9:00,20.15,,,,,,
617,8/12/20 10:00,20.15,,,,,,
618,8/12/20 11:00,20.15,,,,,,
619,8/12/20 12:00,20.15,5.854,,,,,
620,8/12/20 13:00,20.15,,,,,,
621,8/12/20 14:00,20.15,,,,,,
622,8/12/20 15:00,20.15,,,,,,
623,8/12/20 16:00,20.15,,,,,,
624,8/12/20 17:00,20.174,,,,,,
625,8/12/20 18:00,20.174,,,,,,
626,8/12/20 19:00,20.174,,,,,,
627,8/12/20 20:00,20.198,,,,,,
628,8/12/20 21:00,20.198,,,,,,
629,8/12/20 22:00,20.198,,,,,,
630,8/12/20 23:00,20.198,,,,,,
631,8/13/20 0:00,20.198,,,,,,
632,8/13/20 1:00,20.198,,,,,,
633,8/13/20 2:00,20.198,,,,,,
634,8/13/20 3:00,20.198,,,,,,
635,8/13/20 4:00,20.198,,,,,,
636,8/13/20 5:00,20.198,,,,,,
637,8/13/20 6:00,20.198,,,,,,
638,8/13/20 7:00,20.198,,,,,,
639,8/13/20 8:00,20.198,,,,,,
640,8/13/20 9:00,20.174,,,,,,
641,8/13/20 10:00,20.174,,,,,,
642,8/13/20 11:00,20.174,,,,,,
643,8/13/20 12:00,20.15,6.028,,,,,
644,8/13/20 13:00,20.15,,,,,,
645,8/13/20 14:00,20.15,,,,,,
646,8/13/20 15:00,20.15,,,,,,
647,8/13/20 16:00,20.15,,,,,,
648,8/13/20 17:00,20.15,,,,,,
649,8/13/20 18:00,20.15,,,,,,
650,8/13/20 19:00,20.174,,,,,,
651,8/13/20 20:00,20.174,,,,,,
652,8/13/20 21:00,20.174,,,,,,
653,8/13/20 22:00,20.174,,,,,,
654,8/13/20 23:00,20.174,,,,,,
655,8/14/20 0:00,20.174,,,,,,
656,8/14/20 1:00,20.174,,,,,,
657,8/14/20 2:00,20.174,,,,,,
658,8/14/20 3:00,20.15,,,,,,
659,8/14/20 4:00,20.15,,,,,,
660,8/14/20 5:00,20.15,,,,,,
661,8/14/20 6:00,20.15,,,,,,
662,8/14/20 7:00,20.15,,,,,,
663,8/14/20 8:00,20.15,,,,,,
664,8/14/20 9:00,20.15,,,,,,
665,8/14/20 10:00,20.126,,,,,,
666,8/14/20 11:00,20.126,,,,,,
667,8/14/20 12:00,20.126,6.166,,,,,
668,8/14/20 13:00,20.103,,,,,,
669,8/14/20 14:00,20.103,,,,,,
670,8/14/20 15:00,20.103,,,,,,
671,8/14/20 16:00,20.126,,,,,,
672,8/14/20 17:00,20.126,,,,,,
673,8/14/20 18:00,20.126,,,,,,
674,8/14/20 19:00,20.126,,,,,,
675,8/14/20 20:00,20.126,,,,,,
676,8/14/20 21:00,20.126,,,,,,
677,8/14/20 22:00,20.126,,,,,,
678,8/14/20 23:00,20.126,,,,,,
679,8/15/20 0:00,20.126,,,,,,
680,8/15/20 1:00,20.126,,,,,,
681,8/15/20 2:00,20.126,,,,,,
682,8/15/20 3:00,20.103,,,,,,
683,8/15/20 4:00,20.103,,,,,,
684,8/15/20 5:00,20.103,,,,,,
685,8/15/20 6:00,20.103,,,,,,
686,8/15/20 7:00,20.103,,,,,,
687,8/15/20 8:00,20.103,,,,,,
688,8/15/20 9:00,20.103,,,,,,
689,8/15/20 10:00,20.103,,,,,,
690,8/15/20 11:00,20.103,,,,,,
691,8/15/20 12:00,20.103,6.317,,,,,
692,8/15/20 13:00,20.103,,,,,,
693,8/15/20 14:00,20.103,,,,,,
694,8/15/20 15:00,20.103,,,,,,
695,8/15/20 16:00,20.126,,,,,,
696,8/15/20 17:00,20.126,,,,,,
697,8/15/20 18:00,20.15,,,,,,
698,8/15/20 19:00,20.15,,,,,,
699,8/15/20 20:00,20.15,,,,,,
700,8/15/20 21:00,20.174,,,,,,
701,8/15/20 22:00,20.174,,,,,,
702,8/15/20 23:00,20.174,,,,,,
703,8/16/20 0:00,20.198,,,,,,
704,8/16/20 1:00,20.198,,,,,,
705,8/16/20 2:00,20.198,,,,,,
706,8/16/20 3:00,20.198,,,,,,
707,8/16/20 4:00,20.198,,,,,,
708,8/16/20 5:00,20.198,,,,,,
709,8/16/20 6:00,20.198,,,,,,
710,8/16/20 7:00,20.198,,,,,,
711,8/16/20 8:00,20.198,,,,,,
712,8/16/20 9:00,20.198,,,,,,
713,8/16/20 10:00,20.198,,,,,,
714,8/16/20 11:00,20.198,,,,,,
715,8/16/20 12:00,20.198,6.527,,,,,
716,8/16/20 13:00,20.198,,,,,,
717,8/16/20 14:00,20.198,,,,,,
718,8/16/20 15:00,20.198,,,,,,
719,8/16/20 16:00,20.198,,,,,,
720,8/16/20 17:00,20.198,,,,,,
721,8/16/20 18:00,20.198,,,,,,
722,8/16/20 19:00,20.222,,,,,,
723,8/16/20 20:00,20.222,,,,,,
724,8/16/20 21:00,20.222,,,,,,
725,8/16/20 22:00,20.222,,,,,,
726,8/16/20 23:00,20.222,,,,,,
727,8/17/20 0:00,20.222,,,,,,
728,8/17/20 1:00,20.222,,,,,,
729,8/17/20 2:00,20.222,,,,,,
730,8/17/20 3:00,20.222,,,,,,
731,8/17/20 4:00,20.222,,,,,,
732,8/17/20 5:00,20.222,,,,,,
733,8/17/20 6:00,20.222,,,,,,
734,8/17/20 7:00,20.222,,,,,,
735,8/17/20 8:00,20.222,,,,,,
736,8/17/20 9:00,20.222,,,,,,
737,8/17/20 10:00,20.222,,,,,,
738,8/17/20 11:00,20.198,,,,,,
739,8/17/20 12:00,20.198,6.701,,,,,
740,8/17/20 13:00,20.198,,,,,,
741,8/17/20 14:00,20.174,,,,,,
742,8/17/20 15:00,20.174,,,,,,
743,8/17/20 16:00,20.174,,,,,,
744,8/17/20 17:00,20.15,,,,,,
745,8/17/20 18:00,20.15,,,,,,
746,8/17/20 19:00,20.15,,,,,,
747,8/17/20 20:00,20.15,,,,,,
748,8/17/20 21:00,20.15,,,,,,
749,8/17/20 22:00,20.126,,,,,,
750,8/17/20 23:00,20.126,,,,,,
751,8/18/20 0:00,20.126,,,,,,
752,8/18/20 1:00,20.126,,,,,,
753,8/18/20 2:00,20.103,,,,,,
754,8/18/20 3:00,20.103,,,,,,
755,8/18/20 4:00,20.103,,,,,,
756,8/18/20 5:00,20.103,,,,,,
757,8/18/20 6:00,20.079,,,,,,
758,8/18/20 7:00,20.079,,,,,,
759,8/18/20 8:00,20.055,,,,,,
760,8/18/20 9:00,20.031,,,,,,
761,8/18/20 10:00,20.007,,,,,,
762,8/18/20 11:00,20.007,,,,,,
763,8/18/20 12:00,19.984,6.764,,,,,
764,8/18/20 13:00,19.984,,,,,,
765,8/18/20 14:00,19.96,,,,,,
766,8/18/20 15:00,19.96,,,,,,
767,8/18/20 16:00,19.96,,,,,,
768,8/18/20 17:00,19.96,,,,,,
769,8/18/20 18:00,19.96,,,,,,
770,8/18/20 19:00,19.96,,,,,,
771,8/18/20 20:00,19.96,,,,,,
772,8/18/20 21:00,19.96,,,,,,
773,8/18/20 22:00,19.96,,,,,,
774,8/18/20 23:00,19.96,,,,,,
775,8/19/20 0:00,19.96,,,,,,
776,8/19/20 1:00,19.96,,,,,,
777,8/19/20 2:00,19.96,,,,,,
778,8/19/20 3:00,19.936,,,,,,
779,8/19/20 4:00,19.936,,,,,,
780,8/19/20 5:00,19.936,,,,,,
781,8/19/20 6:00,19.936,,,,,,
782,8/19/20 7:00,19.936,,,,,,
783,8/19/20 8:00,19.912,,,,,,
784,8/19/20 9:00,19.912,,,,,,
785,8/19/20 10:00,19.912,,,,,,
786,8/19/20 11:00,19.912,,,,,,
787,8/19/20 12:00,19.912,6.764,,,,,
788,8/19/20 13:00,19.912,,,,,,
789,8/19/20 14:00,19.912,,,,,,
790,8/19/20 15:00,19.912,,,,,,
791,8/19/20 16:00,19.912,,,,,,
792,8/19/20 17:00,19.912,,,,,,
793,8/19/20 18:00,19.936,,,,,,
794,8/19/20 19:00,19.936,,,,,,
795,8/19/20 20:00,19.936,,,,,,
796,8/19/20 21:00,19.936,,,,,,
797,8/19/20 22:00,19.96,,,,,,
798,8/19/20 23:00,19.96,,,,,,
799,8/20/20 0:00,19.96,,,,,,
800,8/20/20 1:00,19.96,,,,,,
801,8/20/20 2:00,19.96,,,,,,
802,8/20/20 3:00,19.96,,,,,,
803,8/20/20 4:00,19.96,,,,,,
804,8/20/20 5:00,19.96,,,,,,
805,8/20/20 6:00,19.96,,,,,,
806,8/20/20 7:00,19.936,,,,,,
807,8/20/20 8:00,19.936,,,,,,
808,8/20/20 9:00,19.912,,,,,,
809,8/20/20 10:00,19.888,,,,,,
810,8/20/20 11:00,19.841,,,,,,
811,8/20/20 12:00,19.817,6.764,,,,,
812,8/20/20 13:00,19.817,,,,,,
813,8/20/20 14:00,19.793,,,,,,
814,8/20/20 15:00,19.793,,,,,,
815,8/20/20 16:00,19.793,,,,,,
816,8/20/20 17:00,19.793,,,,,,
817,8/20/20 18:00,19.793,,,,,,
818,8/20/20 19:00,19.793,,,,,,
819,8/20/20 20:00,19.817,,,,,,
820,8/20/20 21:00,19.793,,,,,,
821,8/20/20 22:00,19.793,,,,,,
822,8/20/20 23:00,19.793,,,,,,
823,8/21/20 0:00,19.793,,,,,,
824,8/21/20 1:00,19.793,,,,,,
825,8/21/20 2:00,19.793,,,,,,
826,8/21/20 3:00,19.793,,,,,,
827,8/21/20 4:00,19.77,,,,,,
828,8/21/20 5:00,19.77,,,,,,
829,8/21/20 6:00,19.77,,,,,,
830,8/21/20 7:00,19.77,,,,,,
831,8/21/20 8:00,19.77,,,,,,
832,8/21/20 9:00,19.746,,,,,,
833,8/21/20 10:00,19.746,,,,,,
834,8/21/20 11:00,19.722,,,,,,
835,8/21/20 12:00,19.722,6.764,,,,,
836,8/21/20 13:00,19.698,,,,,,
837,8/21/20 14:00,19.698,,,,,,
838,8/21/20 15:00,19.698,,,,,,
839,8/21/20 16:00,19.698,,,,,,
840,8/21/20 17:00,19.698,,,,,,
841,8/21/20 18:00,19.698,,,,,,
842,8/21/20 19:00,19.698,,,,,,
843,8/21/20 20:00,19.698,,,,,,
844,8/21/20 21:00,19.698,,,,,,
845,8/21/20 22:00,19.698,,,,,,
846,8/21/20 23:00,19.698,,,,,,
847,8/22/20 0:00,19.698,,,,,,
848,8/22/20 1:00,19.698,,,,,,
849,8/22/20 2:00,19.698,,,,,,
850,8/22/20 3:00,19.698,,,,,,
851,8/22/20 4:00,19.698,,,,,,
852,8/22/20 5:00,19.698,,,,,,
853,8/22/20 6:00,19.674,,,,,,
854,8/22/20 7:00,19.674,,,,,,
855,8/22/20 8:00,19.674,,,,,,
856,8/22/20 9:00,19.674,,,,,,
857,8/22/20 10:00,19.674,,,,,,
858,8/22/20 11:00,19.674,,,,,,
859,8/22/20 12:00,19.651,6.764,,,,,
860,8/22/20 13:00,19.651,,,,,,
861,8/22/20 14:00,19.651,,,,,,
862,8/22/20 15:00,19.651,,,,,,
863,8/22/20 16:00,19.651,,,,,,
864,8/22/20 17:00,19.651,,,,,,
865,8/22/20 18:00,19.651,,,,,,
866,8/22/20 19:00,19.651,,,,,,
867,8/22/20 20:00,19.674,,,,,,
868,8/22/20 21:00,19.674,,,,,,
869,8/22/20 22:00,19.674,,,,,,
870,8/22/20 23:00,19.651,,,,,,
871,8/23/20 0:00,19.674,,,,,,
872,8/23/20 1:00,19.651,,,,,,
873,8/23/20 2:00,19.651,,,,,,
874,8/23/20 3:00,19.651,,,,,,
875,8/23/20 4:00,19.651,,,,,,
876,8/23/20 5:00,19.651,,,,,,
877,8/23/20 6:00,19.651,,,,,,
878,8/23/20 7:00,19.651,,,,,,
879,8/23/20 8:00,19.651,,,,,,
880,8/23/20 9:00,19.651,,,,,,
881,8/23/20 10:00,19.627,,,,,,
882,8/23/20 11:00,19.627,,,,,,
883,8/23/20 12:00,19.627,6.764,,,,,
884,8/23/20 13:00,19.627,,,,,,
885,8/23/20 14:00,19.627,,,,,,
886,8/23/20 15:00,19.627,,,,,,
887,8/23/20 16:00,19.627,,,,,,
888,8/23/20 17:00,19.627,,,,,,
889,8/23/20 18:00,19.627,,,,,,
890,8/23/20 19:00,19.627,,,,,,
891,8/23/20 20:00,19.627,,,,,,
892,8/23/20 21:00,19.627,,,,,,
893,8/23/20 22:00,19.627,,,,,,
894,8/23/20 23:00,19.627,,,,,,
895,8/24/20 0:00,19.627,,,,,,
896,8/24/20 1:00,19.627,,,,,,
897,8/24/20 2:00,19.627,,,,,,
898,8/24/20 3:00,19.603,,,,,,
899,8/24/20 4:00,19.603,,,,,,
900,8/24/20 5:00,19.603,,,,,,
901,8/24/20 6:00,19.603,,,,,,
902,8/24/20 7:00,19.603,,,,,,
903,8/24/20 8:00,19.603,,,,,,
904,8/24/20 9:00,19.603,,,,,,
905,8/24/20 10:00,19.579,,,,,,
906,8/24/20 11:00,19.579,,,,,,
907,8/24/20 12:00,19.579,6.764,,,,,
908,8/24/20 13:00,19.579,,,,,,
909,8/24/20 14:00,19.555,,,,,,
910,8/24/20 15:00,19.555,,,,,,
911,8/24/20 16:00,19.555,,,,,,
912,8/24/20 17:00,19.555,,,,,,
913,8/24/20 18:00,19.555,,,,,,
914,8/24/20 19:00,19.555,,,,,,
915,8/24/20 20:00,19.555,,,,,,
916,8/24/20 21:00,19.555,,,,,,
917,8/24/20 22:00,19.555,,,,,,
918,8/24/20 23:00,19.555,,,,,,
919,8/25/20 0:00,19.532,,,,,,
920,8/25/20 1:00,19.532,,,,,,
921,8/25/20 2:00,19.532,,,,,,
922,8/25/20 3:00,19.532,,,,,,
923,8/25/20 4:00,19.532,,,,,,
924,8/25/20 5:00,19.532,,,,,,
925,8/25/20 6:00,19.532,,,,,,
926,8/25/20 7:00,19.508,,,,,,
927,8/25/20 8:00,19.508,,,,,,
928,8/25/20 9:00,19.508,,,,,,
929,8/25/20 10:00,19.508,,,,,,
930,8/25/20 11:00,19.484,,,,,,
931,8/25/20 12:00,19.46,6.764,,,,,
932,8/25/20 13:00,19.46,,,,,,
933,8/25/20 14:00,19.46,,,,,,
934,8/25/20 15:00,19.436,,,,,,
935,8/25/20 16:00,19.436,,,,,,
936,8/25/20 17:00,19.436,,,,,,
937,8/25/20 18:00,19.436,,,,,,
938,8/25/20 19:00,19.436,,,,,,
939,8/25/20 20:00,19.46,,,,,,
940,8/25/20 21:00,19.436,,,,,,
941,8/25/20 22:00,19.436,,,,,,
942,8/25/20 23:00,19.436,,,,,,
943,8/26/20 0:00,19.436,,,,,,
944,8/26/20 1:00,19.436,,,,,,
945,8/26/20 2:00,19.436,,,,,,
946,8/26/20 3:00,19.436,,,,,,
947,8/26/20 4:00,19.436,,,,,,
948,8/26/20 5:00,19.436,,,,,,
949,8/26/20 6:00,19.413,,,,,,
950,8/26/20 7:00,19.413,,,,,,
951,8/26/20 8:00,19.413,,,,,,
952,8/26/20 9:00,19.413,,,,,,
953,8/26/20 10:00,19.413,,,,,,
954,8/26/20 11:00,19.389,,,,,,
955,8/26/20 12:00,19.389,6.764,,,,,
956,8/26/20 13:00,19.365,,,,,,
957,8/26/20 14:00,19.365,,,,,,
958,8/26/20 15:00,19.365,,,,,,
959,8/26/20 16:00,19.365,,,,,,
960,8/26/20 17:00,19.341,,,,,,
961,8/26/20 18:00,19.365,,,,,,
962,8/26/20 19:00,19.341,,,,,,
963,8/26/20 20:00,19.341,,,,,,
964,8/26/20 21:00,19.341,,,,,,
965,8/26/20 22:00,19.341,,,,,,
966,8/26/20 23:00,19.341,,,,,,
967,8/27/20 0:00,19.341,,,,,,
968,8/27/20 1:00,19.341,,,,,,
969,8/27/20 2:00,19.341,,,,,,
970,8/27/20 3:00,19.341,,,,,,
971,8/27/20 4:00,19.341,,,,,,
972,8/27/20 5:00,19.341,,,,,,
973,8/27/20 6:00,19.318,,,,,,
974,8/27/20 7:00,19.318,,,,,,
975,8/27/20 8:00,19.318,,,,,,
976,8/27/20 9:00,19.318,,,,,,
977,8/27/20 10:00,19.318,,,,,,
978,8/27/20 11:00,19.294,,,,,,
979,8/27/20 12:00,19.294,6.764,,,,,
980,8/27/20 13:00,19.294,,,,,,
981,8/27/20 14:00,19.27,,,,,,
982,8/27/20 15:00,19.27,,,,,,
983,8/27/20 16:00,19.27,,,,,,
984,8/27/20 17:00,19.27,,,,,,
985,8/27/20 18:00,19.27,,,,,,
986,8/27/20 19:00,19.27,,,,,,
987,8/27/20 20:00,19.27,,,,,,
988,8/27/20 21:00,19.27,,,,,,
989,8/27/20 22:00,19.27,,,,,,
990,8/27/20 23:00,19.27,,,,,,
991,8/28/20 0:00,19.27,,,,,,
992,8/28/20 1:00,19.27,,,,,,
993,8/28/20 2:00,19.27,,,,,,
994,8/28/20 3:00,19.27,,,,,,
995,8/28/20 4:00,19.27,,,,,,
996,8/28/20 5:00,19.246,,,,,,
997,8/28/20 6:00,19.246,,,,,,
998,8/28/20 7:00,19.246,,,,,,
999,8/28/20 8:00,19.246,,,,,,
1000,8/28/20 9:00,19.246,,,,,,
1001,8/28/20 10:00,19.222,,,,,,
1002,8/28/20 11:00,19.199,,,,,,
1003,8/28/20 12:00,19.199,6.764,,,,,
1004,8/28/20 13:00,19.199,,,,,,
1005,8/28/20 14:00,19.175,,,,,,
1006,8/28/20 15:00,19.175,,,,,,
1007,8/28/20 16:00,19.175,,,,,,
1008,8/28/20 17:00,19.175,,,,,,
1009,8/28/20 18:00,19.175,,,,,,
1010,8/28/20 19:00,19.199,,,,,,
1011,8/28/20 20:00,19.199,,,,,,
1012,8/28/20 21:00,19.199,,,,,,
1013,8/28/20 22:00,19.199,,,,,,
1014,8/28/20 23:00,19.199,,,,,,
1015,8/29/20 0:00,19.199,,,,,,
1016,8/29/20 1:00,19.175,,,,,,
1017,8/29/20 2:00,19.175,,,,,,
1018,8/29/20 3:00,19.175,,,,,,
1019,8/29/20 4:00,19.175,,,,,,
1020,8/29/20 5:00,19.175,,,,,,
1021,8/29/20 6:00,19.175,,,,,,
1022,8/29/20 7:00,19.175,,,,,,
1023,8/29/20 8:00,19.175,,,,,,
1024,8/29/20 9:00,19.151,,,,,,
1025,8/29/20 10:00,19.151,,,,,,
1026,8/29/20 11:00,19.151,,,,,,
1027,8/29/20 12:00,19.151,6.764,,,,,
1028,8/29/20 13:00,19.151,,,,,,
1029,8/29/20 14:00,19.151,,,,,,
1030,8/29/20 15:00,19.151,,,,,,
1031,8/29/20 16:00,19.151,,,,,,
1032,8/29/20 17:00,19.151,,,,,,
1033,8/29/20 18:00,19.151,,,,,,
1034,8/29/20 19:00,19.151,,,,,,
1035,8/29/20 20:00,19.151,,,,,,
1036,8/29/20 21:00,19.151,,,,,,
1037,8/29/20 22:00,19.151,,,,,,
1038,8/29/20 23:00,19.151,,,,,,
1039,8/30/20 0:00,19.151,,,,,,
1040,8/30/20 1:00,19.151,,,,,,
1041,8/30/20 2:00,19.151,,,,,,
1042,8/30/20 3:00,19.151,,,,,,
1043,8/30/20 4:00,19.151,,,,,,
1044,8/30/20 5:00,19.151,,,,,,
1045,8/30/20 6:00,19.151,,,,,,
1046,8/30/20 7:00,19.151,,,,,,
1047,8/30/20 8:00,19.151,,,,,,
1048,8/30/20 9:00,19.151,,,,,,
1049,8/30/20 10:00,19.151,,,,,,
1050,8/30/20 11:00,19.151,,,,,,
1051,8/30/20 12:00,19.127,6.764,,,,,
1052,8/30/20 13:00,19.127,,,,,,
1053,8/30/20 14:00,19.127,,,,,,
1054,8/30/20 15:00,19.127,,,,,,
1055,8/30/20 16:00,19.127,,,,,,
1056,8/30/20 17:00,19.127,,,,,,
1057,8/30/20 18:00,19.127,,,,,,
1058,8/30/20 19:00,19.151,,,,,,
1059,8/30/20 20:00,19.151,,,,,,
1060,8/30/20 21:00,19.151,,,,,,
1061,8/30/20 22:00,19.151,,,,,,
1062,8/30/20 23:00,19.151,,,,,,
1063,8/31/20 0:00,19.151,,,,,,
1064,8/31/20 1:00,19.151,,,,,,
1065,8/31/20 2:00,19.151,,,,,,
1066,8/31/20 3:00,19.151,,,,,,
1067,8/31/20 4:00,19.151,,,,,,
1068,8/31/20 5:00,19.151,,,,,,
1069,8/31/20 6:00,19.151,,,,,,
1070,8/31/20 7:00,19.151,,,,,,
1071,8/31/20 8:00,19.127,,,,,,
1072,8/31/20 9:00,19.127,,,,,,
1073,8/31/20 10:00,19.127,,,,,,
1074,8/31/20 11:00,19.103,,,,,,
1075,8/31/20 12:00,19.103,6.764,,,,,
1076,8/31/20 13:00,19.103,,,,,,
1077,8/31/20 14:00,19.08,,,,,,
1078,8/31/20 15:00,19.08,,,,,,
1079,8/31/20 16:00,19.08,,,,,,
1080,8/31/20 17:00,19.08,,,,,,
1081,8/31/20 18:00,19.103,,,,,,
1082,8/31/20 19:00,19.103,,,,,,
1083,8/31/20 20:00,19.103,,,,,,
1084,8/31/20 21:00,19.103,,,,,,
1085,8/31/20 22:00,19.103,,,,,,
1086,8/31/20 23:00,19.103,,,,,,
1087,9/1/20 0:00,19.103,,,,,,
1088,9/1/20 1:00,19.103,,,,,,
1089,9/1/20 2:00,19.103,,,,,,
1090,9/1/20 3:00,19.103,,,,,,
1091,9/1/20 4:00,19.103,,,,,,
1092,9/1/20 5:00,19.08,,,,,,
1093,9/1/20 6:00,19.08,,,,,,
1094,9/1/20 7:00,19.08,,,,,,
1095,9/1/20 8:00,19.08,,,,,,
1096,9/1/20 9:00,19.08,,,,,,
1097,9/1/20 10:00,19.08,,,,,,
1098,9/1/20 11:00,19.08,,,,,,
1099,9/1/20 12:00,19.056,6.764,,,,,
1100,9/1/20 13:00,19.056,,,,,,
1101,9/1/20 14:00,19.056,,,,,,
1102,9/1/20 15:00,19.056,,,,,,
1103,9/1/20 16:00,19.056,,,,,,
1104,9/1/20 17:00,19.056,,,,,,
1105,9/1/20 18:00,19.056,,,,,,
1106,9/1/20 19:00,19.056,,,,,,
1107,9/1/20 20:00,19.056,,,,,,
1108,9/1/20 21:00,19.056,,,,,,
1109,9/1/20 22:00,19.08,,,,,,
1110,9/1/20 23:00,19.056,,,,,,
1111,9/2/20 0:00,19.056,,,,,,
1112,9/2/20 1:00,19.056,,,,,,
1113,9/2/20 2:00,19.056,,,,,,
1114,9/2/20 3:00,19.056,,,,,,
1115,9/2/20 4:00,19.056,,,,,,
1116,9/2/20 5:00,19.056,,,,,,
1117,9/2/20 6:00,19.056,,,,,,
1118,9/2/20 7:00,19.056,,,,,,
1119,9/2/20 8:00,19.056,,,,,,
1120,9/2/20 9:00,19.056,,,,,,
1121,9/2/20 10:00,19.056,,,,,,
1122,9/2/20 11:00,19.056,,,,,,
1123,9/2/20 12:00,19.056,6.764,,,,,
1124,9/2/20 13:00,19.056,,,,,,
1125,9/2/20 14:00,19.056,,,,,,
1126,9/2/20 15:00,19.056,,,,,,
1127,9/2/20 16:00,19.056,,,,,,
1128,9/2/20 17:00,19.08,,,,,,
1129,9/2/20 18:00,19.08,,,,,,
1130,9/2/20 19:00,19.103,,,,,,
1131,9/2/20 20:00,19.103,,,,,,
1132,9/2/20 21:00,19.103,,,,,,
1133,9/2/20 22:00,19.103,,,,,,
1134,9/2/20 23:00,19.103,,,,,,
1135,9/3/20 0:00,19.103,,,,,,
1136,9/3/20 1:00,19.103,,,,,,
1137,9/3/20 2:00,19.103,,,,,,
1138,9/3/20 3:00,19.103,,,,,,
1139,9/3/20 4:00,19.103,,,,,,
1140,9/3/20 5:00,19.103,,,,,,
1141,9/3/20 6:00,19.103,,,,,,
1142,9/3/20 7:00,19.103,,,,,,
1143,9/3/20 8:00,19.103,,,,,,
1144,9/3/20 9:00,19.103,,,,,,
1145,9/3/20 10:00,19.103,,,,,,
1146,9/3/20 11:00,19.127,,,,,,
1147,9/3/20 12:00,19.127,6.764,,,,,
1148,9/3/20 13:00,19.127,,,,,,
1149,9/3/20 14:00,19.127,,,,,,
1150,9/3/20 15:00,19.127,,,,,,
1151,9/3/20 16:00,19.151,,,,,,
1152,9/3/20 17:00,19.151,,,,,,
1153,9/3/20 18:00,19.175,,,,,,
1154,9/3/20 19:00,19.175,,,,,,
1155,9/3/20 20:00,19.199,,,,,,
1156,9/3/20 21:00,19.199,,,,,,
1157,9/3/20 22:00,19.199,,,,,,
1158,9/3/20 23:00,19.199,,,,,,
1159,9/4/20 0:00,19.222,,,,,,
1160,9/4/20 1:00,19.222,,,,,,
1161,9/4/20 2:00,19.222,,,,,,
1162,9/4/20 3:00,19.222,,,,,,
1163,9/4/20 4:00,19.222,,,,,,
1164,9/4/20 5:00,19.222,,,,,,
1165,9/4/20 6:00,19.222,,,,,,
1166,9/4/20 7:00,19.222,,,,,,
1167,9/4/20 8:00,19.222,,,,,,
1168,9/4/20 9:00,19.222,,,,,,
1169,9/4/20 10:00,19.246,,,,,,
1170,9/4/20 11:00,19.246,,,,,,
1171,9/4/20 12:00,19.246,6.764,,,,,
1172,9/4/20 13:00,19.246,,,,,,
1173,9/4/20 14:00,19.246,,,,,,
1174,9/4/20 15:00,19.27,,,,,,
1175,9/4/20 16:00,19.27,,,,,,
1176,9/4/20 17:00,19.294,,,,,,
1177,9/4/20 18:00,19.294,,,,,,
1178,9/4/20 19:00,19.294,,,,,,
1179,9/4/20 20:00,19.318,,,,,,
1180,9/4/20 21:00,19.318,,,,,,
1181,9/4/20 22:00,19.318,,,,,,
1182,9/4/20 23:00,19.318,,,,,,
1183,9/5/20 0:00,19.318,,,,,,
1184,9/5/20 1:00,19.341,,,,,,
1185,9/5/20 2:00,19.341,,,,,,
1186,9/5/20 3:00,19.341,,,,,,
1187,9/5/20 4:00,19.341,,,,,,
1188,9/5/20 5:00,19.341,,,,,,
1189,9/5/20 6:00,19.341,,,,,,
1190,9/5/20 7:00,19.341,,,,,,
1191,9/5/20 8:00,19.341,,,,,,
1192,9/5/20 9:00,19.341,,,,,,
1193,9/5/20 10:00,19.341,,,,,,
1194,9/5/20 11:00,19.341,,,,,,
1195,9/5/20 12:00,19.341,6.764,,,,,
1196,9/5/20 13:00,19.341,,,,,,
1197,9/5/20 14:00,19.318,,,,,,
1198,9/5/20 15:00,19.318,,,,,,
1199,9/5/20 16:00,19.318,,,,,,
1200,9/5/20 17:00,19.341,,,,,,
1201,9/5/20 18:00,19.341,,,,,,
1202,9/5/20 19:00,19.341,,,,,,
1203,9/5/20 20:00,19.341,,,,,,
1204,9/5/20 21:00,19.341,,,,,,
1205,9/5/20 22:00,19.341,,,,,,
1206,9/5/20 23:00,19.341,,,,,,
1207,9/6/20 0:00,19.341,,,,,,
1208,9/6/20 1:00,19.341,,,,,,
1209,9/6/20 2:00,19.341,,,,,,
1210,9/6/20 3:00,19.341,,,,,,
1211,9/6/20 4:00,19.341,,,,,,
1212,9/6/20 5:00,19.341,,,,,,
1213,9/6/20 6:00,19.341,,,,,,
1214,9/6/20 7:00,19.341,,,,,,
1215,9/6/20 8:00,19.341,,,,,,
1216,9/6/20 9:00,19.341,,,,,,
1217,9/6/20 10:00,19.341,,,,,,
1218,9/6/20 11:00,19.318,,,,,,
1219,9/6/20 12:00,19.318,6.764,,,,,
1220,9/6/20 13:00,19.318,,,,,,
1221,9/6/20 14:00,19.318,,,,,,
1222,9/6/20 15:00,19.318,,,,,,
1223,9/6/20 16:00,19.318,,,,,,
1224,9/6/20 17:00,19.318,,,,,,
1225,9/6/20 18:00,19.341,,,,,,
1226,9/6/20 19:00,19.341,,,,,,
1227,9/6/20 20:00,19.341,,,,,,
1228,9/6/20 21:00,19.341,,,,,,
1229,9/6/20 22:00,19.341,,,,,,
1230,9/6/20 23:00,19.341,,,,,,
1231,9/7/20 0:00,19.341,,,,,,
1232,9/7/20 1:00,19.341,,,,,,
1233,9/7/20 2:00,19.341,,,,,,
1234,9/7/20 3:00,19.341,,,,,,
1235,9/7/20 4:00,19.341,,,,,,
1236,9/7/20 5:00,19.341,,,,,,
1237,9/7/20 6:00,19.341,,,,,,
1238,9/7/20 7:00,19.318,,,,,,
1239,9/7/20 8:00,19.318,,,,,,
1240,9/7/20 9:00,19.318,,,,,,
1241,9/7/20 10:00,19.318,,,,,,
1242,9/7/20 11:00,19.318,,,,,,
1243,9/7/20 12:00,19.318,6.764,,,,,
1244,9/7/20 13:00,19.318,,,,,,
1245,9/7/20 14:00,19.318,,,,,,
1246,9/7/20 15:00,19.341,,,,,,
1247,9/7/20 16:00,19.341,,,,,,
1248,9/7/20 17:00,19.341,,,,,,
1249,9/7/20 18:00,19.341,,,,,,
1250,9/7/20 19:00,19.365,,,,,,
1251,9/7/20 20:00,19.365,,,,,,
1252,9/7/20 21:00,19.365,,,,,,
1253,9/7/20 22:00,19.365,,,,,,
1254,9/7/20 23:00,19.365,,,,,,
1255,9/8/20 0:00,19.389,,,,,,
1256,9/8/20 1:00,19.389,,,,,,
1257,9/8/20 2:00,19.389,,,,,,
1258,9/8/20 3:00,19.389,,,,,,
1259,9/8/20 4:00,19.389,,,,,,
1260,9/8/20 5:00,19.389,,,,,,
1261,9/8/20 6:00,19.389,,,,,,
1262,9/8/20 7:00,19.389,,,,,,
1263,9/8/20 8:00,19.389,,,,,,
1264,9/8/20 9:00,19.365,,,,,,
1265,9/8/20 10:00,19.389,,,,,,
1266,9/8/20 11:00,19.365,,,,,,
1267,9/8/20 12:00,19.365,6.764,,,,,
1268,9/8/20 13:00,19.341,,,,,,
1269,9/8/20 14:00,19.341,,,,,,
1270,9/8/20 15:00,19.341,,,,,,
1271,9/8/20 16:00,19.341,,,,,,
1272,9/8/20 17:00,19.341,,,,,,
1273,9/8/20 18:00,19.341,,,,,,
1274,9/8/20 19:00,19.341,,,,,,
1275,9/8/20 20:00,19.341,,,,,,
1276,9/8/20 21:00,19.341,,,,,,
1277,9/8/20 22:00,19.341,,,,,,
1278,9/8/20 23:00,19.341,,,,,,
1279,9/9/20 0:00,19.341,,,,,,
1280,9/9/20 1:00,19.341,,,,,,
1281,9/9/20 2:00,19.341,,,,,,
1282,9/9/20 3:00,19.341,,,,,,
1283,9/9/20 4:00,19.318,,,,,,
1284,9/9/20 5:00,19.318,,,,,,
1285,9/9/20 6:00,19.27,,,,,,
1286,9/9/20 7:00,19.151,,,,,,
1287,9/9/20 8:00,19.008,,,,,,
1288,9/9/20 9:00,18.866,,,,,,
1289,9/9/20 10:00,18.771,,,,,,
1290,9/9/20 11:00,18.699,,,,,,
1291,9/9/20 12:00,18.723,6.764,,,,,
1292,9/9/20 13:00,18.747,,,,,,
1293,9/9/20 14:00,18.747,,,,,,
1294,9/9/20 15:00,18.771,,,,,,
1295,9/9/20 16:00,18.794,,,,,,
1296,9/9/20 17:00,18.818,,,,,,
1297,9/9/20 18:00,18.818,,,,,,
1298,9/9/20 19:00,18.842,,,,,,
1299,9/9/20 20:00,18.842,,,,,,
1300,9/9/20 21:00,18.842,,,,,,
1301,9/9/20 22:00,18.842,,,,,,
1302,9/9/20 23:00,18.842,,,,,,
1303,9/10/20 0:00,18.866,,,,,,
1304,9/10/20 1:00,18.842,,,,,,
1305,9/10/20 2:00,18.842,,,,,,
1306,9/10/20 3:00,18.842,,,,,,
1307,9/10/20 4:00,18.794,,,,,,
1308,9/10/20 5:00,18.747,,,,,,
1309,9/10/20 6:00,18.628,,,,,,
1310,9/10/20 7:00,18.485,,,,,,
1311,9/10/20 8:00,18.319,,,,,,
1312,9/10/20 9:00,18.176,,,,,,
1313,9/10/20 10:00,18.081,,,,,,
1314,9/10/20 11:00,18.033,,,,,,
1315,9/10/20 12:00,18.033,6.764,,,,,
1316,9/10/20 13:00,18.081,,,,,,
1317,9/10/20 14:00,18.105,,,,,,
1318,9/10/20 15:00,18.152,,,,,,
1319,9/10/20 16:00,18.2,,,,,,
1320,9/10/20 17:00,18.224,,,,,,
1321,9/10/20 18:00,18.271,,,,,,
1322,9/10/20 19:00,18.271,,,,,,
1323,9/10/20 20:00,18.295,,,,,,
1324,9/10/20 21:00,18.295,,,,,,
1325,9/10/20 22:00,18.295,,,,,,
1326,9/10/20 23:00,18.319,,,,,,
1327,9/11/20 0:00,18.319,,,,,,
1328,9/11/20 1:00,18.319,,,,,,
1329,9/11/20 2:00,18.319,,,,,,
1330,9/11/20 3:00,18.319,,,,,,
1331,9/11/20 4:00,18.319,,,,,,
1332,9/11/20 5:00,18.271,,,,,,
1333,9/11/20 6:00,18.176,,,,,,
1334,9/11/20 7:00,18.057,,,,,,
1335,9/11/20 8:00,17.915,,,,,,
1336,9/11/20 9:00,17.796,,,,,,
1337,9/11/20 10:00,17.701,,,,,,
1338,9/11/20 11:00,17.653,,,,,,
1339,9/11/20 12:00,17.653,6.764,,,,,
1340,9/11/20 13:00,17.701,,,,,,
1341,9/11/20 14:00,17.748,,,,,,
1342,9/11/20 15:00,17.796,,,,,,
1343,9/11/20 16:00,17.819,,,,,,
1344,9/11/20 17:00,17.867,,,,,,
1345,9/11/20 18:00,17.891,,,,,,
1346,9/11/20 19:00,17.915,,,,,,
1347,9/11/20 20:00,17.938,,,,,,
1348,9/11/20 21:00,17.938,,,,,,
1349,9/11/20 22:00,17.962,,,,,,
1350,9/11/20 23:00,17.962,,,,,,
1351,9/12/20 0:00,17.962,,,,,,
1352,9/12/20 1:00,17.962,,,,,,
1353,9/12/20 2:00,17.962,,,,,,
1354,9/12/20 3:00,17.962,,,,,,
1355,9/12/20 4:00,17.962,,,,,,
1356,9/12/20 5:00,17.962,,,,,,
1357,9/12/20 6:00,17.962,,,,,,
1358,9/12/20 7:00,17.891,,,,,,
1359,9/12/20 8:00,17.796,,,,,,
1360,9/12/20 9:00,17.677,,,,,,
1361,9/12/20 10:00,17.582,,,,,,
1362,9/12/20 11:00,17.534,,,,,,
1363,9/12/20 12:00,17.534,6.764,,,,,
1364,9/12/20 13:00,17.558,,,,,,
1365,9/12/20 14:00,17.605,,,,,,
1366,9/12/20 15:00,17.629,,,,,,
1367,9/12/20 16:00,17.677,,,,,,
1368,9/12/20 17:00,17.701,,,,,,
1369,9/12/20 18:00,17.724,,,,,,
1370,9/12/20 19:00,17.748,,,,,,
1371,9/12/20 20:00,17.772,,,,,,
1372,9/12/20 21:00,17.772,,,,,,
1373,9/12/20 22:00,17.796,,,,,,
1374,9/12/20 23:00,17.796,,,,,,
1375,9/13/20 0:00,17.796,,,,,,
1376,9/13/20 1:00,17.796,,,,,,
1377,9/13/20 2:00,17.796,,,,,,
1378,9/13/20 3:00,17.796,,,,,,
1379,9/13/20 4:00,17.796,,,,,,
1380,9/13/20 5:00,17.796,,,,,,
1381,9/13/20 6:00,17.796,,,,,,
1382,9/13/20 7:00,17.701,,,,,,
1383,9/13/20 8:00,17.582,,,,,,
1384,9/13/20 9:00,17.463,,,,,,
1385,9/13/20 10:00,17.368,,,,,,
1386,9/13/20 11:00,17.32,,,,,,
1387,9/13/20 12:00,17.32,6.764,,,,,
1388,9/13/20 13:00,17.344,,,,,,
1389,9/13/20 14:00,17.391,,,,,,
1390,9/13/20 15:00,17.439,,,,,,
1391,9/13/20 16:00,17.486,,,,,,
1392,9/13/20 17:00,17.51,,,,,,
1393,9/13/20 18:00,17.534,,,,,,
1394,9/13/20 19:00,17.558,,,,,,
1395,9/13/20 20:00,17.582,,,,,,
1396,9/13/20 21:00,17.582,,,,,,
1397,9/13/20 22:00,17.582,,,,,,
1398,9/13/20 23:00,17.605,,,,,,
1399,9/14/20 0:00,17.605,,,,,,
1400,9/14/20 1:00,17.605,,,,,,
1401,9/14/20 2:00,17.605,,,,,,
1402,9/14/20 3:00,17.605,,,,,,
1403,9/14/20 4:00,17.605,,,,,,
1404,9/14/20 5:00,17.558,,,,,,
1405,9/14/20 6:00,17.486,,,,,,
1406,9/14/20 7:00,17.415,,,,,,
1407,9/14/20 8:00,17.344,,,,,,
1408,9/14/20 9:00,17.249,,,,,,
1409,9/14/20 10:00,17.177,,,,,,
1410,9/14/20 11:00,17.153,,,,,,
1411,9/14/20 12:00,17.177,6.764,,,,,
1412,9/14/20 13:00,17.225,,,,,,
1413,9/14/20 14:00,17.272,,,,,,
1414,9/14/20 15:00,17.296,,,,,,
1415,9/14/20 16:00,17.344,,,,,,
1416,9/14/20 17:00,17.368,,,,,,
1417,9/14/20 18:00,17.391,,,,,,
1418,9/14/20 19:00,17.391,,,,,,
1419,9/14/20 20:00,17.415,,,,,,
1420,9/14/20 21:00,17.415,,,,,,
1421,9/14/20 22:00,17.439,,,,,,
1422,9/14/20 23:00,17.439,,,,,,
1423,9/15/20 0:00,17.439,,,,,,
1424,9/15/20 1:00,17.463,,,,,,
1425,9/15/20 2:00,17.439,,,,,,
1426,9/15/20 3:00,17.391,,,,,,
1427,9/15/20 4:00,17.296,,,,,,
1428,9/15/20 5:00,17.201,,,,,,
1429,9/15/20 6:00,17.106,,,,,,
1430,9/15/20 7:00,17.011,,,,,,
1431,9/15/20 8:00,16.892,,,,,,
1432,9/15/20 9:00,16.796,,,,,,
1433,9/15/20 10:00,16.701,,,,,,
1434,9/15/20 11:00,16.654,,,,,,
1435,9/15/20 12:00,16.63,6.764,,,,,
1436,9/15/20 13:00,16.677,,,,,,
1437,9/15/20 14:00,16.725,,,,,,
1438,9/15/20 15:00,16.773,,,,,,
1439,9/15/20 16:00,16.82,,,,,,
1440,9/15/20 17:00,16.868,,,,,,
1441,9/15/20 18:00,16.892,,,,,,
1442,9/15/20 19:00,16.915,,,,,,
1443,9/15/20 20:00,16.915,,,,,,
1444,9/15/20 21:00,16.915,,,,,,
1445,9/15/20 22:00,16.939,,,,,,
1446,9/15/20 23:00,16.939,,,,,,
1447,9/16/20 0:00,16.939,,,,,,
1448,9/16/20 1:00,16.939,,,,,,
1449,9/16/20 2:00,16.939,,,,,,
1450,9/16/20 3:00,16.939,,,,,,
1451,9/16/20 4:00,16.939,,,,,,
1452,9/16/20 5:00,16.915,,,,,,
1453,9/16/20 6:00,16.844,,,,,,
1454,9/16/20 7:00,16.796,,,,,,
1455,9/16/20 8:00,16.725,,,,,,
1456,9/16/20 9:00,16.677,,,,,,
1457,9/16/20 10:00,16.63,,,,,,
1458,9/16/20 11:00,16.606,,,,,,
1459,9/16/20 12:00,16.582,6.764,,,,,
1460,9/16/20 13:00,16.606,,,,,,
1461,9/16/20 14:00,16.654,,,,,,
1462,9/16/20 15:00,16.677,,,,,,
1463,9/16/20 16:00,16.725,,,,,,
1464,9/16/20 17:00,16.725,,,,,,
1465,9/16/20 18:00,16.749,,,,,,
1466,9/16/20 19:00,16.773,,,,,,
1467,9/16/20 20:00,16.773,,,,,,
1468,9/16/20 21:00,16.773,,,,,,
1469,9/16/20 22:00,16.796,,,,,,
1470,9/16/20 23:00,16.796,,,,,,
1471,9/17/20 0:00,16.796,,,,,,
1472,9/17/20 1:00,16.796,,,,,,
1473,9/17/20 2:00,16.796,,,,,,
1474,9/17/20 3:00,16.796,,,,,,
1475,9/17/20 4:00,16.773,,,,,,
1476,9/17/20 5:00,16.701,,,,,,
1477,9/17/20 6:00,16.63,,,,,,
1478,9/17/20 7:00,16.558,,,,,,
1479,9/17/20 8:00,16.463,,,,,,
1480,9/17/20 9:00,16.344,,,,,,
1481,9/17/20 10:00,16.225,,,,,,
1482,9/17/20 11:00,16.177,,,,,,
1483,9/17/20 12:00,16.177,6.764,,,,,
1484,9/17/20 13:00,16.225,,,,,,
1485,9/17/20 14:00,16.272,,,,,,
1486,9/17/20 15:00,16.32,,,,,,
1487,9/17/20 16:00,16.368,,,,,,
1488,9/17/20 17:00,16.392,,,,,,
1489,9/17/20 18:00,16.415,,,,,,
1490,9/17/20 19:00,16.439,,,,,,
1491,9/17/20 20:00,16.439,,,,,,
1492,9/17/20 21:00,16.463,,,,,,
1493,9/17/20 22:00,16.463,,,,,,
1494,9/17/20 23:00,16.463,,,,,,
1495,9/18/20 0:00,16.463,,,,,,
1496,9/18/20 1:00,16.487,,,,,,
1497,9/18/20 2:00,16.487,,,,,,
1498,9/18/20 3:00,16.487,,,,,,
1499,9/18/20 4:00,16.487,,,,,,
1500,9/18/20 5:00,16.487,,,,,,
1501,9/18/20 6:00,16.487,,,,,,
1502,9/18/20 7:00,16.487,,,,,,
1503,9/18/20 8:00,16.487,,,,,,
1504,9/18/20 9:00,16.487,,,,,,
1505,9/18/20 10:00,16.463,,,,,,
1506,9/18/20 11:00,16.463,,,,,,
1507,9/18/20 12:00,16.463,6.764,,,,,
1508,9/18/20 13:00,16.487,,,,,,
1509,9/18/20 14:00,16.487,,,,,,
1510,9/18/20 15:00,16.511,,,,,,
1511,9/18/20 16:00,16.534,,,,,,
1512,9/18/20 17:00,16.534,,,,,,
1513,9/18/20 18:00,16.558,,,,,,
1514,9/18/20 19:00,16.558,,,,,,
1515,9/18/20 20:00,16.582,,,,,,
1516,9/18/20 21:00,16.582,,,,,,
1517,9/18/20 22:00,16.582,,,,,,
1518,9/18/20 23:00,16.582,,,,,,
1519,9/19/20 0:00,16.534,,,,,,
1520,9/19/20 1:00,16.487,,,,,,
1521,9/19/20 2:00,16.415,,,,,,
1522,9/19/20 3:00,16.368,,,,,,
1523,9/19/20 4:00,16.32,,,,,,
1524,9/19/20 5:00,16.225,,,,,,
1525,9/19/20 6:00,16.129,,,,,,
1526,9/19/20 7:00,16.01,,,,,,
1527,9/19/20 8:00,15.867,,,,,,
1528,9/19/20 9:00,15.748,,,,,,
1529,9/19/20 10:00,15.652,,,,,,
1530,9/19/20 11:00,15.605,,,,,,
1531,9/19/20 12:00,15.605,6.764,,,,,
1532,9/19/20 13:00,15.652,,,,,,
1533,9/19/20 14:00,15.7,,,,,,
1534,9/19/20 15:00,15.748,,,,,,
1535,9/19/20 16:00,15.819,,,,,,
1536,9/19/20 17:00,15.843,,,,,,
1537,9/19/20 18:00,15.867,,,,,,
1538,9/19/20 19:00,15.891,,,,,,
1539,9/19/20 20:00,15.915,,,,,,
1540,9/19/20 21:00,15.915,,,,,,
1541,9/19/20 22:00,15.915,,,,,,
1542,9/19/20 23:00,15.915,,,,,,
1543,9/20/20 0:00,15.915,,,,,,
1544,9/20/20 1:00,15.915,,,,,,
1545,9/20/20 2:00,15.939,,,,,,
1546,9/20/20 3:00,15.939,,,,,,
1547,9/20/20 4:00,15.939,,,,,,
1548,9/20/20 5:00,15.939,,,,,,
1549,9/20/20 6:00,15.915,,,,,,
1550,9/20/20 7:00,15.867,,,,,,
1551,9/20/20 8:00,15.796,,,,,,
1552,9/20/20 9:00,15.7,,,,,,
1553,9/20/20 10:00,15.605,,,,,,
1554,9/20/20 11:00,15.533,,,,,,
1555,9/20/20 12:00,15.533,6.764,,,,,
1556,9/20/20 13:00,15.581,,,,,,
1557,9/20/20 14:00,15.629,,,,,,
1558,9/20/20 15:00,15.676,,,,,,
1559,9/20/20 16:00,15.724,,,,,,
1560,9/20/20 17:00,15.772,,,,,,
1561,9/20/20 18:00,15.796,,,,,,
1562,9/20/20 19:00,15.819,,,,,,
1563,9/20/20 20:00,15.819,,,,,,
1564,9/20/20 21:00,15.843,,,,,,
1565,9/20/20 22:00,15.843,,,,,,
1566,9/20/20 23:00,15.843,,,,,,
1567,9/21/20 0:00,15.843,,,,,,
1568,9/21/20 1:00,15.843,,,,,,
1569,9/21/20 2:00,15.867,,,,,,
1570,9/21/20 3:00,15.867,,,,,,
1571,9/21/20 4:00,15.867,,,,,,
1572,9/21/20 5:00,15.867,,,,,,
1573,9/21/20 6:00,15.867,,,,,,
1574,9/21/20 7:00,15.867,,,,,,
1575,9/21/20 8:00,15.867,,,,,,
1576,9/21/20 9:00,15.843,,,,,,
1577,9/21/20 10:00,15.772,,,,,,
1578,9/21/20 11:00,15.724,,,,,,
1579,9/21/20 12:00,15.7,6.764,,,,,
1580,9/21/20 13:00,15.724,,,,,,
1581,9/21/20 14:00,15.748,,,,,,
1582,9/21/20 15:00,15.772,,,,,,
1583,9/21/20 16:00,15.819,,,,,,
1584,9/21/20 17:00,15.843,,,,,,
1585,9/21/20 18:00,15.891,,,,,,
1586,9/21/20 19:00,15.915,,,,,,
1587,9/21/20 20:00,15.915,,,,,,
1588,9/21/20 21:00,15.915,,,,,,
1589,9/21/20 22:00,15.939,,,,,,
1590,9/21/20 23:00,15.939,,,,,,
1591,9/22/20 0:00,15.939,,,,,,
1592,9/22/20 1:00,15.939,,,,,,
1593,9/22/20 2:00,15.939,,,,,,
1594,9/22/20 3:00,15.939,,,,,,
1595,9/22/20 4:00,15.939,,,,,,
1596,9/22/20 5:00,15.963,,,,,,
1597,9/22/20 6:00,15.963,,,,,,
1598,9/22/20 7:00,15.939,,,,,,
1599,9/22/20 8:00,15.891,,,,,,
1600,9/22/20 9:00,15.843,,,,,,
1601,9/22/20 10:00,15.772,,,,,,
1602,9/22/20 11:00,15.748,,,,,,
1603,9/22/20 12:00,15.724,6.764,,,,,
1604,9/22/20 13:00,15.748,,,,,,
1605,9/22/20 14:00,15.796,,,,,,
1606,9/22/20 15:00,15.819,,,,,,
1607,9/22/20 16:00,15.867,,,,,,
1608,9/22/20 17:00,15.891,,,,,,
1609,9/22/20 18:00,15.915,,,,,,
1610,9/22/20 19:00,15.939,,,,,,
1611,9/22/20 20:00,15.939,,,,,,
1612,9/22/20 21:00,15.963,,,,,,
1613,9/22/20 22:00,15.963,,,,,,
1614,9/22/20 23:00,15.986,,,,,,
1615,9/23/20 0:00,15.986,,,,,,
1616,9/23/20 1:00,16.01,,,,,,
1617,9/23/20 2:00,16.01,,,,,,
1618,9/23/20 3:00,16.01,,,,,,
1619,9/23/20 4:00,16.01,,,,,,
1620,9/23/20 5:00,16.01,,,,,,
1621,9/23/20 6:00,16.01,,,,,,
1622,9/23/20 7:00,15.939,,,,,,
1623,9/23/20 8:00,15.867,,,,,,
1624,9/23/20 9:00,15.796,,,,,,
1625,9/23/20 10:00,15.748,,,,,,
1626,9/23/20 11:00,15.7,,,,,,
1627,9/23/20 12:00,15.7,6.764,,,,,
1628,9/23/20 13:00,15.724,,,,,,
1629,9/23/20 14:00,15.772,,,,,,
1630,9/23/20 15:00,15.796,,,,,,
1631,9/23/20 16:00,15.843,,,,,,
1632,9/23/20 17:00,15.867,,,,,,
1633,9/23/20 18:00,15.891,,,,,,
1634,9/23/20 19:00,15.891,,,,,,
1635,9/23/20 20:00,15.915,,,,,,
1636,9/23/20 21:00,15.915,,,,,,
1637,9/23/20 22:00,15.939,,,,,,
1638,9/23/20 23:00,15.939,,,,,,
1639,9/24/20 0:00,15.963,,,,,,
1640,9/24/20 1:00,15.963,,,,,,
1641,9/24/20 2:00,15.963,,,,,,
1642,9/24/20 3:00,15.963,,,,,,
1643,9/24/20 4:00,15.963,,,,,,
1644,9/24/20 5:00,15.915,,,,,,
1645,9/24/20 6:00,15.867,,,,,,
1646,9/24/20 7:00,15.819,,,,,,
1647,9/24/20 8:00,15.772,,,,,,
1648,9/24/20 9:00,15.724,,,,,,
1649,9/24/20 10:00,15.7,,,,,,
1650,9/24/20 11:00,15.676,,,,,,
1651,9/24/20 12:00,15.7,6.764,,,,,
1652,9/24/20 13:00,15.724,,,,,,
1653,9/24/20 14:00,15.748,,,,,,
1654,9/24/20 15:00,15.772,,,,,,
1655,9/24/20 16:00,15.819,,,,,,
1656,9/24/20 17:00,15.843,,,,,,
1657,9/24/20 18:00,15.843,,,,,,
1658,9/24/20 19:00,15.867,,,,,,
1659,9/24/20 20:00,15.867,,,,,,
1660,9/24/20 21:00,15.891,,,,,,
1661,9/24/20 22:00,15.891,,,,,,
1662,9/24/20 23:00,15.915,,,,,,
1663,9/25/20 0:00,15.915,,,,,,
1664,9/25/20 1:00,15.915,,,,,,
1665,9/25/20 2:00,15.915,,,,,,
1666,9/25/20 3:00,15.915,,,,,,
1667,9/25/20 4:00,15.891,,,,,,
1668,9/25/20 5:00,15.819,,,,,,
1669,9/25/20 6:00,15.724,,,,,,
1670,9/25/20 7:00,15.652,,,,,,
1671,9/25/20 8:00,15.581,,,,,,
1672,9/25/20 9:00,15.509,,,,,,
1673,9/25/20 10:00,15.438,,,,,,
1674,9/25/20 11:00,15.414,,,,,,
1675,9/25/20 12:00,15.414,6.764,,,,,
1676,9/25/20 13:00,15.438,,,,,,
1677,9/25/20 14:00,15.461,,,,,,
1678,9/25/20 15:00,15.509,,,,,,
1679,9/25/20 16:00,15.557,,,,,,
1680,9/25/20 17:00,15.605,,,,,,
1681,9/25/20 18:00,15.629,,,,,,
1682,9/25/20 19:00,15.652,,,,,,
1683,9/25/20 20:00,15.652,,,,,,
1684,9/25/20 21:00,15.676,,,,,,
1685,9/25/20 22:00,15.676,,,,,,
1686,9/25/20 23:00,15.676,,,,,,
1687,9/26/20 0:00,15.676,,,,,,
1688,9/26/20 1:00,15.7,,,,,,
1689,9/26/20 2:00,15.7,,,,,,
1690,9/26/20 3:00,15.7,,,,,,
1691,9/26/20 4:00,15.7,,,,,,
1692,9/26/20 5:00,15.7,,,,,,
1693,9/26/20 6:00,15.724,,,,,,
1694,9/26/20 7:00,15.724,,,,,,
1695,9/26/20 8:00,15.676,,,,,,
1696,9/26/20 9:00,15.605,,,,,,
1697,9/26/20 10:00,15.533,,,,,,
1698,9/26/20 11:00,15.509,,,,,,
1699,9/26/20 12:00,15.509,6.764,,,,,
1700,9/26/20 13:00,15.533,,,,,,
1701,9/26/20 14:00,15.557,,,,,,
1702,9/26/20 15:00,15.605,,,,,,
1703,9/26/20 16:00,15.629,,,,,,
1704,9/26/20 17:00,15.652,,,,,,
1705,9/26/20 18:00,15.676,,,,,,
1706,9/26/20 19:00,15.676,,,,,,
1707,9/26/20 20:00,15.7,,,,,,
1708,9/26/20 21:00,15.7,,,,,,
1709,9/26/20 22:00,15.724,,,,,,
1710,9/26/20 23:00,15.724,,,,,,
1711,9/27/20 0:00,15.724,,,,,,
1712,9/27/20 1:00,15.748,,,,,,
1713,9/27/20 2:00,15.748,,,,,,
1714,9/27/20 3:00,15.748,,,,,,
1715,9/27/20 4:00,15.748,,,,,,
1716,9/27/20 5:00,15.772,,,,,,
1717,9/27/20 6:00,15.748,,,,,,
1718,9/27/20 7:00,15.676,,,,,,
1719,9/27/20 8:00,15.605,,,,,,
1720,9/27/20 9:00,15.533,,,,,,
1721,9/27/20 10:00,15.438,,,,,,
1722,9/27/20 11:00,15.39,,,,,,
1723,9/27/20 12:00,15.366,6.764,,,,,
1724,9/27/20 13:00,15.39,,,,,,
1725,9/27/20 14:00,15.438,,,,,,
1726,9/27/20 15:00,15.461,,,,,,
1727,9/27/20 16:00,15.509,,,,,,
1728,9/27/20 17:00,15.533,,,,,,
1729,9/27/20 18:00,15.557,,,,,,
1730,9/27/20 19:00,15.581,,,,,,
1731,9/27/20 20:00,15.605,,,,,,
1732,9/27/20 21:00,15.629,,,,,,
1733,9/27/20 22:00,15.629,,,,,,
1734,9/27/20 23:00,15.629,,,,,,
1735,9/28/20 0:00,15.629,,,,,,
1736,9/28/20 1:00,15.652,,,,,,
1737,9/28/20 2:00,15.652,,,,,,
1738,9/28/20 3:00,15.652,,,,,,
1739,9/28/20 4:00,15.652,,,,,,
1740,9/28/20 5:00,15.652,,,,,,
1741,9/28/20 6:00,15.652,,,,,,
1742,9/28/20 7:00,15.605,,,,,,
1743,9/28/20 8:00,15.533,,,,,,
1744,9/28/20 9:00,15.438,,,,,,
1745,9/28/20 10:00,15.342,,,,,,
1746,9/28/20 11:00,15.318,,,,,,
1747,9/28/20 12:00,15.318,6.764,,,,,
1748,9/28/20 13:00,15.342,,,,,,
1749,9/28/20 14:00,15.39,,,,,,
1750,9/28/20 15:00,15.414,,,,,,
1751,9/28/20 16:00,15.461,,,,,,
1752,9/28/20 17:00,15.485,,,,,,
1753,9/28/20 18:00,15.509,,,,,,
1754,9/28/20 19:00,15.533,,,,,,
1755,9/28/20 20:00,15.533,,,,,,
1756,9/28/20 21:00,15.557,,,,,,
1757,9/28/20 22:00,15.557,,,,,,
1758,9/28/20 23:00,15.581,,,,,,
1759,9/29/20 0:00,15.581,,,,,,
1760,9/29/20 1:00,15.581,,,,,,
1761,9/29/20 2:00,15.605,,,,,,
1762,9/29/20 3:00,15.605,,,,,,
1763,9/29/20 4:00,15.605,,,,,,
1764,9/29/20 5:00,15.605,,,,,,
1765,9/29/20 6:00,15.605,,,,,,
1766,9/29/20 7:00,15.629,,,,,,
1767,9/29/20 8:00,15.629,,,,,,
1768,9/29/20 9:00,15.581,,,,,,
1769,9/29/20 10:00,15.509,,,,,,
1770,9/29/20 11:00,15.461,,,,,,
1771,9/29/20 12:00,15.461,6.764,,,,,
1772,9/29/20 13:00,15.485,,,,,,
1773,9/29/20 14:00,15.509,,,,,,
1774,9/29/20 15:00,15.533,,,,,,
1775,9/29/20 16:00,15.533,,,,,,
1776,9/29/20 17:00,15.557,,,,,,
1777,9/29/20 18:00,15.581,,,,,,
1778,9/29/20 19:00,15.581,,,,,,
1779,9/29/20 20:00,15.581,,,,,,
1780,9/29/20 21:00,15.605,,,,,,
1781,9/29/20 22:00,15.605,,,,,,
1782,9/29/20 23:00,15.605,,,,,,
1783,9/30/20 0:00,15.629,,,,,,
1784,9/30/20 1:00,15.629,,,,,,
1785,9/30/20 2:00,15.629,,,,,,
1786,9/30/20 3:00,15.629,,,,,,
1787,9/30/20 4:00,15.629,,,,,,
1788,9/30/20 5:00,15.629,,,,,,
1789,9/30/20 6:00,15.629,,,,,,
1790,9/30/20 7:00,15.652,,,,,,
1791,9/30/20 8:00,15.629,,,,,,
1792,9/30/20 9:00,15.581,,,,,,
1793,9/30/20 10:00,15.533,,,,,,
1794,9/30/20 11:00,15.509,,,,,,
1795,9/30/20 12:00,15.533,6.764,,,,,
1796,9/30/20 13:00,15.533,,,,,,
1797,9/30/20 14:00,15.557,,,,,,
1798,9/30/20 15:00,15.557,,,,,,
1799,9/30/20 16:00,15.581,,,,,,
1800,9/30/20 17:00,15.605,,,,,,
1801,9/30/20 18:00,15.605,,,,,,
1802,9/30/20 19:00,15.605,,,,,,
1803,9/30/20 20:00,15.629,,,,,,
1804,9/30/20 21:00,15.629,,,,,,
1805,9/30/20 22:00,15.629,,,,,,
1806,9/30/20 23:00,15.652,,,,,,
1807,10/1/20 0:00,15.652,,,,,,
1808,10/1/20 1:00,15.652,,,,,,
1809,10/1/20 2:00,15.652,,,,,,
1810,10/1/20 3:00,15.652,,,,,,
1811,10/1/20 4:00,15.652,,,,,,
1812,10/1/20 5:00,15.676,,,,,,
1813,10/1/20 6:00,15.676,,,,,,
1814,10/1/20 7:00,15.676,,,,,,
1815,10/1/20 8:00,15.676,,,,,,
1816,10/1/20 9:00,15.676,,,,,,
1817,10/1/20 10:00,15.676,,,,,,
1818,10/1/20 11:00,15.676,,,,,,
1819,10/1/20 12:00,15.676,6.764,,,,,
1820,10/1/20 13:00,15.676,,,,,,
1821,10/1/20 14:00,15.676,,,,,,
1822,10/1/20 15:00,15.676,,,,,,
1823,10/1/20 16:00,15.676,,,,,,
1824,10/1/20 17:00,15.7,,,,,,
1825,10/1/20 18:00,15.7,,,,,,
1826,10/1/20 19:00,15.7,,,,,,
1827,10/1/20 20:00,15.724,,,,,,
1828,10/1/20 21:00,15.724,,,,,,
1829,10/1/20 22:00,15.724,,,,,,
1830,10/1/20 23:00,15.724,,,,,,
1831,10/2/20 0:00,15.724,,,,,,
1832,10/2/20 1:00,15.748,,,,,,
1833,10/2/20 2:00,15.748,,,,,,
1834,10/2/20 3:00,15.748,,,,,,
1835,10/2/20 4:00,15.748,,,,,,
1836,10/2/20 5:00,15.748,,,,,,
1837,10/2/20 6:00,15.748,,,,,,
1838,10/2/20 7:00,15.748,,,,,,
1839,10/2/20 8:00,15.748,,,,,,
1840,10/2/20 9:00,15.772,,,,,,
1841,10/2/20 10:00,15.772,,,,,,
1842,10/2/20 11:00,15.772,,,,,,
1843,10/2/20 12:00,15.772,6.764,,,,,
1844,10/2/20 13:00,15.772,,,,,,
1845,10/2/20 14:00,15.772,,,,,,
1846,10/2/20 15:00,15.772,,,,,,
1847,10/2/20 16:00,15.772,,,,,,
1848,10/2/20 17:00,15.772,,,,,,
1849,10/2/20 18:00,15.772,,,,,,
1850,10/2/20 19:00,15.796,,,,,,
1851,10/2/20 20:00,15.796,,,,,,
1852,10/2/20 21:00,15.796,,,,,,
1853,10/2/20 22:00,15.796,,,,,,
1854,10/2/20 23:00,15.819,,,,,,
1855,10/3/20 0:00,15.819,,,,,,
1856,10/3/20 1:00,15.819,,,,,,
1857,10/3/20 2:00,15.819,,,,,,
1858,10/3/20 3:00,15.819,,,,,,
1859,10/3/20 4:00,15.819,,,,,,
1860,10/3/20 5:00,15.819,,,,,,
1861,10/3/20 6:00,15.819,,,,,,
1862,10/3/20 7:00,15.843,,,,,,
1863,10/3/20 8:00,15.819,,,,,,
1864,10/3/20 9:00,15.819,,,,,,
1865,10/3/20 10:00,15.819,,,,,,
1866,10/3/20 11:00,15.796,,,,,,
1867,10/3/20 12:00,15.772,6.764,,,,,
1868,10/3/20 13:00,15.772,,,,,,
1869,10/3/20 14:00,15.772,,,,,,
1870,10/3/20 15:00,15.796,,,,,,
1871,10/3/20 16:00,15.796,,,,,,
1872,10/3/20 17:00,15.796,,,,,,
1873,10/3/20 18:00,15.796,,,,,,
1874,10/3/20 19:00,15.819,,,,,,
1875,10/3/20 20:00,15.819,,,,,,
1876,10/3/20 21:00,15.819,,,,,,
1877,10/3/20 22:00,15.819,,,,,,
1878,10/3/20 23:00,15.819,,,,,,
1879,10/4/20 0:00,15.819,,,,,,
1880,10/4/20 1:00,15.843,,,,,,
1881,10/4/20 2:00,15.843,,,,,,
1882,10/4/20 3:00,15.843,,,,,,
1883,10/4/20 4:00,15.843,,,,,,
1884,10/4/20 5:00,15.843,,,,,,
1885,10/4/20 6:00,15.843,,,,,,
1886,10/4/20 7:00,15.843,,,,,,
1887,10/4/20 8:00,15.843,,,,,,
1888,10/4/20 9:00,15.819,,,,,,
1889,10/4/20 10:00,15.772,,,,,,
1890,10/4/20 11:00,15.7,,,,,,
1891,10/4/20 12:00,15.652,6.764,,,,,
1892,10/4/20 13:00,15.629,,,,,,
1893,10/4/20 14:00,15.629,,,,,,
1894,10/4/20 15:00,15.652,,,,,,
1895,10/4/20 16:00,15.652,,,,,,
1896,10/4/20 17:00,15.676,,,,,,
1897,10/4/20 18:00,15.676,,,,,,
1898,10/4/20 19:00,15.7,,,,,,
1899,10/4/20 20:00,15.7,,,,,,
1900,10/4/20 21:00,15.7,,,,,,
1901,10/4/20 22:00,15.7,,,,,,
1902,10/4/20 23:00,15.724,,,,,,
1903,10/5/20 0:00,15.724,,,,,,
1904,10/5/20 1:00,15.724,,,,,,
1905,10/5/20 2:00,15.724,,,,,,
1906,10/5/20 3:00,15.724,,,,,,
1907,10/5/20 4:00,15.724,,,,,,
1908,10/5/20 5:00,15.676,,,,,,
1909,10/5/20 6:00,15.629,,,,,,
1910,10/5/20 7:00,15.485,,,,,,
1911,10/5/20 8:00,15.366,,,,,,
1912,10/5/20 9:00,15.247,,,,,,
1913,10/5/20 10:00,15.151,,,,,,
1914,10/5/20 11:00,15.103,,,,,,
1915,10/5/20 12:00,15.103,6.764,,,,,
1916,10/5/20 13:00,15.151,,,,,,
1917,10/5/20 14:00,15.175,,,,,,
1918,10/5/20 15:00,15.223,,,,,,
1919,10/5/20 16:00,15.27,,,,,,
1920,10/5/20 17:00,15.294,,,,,,
1921,10/5/20 18:00,15.318,,,,,,
1922,10/5/20 19:00,15.342,,,,,,
1923,10/5/20 20:00,15.342,,,,,,
1924,10/5/20 21:00,15.342,,,,,,
1925,10/5/20 22:00,15.342,,,,,,
1926,10/5/20 23:00,15.342,,,,,,
1927,10/6/20 0:00,15.342,,,,,,
1928,10/6/20 1:00,15.342,,,,,,
1929,10/6/20 2:00,15.366,,,,,,
1930,10/6/20 3:00,15.366,,,,,,
1931,10/6/20 4:00,15.366,,,,,,
1932,10/6/20 5:00,15.366,,,,,,
1933,10/6/20 6:00,15.318,,,,,,
1934,10/6/20 7:00,15.223,,,,,,
1935,10/6/20 8:00,15.127,,,,,,
1936,10/6/20 9:00,15.031,,,,,,
1937,10/6/20 10:00,14.936,,,,,,
1938,10/6/20 11:00,14.912,,,,,,
1939,10/6/20 12:00,14.912,6.764,,,,,
1940,10/6/20 13:00,14.96,,,,,,
1941,10/6/20 14:00,14.984,,,,,,
1942,10/6/20 15:00,15.031,,,,,,
1943,10/6/20 16:00,15.079,,,,,,
1944,10/6/20 17:00,15.103,,,,,,
1945,10/6/20 18:00,15.151,,,,,,
1946,10/6/20 19:00,15.151,,,,,,
1947,10/6/20 20:00,15.175,,,,,,
1948,10/6/20 21:00,15.175,,,,,,
1949,10/6/20 22:00,15.175,,,,,,
1950,10/6/20 23:00,15.199,,,,,,
1951,10/7/20 0:00,15.199,,,,,,
1952,10/7/20 1:00,15.199,,,,,,
1953,10/7/20 2:00,15.199,,,,,,
1954,10/7/20 3:00,15.199,,,,,,
1955,10/7/20 4:00,15.199,,,,,,
1956,10/7/20 5:00,15.199,,,,,,
1957,10/7/20 6:00,15.151,,,,,,
1958,10/7/20 7:00,15.055,,,,,,
1959,10/7/20 8:00,14.96,,,,,,
1960,10/7/20 9:00,14.864,,,,,,
1961,10/7/20 10:00,14.768,,,,,,
1962,10/7/20 11:00,14.721,,,,,,
1963,10/7/20 12:00,14.721,6.764,,,,,
1964,10/7/20 13:00,14.768,,,,,,
1965,10/7/20 14:00,14.792,,,,,,
1966,10/7/20 15:00,14.84,,,,,,
1967,10/7/20 16:00,14.888,,,,,,
1968,10/7/20 17:00,14.912,,,,,,
1969,10/7/20 18:00,14.96,,,,,,
1970,10/7/20 19:00,14.96,,,,,,
1971,10/7/20 20:00,14.96,,,,,,
1972,10/7/20 21:00,14.984,,,,,,
1973,10/7/20 22:00,14.984,,,,,,
1974,10/7/20 23:00,14.984,,,,,,
1975,10/8/20 0:00,14.984,,,,,,
1976,10/8/20 1:00,15.008,,,,,,
1977,10/8/20 2:00,15.008,,,,,,
1978,10/8/20 3:00,15.008,,,,,,
1979,10/8/20 4:00,15.008,,,,,,
1980,10/8/20 5:00,14.984,,,,,,
1981,10/8/20 6:00,14.912,,,,,,
1982,10/8/20 7:00,14.792,,,,,,
1983,10/8/20 8:00,14.673,,,,,,
1984,10/8/20 9:00,14.577,,,,,,
1985,10/8/20 10:00,14.481,,,,,,
1986,10/8/20 11:00,14.457,,,,,,
1987,10/8/20 12:00,14.433,6.764,,,,,
1988,10/8/20 13:00,14.457,,,,,,
1989,10/8/20 14:00,14.505,,,,,,
1990,10/8/20 15:00,14.553,,,,,,
1991,10/8/20 16:00,14.601,,,,,,
1992,10/8/20 17:00,14.625,,,,,,
1993,10/8/20 18:00,14.625,,,,,,
1994,10/8/20 19:00,14.649,,,,,,
1995,10/8/20 20:00,14.649,,,,,,
1996,10/8/20 21:00,14.649,,,,,,
1997,10/8/20 22:00,14.673,,,,,,
1998,10/8/20 23:00,14.673,,,,,,
1999,10/9/20 0:00,14.673,,,,,,
2000,10/9/20 1:00,14.673,,,,,,
2001,10/9/20 2:00,14.673,,,,,,
2002,10/9/20 3:00,14.673,,,,,,
2003,10/9/20 4:00,14.625,,,,,,
2004,10/9/20 5:00,14.553,,,,,,
2005,10/9/20 6:00,14.457,,,,,,
2006,10/9/20 7:00,14.337,,,,,,
2007,10/9/20 8:00,14.218,,,,,,
2008,10/9/20 9:00,14.098,,,,,,
2009,10/9/20 10:00,14.002,,,,,,
2010,10/9/20 11:00,13.954,,,,,,
2011,10/9/20 12:00,13.954,6.764,,,,,
2012,10/9/20 13:00,13.978,,,,,,
2013,10/9/20 14:00,14.026,,,,,,
2014,10/9/20 15:00,14.074,,,,,,
2015,10/9/20 16:00,14.122,,,,,,
2016,10/9/20 17:00,14.17,,,,,,
2017,10/9/20 18:00,14.194,,,,,,
2018,10/9/20 19:00,14.194,,,,,,
2019,10/9/20 20:00,14.218,,,,,,
2020,10/9/20 21:00,14.218,,,,,,
2021,10/9/20 22:00,14.242,,,,,,
2022,10/9/20 23:00,14.242,,,,,,
2023,10/10/20 0:00,14.242,,,,,,
2024,10/10/20 1:00,14.242,,,,,,
2025,10/10/20 2:00,14.242,,,,,,
2026,10/10/20 3:00,14.242,,,,,,
2027,10/10/20 4:00,14.194,,,,,,
2028,10/10/20 5:00,14.146,,,,,,
2029,10/10/20 6:00,14.098,,,,,,
2030,10/10/20 7:00,14.026,,,,,,
2031,10/10/20 8:00,13.978,,,,,,
2032,10/10/20 9:00,13.906,,,,,,
2033,10/10/20 10:00,13.858,,,,,,
2034,10/10/20 11:00,13.81,,,,,,
2035,10/10/20 12:00,13.786,,,,,,
2036,10/10/20 13:00,13.762,,,,,,
2037,10/10/20 14:00,13.762,,,,,,
2038,10/10/20 15:00,13.738,,,,,,
2039,10/10/20 16:00,11.127,,,,,,
2040,10/10/20 17:00,11.783,,,,,,
2041,10/10/20 17:13,,,,Logged,Logged,,
2042,10/10/20 17:13,,,,,,Logged,Logged