Plot Title: cedar_light_pendant,,,,
#,"Date Time, GMT-07:00","Temp, °C (LGR S/N: 20733886, SEN S/N: 20733886)","Intensity, Lux (LGR S/N: 20733886, SEN S/N: 20733886)",End Of File (LGR S/N: 20733886)
1,7/17/2020 18:00,26.097,15844.5,
2,7/17/2020 19:00,25.416,2152.8,
3,7/17/2020 20:00,25.416,1151.7,
4,7/17/2020 21:00,25.319,0,
5,7/17/2020 22:00,25.222,0,
6,7/17/2020 23:00,25.222,0,
7,7/18/2020 0:00,24.931,0,
8,7/18/2020 1:00,24.835,0,
9,7/18/2020 2:00,24.641,0,
10,7/18/2020 3:00,24.448,0,
11,7/18/2020 4:00,24.255,0,
12,7/18/2020 5:00,24.062,0,
13,7/18/2020 6:00,23.966,290.6,
14,7/18/2020 7:00,23.869,1722.2,
15,7/18/2020 8:00,24.255,10677.8,
16,7/18/2020 9:00,24.545,17222.3,
17,7/18/2020 10:00,25.028,37200.2,
18,7/18/2020 11:00,25.416,57867,
19,7/18/2020 12:00,26,57867,
20,7/18/2020 13:00,26.292,49600.3,
21,7/18/2020 14:00,26.683,44089.2,
22,7/18/2020 15:00,26.683,60622.6,
23,7/18/2020 16:00,27.075,49600.3,
24,7/18/2020 17:00,26.879,41333.6,
25,7/18/2020 18:00,26.488,11711.2,
26,7/18/2020 19:00,25.805,2755.6,
27,7/18/2020 20:00,25.708,1463.9,
28,7/18/2020 21:00,25.513,0,
29,7/18/2020 22:00,25.513,0,
30,7/18/2020 23:00,25.513,0,
31,7/19/2020 0:00,25.319,0,
32,7/19/2020 1:00,25.125,0,
33,7/19/2020 2:00,24.931,0,
34,7/19/2020 3:00,24.738,0,
35,7/19/2020 4:00,24.545,0,
36,7/19/2020 5:00,24.448,0,
37,7/19/2020 6:00,24.255,279.9,
38,7/19/2020 7:00,24.255,2583.4,
39,7/19/2020 8:00,24.448,10333.4,
40,7/19/2020 9:00,24.835,22044.6,
41,7/19/2020 10:00,25.222,37200.2,
42,7/19/2020 11:00,25.708,27555.7,
43,7/19/2020 12:00,26.097,49600.3,
44,7/19/2020 13:00,26.585,60622.6,
45,7/19/2020 14:00,26.195,11711.2,
46,7/19/2020 15:00,26.977,52355.9,
47,7/19/2020 16:00,27.272,28933.5,
48,7/19/2020 17:00,26.781,10333.4,
49,7/19/2020 18:00,26.097,5511.1,
50,7/19/2020 19:00,26,2583.4,
51,7/19/2020 20:00,25.902,1076.4,
52,7/19/2020 21:00,25.708,0,
53,7/19/2020 22:00,25.805,0,
54,7/19/2020 23:00,25.708,0,
55,7/20/2020 0:00,25.513,0,
56,7/20/2020 1:00,25.319,0,
57,7/20/2020 2:00,25.125,0,
58,7/20/2020 3:00,24.931,0,
59,7/20/2020 4:00,24.835,0,
60,7/20/2020 5:00,24.641,0,
61,7/20/2020 6:00,24.448,258.3,
62,7/20/2020 7:00,24.351,1808.3,
63,7/20/2020 8:00,24.641,10333.4,
64,7/20/2020 9:00,25.028,22044.6,
65,7/20/2020 10:00,25.416,34444.7,
66,7/20/2020 11:00,25.902,41333.6,
67,7/20/2020 12:00,26.488,52355.9,
68,7/20/2020 13:00,26.683,57867,
69,7/20/2020 14:00,27.173,66133.8,
70,7/20/2020 15:00,27.272,52355.9,
71,7/20/2020 16:00,27.468,41333.6,
72,7/20/2020 17:00,27.173,27555.7,
73,7/20/2020 18:00,27.173,18600.1,
74,7/20/2020 19:00,26.39,2411.1,
75,7/20/2020 20:00,26.195,1205.6,
76,7/20/2020 21:00,26.097,0,
77,7/20/2020 22:00,26.195,0,
78,7/20/2020 23:00,25.902,0,
79,7/21/2020 0:00,25.708,0,
80,7/21/2020 1:00,25.513,0,
81,7/21/2020 2:00,25.319,0,
82,7/21/2020 3:00,25.125,0,
83,7/21/2020 4:00,24.931,0,
84,7/21/2020 5:00,24.738,0,
85,7/21/2020 6:00,24.545,279.9,
86,7/21/2020 7:00,24.545,2497.2,
87,7/21/2020 8:00,24.545,6200,
88,7/21/2020 9:00,25.222,22044.6,
89,7/21/2020 10:00,25.416,31689.1,
90,7/21/2020 11:00,25.902,44089.2,
91,7/21/2020 12:00,26.39,37200.2,
92,7/21/2020 13:00,26.781,26178,
93,7/21/2020 14:00,27.173,63378.2,
94,7/21/2020 15:00,26.879,63378.2,
95,7/21/2020 16:00,27.37,33066.9,
96,7/21/2020 17:00,27.075,26178,
97,7/21/2020 18:00,26.879,14466.8,
98,7/21/2020 19:00,26.292,3272.2,
99,7/21/2020 20:00,26.097,1205.6,
100,7/21/2020 21:00,26.195,0,
101,7/21/2020 22:00,26.097,0,
102,7/21/2020 23:00,25.902,0,
103,7/22/2020 0:00,25.708,0,
104,7/22/2020 1:00,25.61,0,
105,7/22/2020 2:00,25.416,0,
106,7/22/2020 3:00,25.222,0,
107,7/22/2020 4:00,25.125,0,
108,7/22/2020 5:00,24.931,0,
109,7/22/2020 6:00,24.738,215.3,
110,7/22/2020 7:00,24.738,2927.8,
111,7/22/2020 8:00,24.835,8266.7,
112,7/22/2020 9:00,25.222,16533.4,
113,7/22/2020 10:00,25.416,15155.7,
114,7/22/2020 11:00,26,42711.4,
115,7/22/2020 12:00,26.488,49600.3,
116,7/22/2020 13:00,26.585,17911.2,
117,7/22/2020 14:00,27.468,85422.8,
118,7/22/2020 15:00,26.781,35822.5,
119,7/22/2020 16:00,26.292,13777.9,
120,7/22/2020 17:00,26.39,11022.3,
121,7/22/2020 18:00,26.097,3100,
122,7/22/2020 19:00,26,516.7,
123,7/22/2020 20:00,25.61,183,
124,7/22/2020 21:00,25.416,0,
125,7/22/2020 22:00,25.222,0,
126,7/22/2020 23:00,24.931,0,
127,7/23/2020 0:00,24.835,0,
128,7/23/2020 1:00,24.641,0,
129,7/23/2020 2:00,24.448,0,
130,7/23/2020 3:00,24.255,0,
131,7/23/2020 4:00,24.062,0,
132,7/23/2020 5:00,23.869,0,
133,7/23/2020 6:00,23.773,172.2,
134,7/23/2020 7:00,23.677,1377.8,
135,7/23/2020 8:00,23.869,9644.5,
136,7/23/2020 9:00,24.255,19289,
137,7/23/2020 10:00,24.545,33066.9,
138,7/23/2020 11:00,24.738,28933.5,
139,7/23/2020 12:00,25.222,13777.9,
140,7/23/2020 13:00,25.319,60622.6,
141,7/23/2020 14:00,26.195,71644.9,
142,7/23/2020 15:00,25.805,20666.8,
143,7/23/2020 16:00,26,11022.3,
144,7/23/2020 17:00,25.902,28933.5,
145,7/23/2020 18:00,25.416,6200,
146,7/23/2020 19:00,25.028,4133.4,
147,7/23/2020 20:00,24.931,1808.3,
148,7/23/2020 21:00,24.738,0,
149,7/23/2020 22:00,24.641,0,
150,7/23/2020 23:00,24.448,0,
151,7/24/2020 0:00,24.255,0,
152,7/24/2020 1:00,24.158,0,
153,7/24/2020 2:00,23.966,0,
154,7/24/2020 3:00,23.773,0,
155,7/24/2020 4:00,23.581,0,
156,7/24/2020 5:00,23.388,0,
157,7/24/2020 6:00,23.196,193.8,
158,7/24/2020 7:00,23.1,1550,
159,7/24/2020 8:00,23.292,10677.8,
160,7/24/2020 9:00,23.773,27555.7,
161,7/24/2020 10:00,23.869,17222.3,
162,7/24/2020 11:00,24.545,42711.4,
163,7/24/2020 12:00,25.125,60622.6,
164,7/24/2020 13:00,25.513,52355.9,
165,7/24/2020 14:00,25.61,60622.6,
166,7/24/2020 15:00,25.416,63378.2,
167,7/24/2020 16:00,26.097,13777.9,
168,7/24/2020 17:00,26.097,52355.9,
169,7/24/2020 18:00,25.805,19977.9,
170,7/24/2020 19:00,25.125,3788.9,
171,7/24/2020 20:00,24.931,1377.8,
172,7/24/2020 21:00,24.835,0,
173,7/24/2020 22:00,24.835,0,
174,7/24/2020 23:00,24.738,0,
175,7/25/2020 0:00,24.545,0,
176,7/25/2020 1:00,24.351,0,
177,7/25/2020 2:00,24.158,0,
178,7/25/2020 3:00,23.966,0,
179,7/25/2020 4:00,23.773,0,
180,7/25/2020 5:00,23.677,0,
181,7/25/2020 6:00,23.484,183,
182,7/25/2020 7:00,23.388,1463.9,
183,7/25/2020 8:00,23.677,9300.1,
184,7/25/2020 9:00,23.966,12400.1,
185,7/25/2020 10:00,24.448,30311.3,
186,7/25/2020 11:00,24.931,28933.5,
187,7/25/2020 12:00,25.319,49600.3,
188,7/25/2020 13:00,25.805,57867,
189,7/25/2020 14:00,26,12400.1,
190,7/25/2020 15:00,26,46844.8,
191,7/25/2020 16:00,26.585,66133.8,
192,7/25/2020 17:00,26.39,28933.5,
193,7/25/2020 18:00,25.902,13777.9,
194,7/25/2020 19:00,25.319,2238.9,
195,7/25/2020 20:00,25.222,925.7,
196,7/25/2020 21:00,25.222,0,
197,7/25/2020 22:00,25.125,0,
198,7/25/2020 23:00,24.931,0,
199,7/26/2020 0:00,24.738,0,
200,7/26/2020 1:00,24.545,0,
201,7/26/2020 2:00,24.351,0,
202,7/26/2020 3:00,24.158,0,
203,7/26/2020 4:00,23.966,0,
204,7/26/2020 5:00,23.869,0,
205,7/26/2020 6:00,23.677,161.5,
206,7/26/2020 7:00,23.581,1722.2,
207,7/26/2020 8:00,23.869,9300.1,
208,7/26/2020 9:00,24.158,20666.8,
209,7/26/2020 10:00,24.545,8611.2,
210,7/26/2020 11:00,25.125,44089.2,
211,7/26/2020 12:00,25.708,41333.6,
212,7/26/2020 13:00,26,55111.5,
213,7/26/2020 14:00,26.195,23422.4,
214,7/26/2020 15:00,26.097,74400.5,
215,7/26/2020 16:00,26.488,37200.2,
216,7/26/2020 17:00,26.195,15155.7,
217,7/26/2020 18:00,25.222,1636.1,
218,7/26/2020 19:00,25.222,3100,
219,7/26/2020 20:00,25.319,699.7,
220,7/26/2020 21:00,25.319,0,
221,7/26/2020 22:00,25.125,0,
222,7/26/2020 23:00,24.931,0,
223,7/27/2020 0:00,24.835,0,
224,7/27/2020 1:00,24.641,0,
225,7/27/2020 2:00,24.448,0,
226,7/27/2020 3:00,24.351,0,
227,7/27/2020 4:00,24.158,0,
228,7/27/2020 5:00,24.062,0,
229,7/27/2020 6:00,23.869,75.3,
230,7/27/2020 7:00,23.869,2927.8,
231,7/27/2020 8:00,23.966,5511.1,
232,7/27/2020 9:00,24.255,12400.1,
233,7/27/2020 10:00,24.641,21355.7,
234,7/27/2020 11:00,24.931,17911.2,
235,7/27/2020 12:00,25.319,42711.4,
236,7/27/2020 13:00,25.902,33066.9,
237,7/27/2020 14:00,25.513,37200.2,
238,7/27/2020 15:00,25.222,20666.8,
239,7/27/2020 16:00,24.931,5166.7,
240,7/27/2020 17:00,25.61,23422.4,
241,7/27/2020 18:00,24.835,1636.1,
242,7/27/2020 19:00,24.738,53.8,
243,7/27/2020 20:00,24.545,10.8,
244,7/27/2020 21:00,24.448,0,
245,7/27/2020 22:00,24.255,0,
246,7/27/2020 23:00,24.062,0,
247,7/28/2020 0:00,23.869,0,
248,7/28/2020 1:00,23.677,0,
249,7/28/2020 2:00,23.581,0,
250,7/28/2020 3:00,23.388,0,
251,7/28/2020 4:00,23.196,0,
252,7/28/2020 5:00,23.004,0,
253,7/28/2020 6:00,22.908,96.9,
254,7/28/2020 7:00,22.812,1808.3,
255,7/28/2020 8:00,23.1,7577.8,
256,7/28/2020 9:00,23.388,9300.1,
257,7/28/2020 10:00,23.773,30311.3,
258,7/28/2020 11:00,24.255,38578,
259,7/28/2020 12:00,24.641,74400.5,
260,7/28/2020 13:00,25.125,52355.9,
261,7/28/2020 14:00,25.416,15155.7,
262,7/28/2020 15:00,25.416,31689.1,
263,7/28/2020 16:00,24.545,7577.8,
264,7/28/2020 17:00,25.513,11022.3,
265,7/28/2020 18:00,25.319,8266.7,
266,7/28/2020 19:00,24.351,2152.8,
267,7/28/2020 20:00,24.448,807.3,
268,7/28/2020 21:00,24.255,0,
269,7/28/2020 22:00,24.545,0,
270,7/28/2020 23:00,24.351,0,
271,7/29/2020 0:00,24.158,0,
272,7/29/2020 1:00,23.966,0,
273,7/29/2020 2:00,23.773,0,
274,7/29/2020 3:00,23.677,0,
275,7/29/2020 4:00,23.484,0,
276,7/29/2020 5:00,23.292,0,
277,7/29/2020 6:00,23.196,118.4,
278,7/29/2020 7:00,23.1,1345.5,
279,7/29/2020 8:00,23.388,8266.7,
280,7/29/2020 9:00,23.677,17911.2,
281,7/29/2020 10:00,24.158,14466.8,
282,7/29/2020 11:00,24.641,37200.2,
283,7/29/2020 12:00,25.028,49600.3,
284,7/29/2020 13:00,25.61,44089.2,
285,7/29/2020 14:00,25.708,52355.9,
286,7/29/2020 15:00,25.708,34444.7,
287,7/29/2020 16:00,26.195,38578,
288,7/29/2020 17:00,26.097,66133.8,
289,7/29/2020 18:00,25.61,5166.7,
290,7/29/2020 19:00,24.835,1550,
291,7/29/2020 20:00,24.931,764.2,
292,7/29/2020 21:00,24.835,0,
293,7/29/2020 22:00,24.641,0,
294,7/29/2020 23:00,24.448,0,
295,7/30/2020 0:00,24.158,0,
296,7/30/2020 1:00,23.966,0,
297,7/30/2020 2:00,23.773,0,
298,7/30/2020 3:00,23.581,0,
299,7/30/2020 4:00,23.388,0,
300,7/30/2020 5:00,23.196,0,
301,7/30/2020 6:00,23.004,96.9,
302,7/30/2020 7:00,22.908,1097.9,
303,7/30/2020 8:00,23.196,8266.7,
304,7/30/2020 9:00,23.581,12400.1,
305,7/30/2020 10:00,24.062,57867,
306,7/30/2020 11:00,24.448,37200.2,
307,7/30/2020 12:00,24.931,34444.7,
308,7/30/2020 13:00,25.319,31689.1,
309,7/30/2020 14:00,25.319,66133.8,
310,7/30/2020 15:00,25.513,20666.8,
311,7/30/2020 16:00,25.902,28933.5,
312,7/30/2020 17:00,25.902,20666.8,
313,7/30/2020 18:00,25.61,12400.1,
314,7/30/2020 19:00,24.738,1377.8,
315,7/30/2020 20:00,24.641,721.2,
316,7/30/2020 21:00,24.448,0,
317,7/30/2020 22:00,24.158,0,
318,7/30/2020 23:00,23.966,0,
319,7/31/2020 0:00,23.773,0,
320,7/31/2020 1:00,23.581,0,
321,7/31/2020 2:00,23.484,0,
322,7/31/2020 3:00,23.292,0,
323,7/31/2020 4:00,23.1,0,
324,7/31/2020 5:00,22.908,0,
325,7/31/2020 6:00,22.717,96.9,
326,7/31/2020 7:00,22.621,1076.4,
327,7/31/2020 8:00,22.908,8266.7,
328,7/31/2020 9:00,23.292,18600.1,
329,7/31/2020 10:00,23.773,28933.5,
330,7/31/2020 11:00,24.255,12400.1,
331,7/31/2020 12:00,24.641,42711.4,
332,7/31/2020 13:00,25.028,42711.4,
333,7/31/2020 14:00,25.513,23422.4,
334,7/31/2020 15:00,25.708,22044.6,
335,7/31/2020 16:00,25.902,31689.1,
336,7/31/2020 17:00,25.708,24800.2,
337,7/31/2020 18:00,25.222,33066.9,
338,7/31/2020 19:00,24.545,1550,
339,7/31/2020 20:00,24.545,667.4,
340,7/31/2020 21:00,24.351,0,
341,7/31/2020 22:00,24.158,0,
342,7/31/2020 23:00,23.966,0,
343,8/1/2020 0:00,23.773,0,
344,8/1/2020 1:00,23.581,0,
345,8/1/2020 2:00,23.388,0,
346,8/1/2020 3:00,23.196,0,
347,8/1/2020 4:00,23.1,0,
348,8/1/2020 5:00,22.908,0,
349,8/1/2020 6:00,22.717,53.8,
350,8/1/2020 7:00,22.621,1636.1,
351,8/1/2020 8:00,22.812,7577.8,
352,8/1/2020 9:00,23.292,14466.8,
353,8/1/2020 10:00,23.677,24800.2,
354,8/1/2020 11:00,24.255,22044.6,
355,8/1/2020 12:00,24.835,30311.3,
356,8/1/2020 13:00,25.222,55111.5,
357,8/1/2020 14:00,25.513,35822.5,
358,8/1/2020 15:00,25.319,27555.7,
359,8/1/2020 16:00,25.708,46844.8,
360,8/1/2020 17:00,25.61,44089.2,
361,8/1/2020 18:00,25.319,9300.1,
362,8/1/2020 19:00,24.255,1636.1,
363,8/1/2020 20:00,24.255,764.2,
364,8/1/2020 21:00,24.255,0,
365,8/1/2020 22:00,24.062,0,
366,8/1/2020 23:00,23.869,0,
367,8/2/2020 0:00,23.773,0,
368,8/2/2020 1:00,23.581,0,
369,8/2/2020 2:00,23.388,0,
370,8/2/2020 3:00,23.292,0,
371,8/2/2020 4:00,23.1,0,
372,8/2/2020 5:00,22.908,0,
373,8/2/2020 6:00,22.717,64.6,
374,8/2/2020 7:00,22.717,1270.1,
375,8/2/2020 8:00,22.908,7233.4,
376,8/2/2020 9:00,23.292,12400.1,
377,8/2/2020 10:00,23.773,33066.9,
378,8/2/2020 11:00,24.255,21355.7,
379,8/2/2020 12:00,24.835,115734.1,
380,8/2/2020 13:00,25.028,23422.4,
381,8/2/2020 14:00,25.319,41333.6,
382,8/2/2020 15:00,25.61,198401.3,
383,8/2/2020 16:00,25.708,26178,
384,8/2/2020 17:00,25.61,24800.2,
385,8/2/2020 18:00,25.125,10677.8,
386,8/2/2020 19:00,24.545,2669.5,
387,8/2/2020 20:00,24.545,850.4,
388,8/2/2020 21:00,24.255,0,
389,8/2/2020 22:00,24.062,0,
390,8/2/2020 23:00,23.869,0,
391,8/3/2020 0:00,23.677,0,
392,8/3/2020 1:00,23.581,0,
393,8/3/2020 2:00,23.388,0,
394,8/3/2020 3:00,23.196,0,
395,8/3/2020 4:00,23.004,0,
396,8/3/2020 5:00,22.908,0,
397,8/3/2020 6:00,22.717,53.8,
398,8/3/2020 7:00,22.621,1377.8,
399,8/3/2020 8:00,22.908,7233.4,
400,8/3/2020 9:00,23.292,17222.3,
401,8/3/2020 10:00,23.677,27555.7,
402,8/3/2020 11:00,24.158,33066.9,
403,8/3/2020 12:00,24.835,49600.3,
404,8/3/2020 13:00,25.319,104711.8,
405,8/3/2020 14:00,25.708,44089.2,
406,8/3/2020 15:00,25.319,42711.4,
407,8/3/2020 16:00,25.708,33066.9,
408,8/3/2020 17:00,25.708,63378.2,
409,8/3/2020 18:00,25.319,9644.5,
410,8/3/2020 19:00,24.351,1636.1,
411,8/3/2020 20:00,24.255,699.7,
412,8/3/2020 21:00,24.158,0,
413,8/3/2020 22:00,24.158,0,
414,8/3/2020 23:00,24.062,0,
415,8/4/2020 0:00,23.869,0,
416,8/4/2020 1:00,23.677,0,
417,8/4/2020 2:00,23.484,0,
418,8/4/2020 3:00,23.292,0,
419,8/4/2020 4:00,23.196,0,
420,8/4/2020 5:00,23.004,0,
421,8/4/2020 6:00,22.812,43.1,
422,8/4/2020 7:00,22.717,1184,
423,8/4/2020 8:00,23.004,5166.7,
424,8/4/2020 9:00,23.484,17911.2,
425,8/4/2020 10:00,23.966,23422.4,
426,8/4/2020 11:00,24.545,31689.1,
427,8/4/2020 12:00,24.738,44089.2,
428,8/4/2020 13:00,25.319,37200.2,
429,8/4/2020 14:00,25.513,11022.3,
430,8/4/2020 15:00,25.513,39955.8,
431,8/4/2020 16:00,26,38578,
432,8/4/2020 17:00,25.805,39955.8,
433,8/4/2020 18:00,25.513,6200,
434,8/4/2020 19:00,24.448,1463.9,
435,8/4/2020 20:00,24.448,602.8,
436,8/4/2020 21:00,24.255,0,
437,8/4/2020 22:00,24.255,0,
438,8/4/2020 23:00,24.255,0,
439,8/5/2020 0:00,24.158,0,
440,8/5/2020 1:00,23.966,0,
441,8/5/2020 2:00,23.773,0,
442,8/5/2020 3:00,23.581,0,
443,8/5/2020 4:00,23.388,0,
444,8/5/2020 5:00,23.196,0,
445,8/5/2020 6:00,23.1,32.3,
446,8/5/2020 7:00,23.004,1097.9,
447,8/5/2020 8:00,23.292,6544.5,
448,8/5/2020 9:00,23.773,57867,
449,8/5/2020 10:00,23.773,19977.9,
450,8/5/2020 11:00,24.738,20666.8,
451,8/5/2020 12:00,25.319,34444.7,
452,8/5/2020 13:00,25.61,46844.8,
453,8/5/2020 14:00,25.513,74400.5,
454,8/5/2020 15:00,24.931,8611.2,
455,8/5/2020 16:00,25.028,13777.9,
456,8/5/2020 17:00,24.351,2927.8,
457,8/5/2020 18:00,24.931,8266.7,
458,8/5/2020 19:00,24.545,4477.8,
459,8/5/2020 20:00,24.448,635.1,
460,8/5/2020 21:00,24.158,0,
461,8/5/2020 22:00,23.966,0,
462,8/5/2020 23:00,23.869,0,
463,8/6/2020 0:00,23.677,0,
464,8/6/2020 1:00,23.484,0,
465,8/6/2020 2:00,23.388,0,
466,8/6/2020 3:00,23.196,0,
467,8/6/2020 4:00,23.004,0,
468,8/6/2020 5:00,22.812,0,
469,8/6/2020 6:00,22.717,32.3,
470,8/6/2020 7:00,22.621,1313.2,
471,8/6/2020 8:00,22.908,6544.5,
472,8/6/2020 9:00,23.196,11022.3,
473,8/6/2020 10:00,23.773,20666.8,
474,8/6/2020 11:00,23.581,42711.4,
475,8/6/2020 12:00,24.448,37200.2,
476,8/6/2020 13:00,24.641,38578,
477,8/6/2020 14:00,25.319,55111.5,
478,8/6/2020 15:00,24.641,14466.8,
479,8/6/2020 16:00,23.677,8611.2,
480,8/6/2020 17:00,23.388,3100,
481,8/6/2020 18:00,23.581,6200,
482,8/6/2020 19:00,23.388,1894.5,
483,8/6/2020 20:00,23.1,592,
484,8/6/2020 21:00,22.908,0,
485,8/6/2020 22:00,22.812,0,
486,8/6/2020 23:00,22.717,0,
487,8/7/2020 0:00,22.621,0,
488,8/7/2020 1:00,22.525,0,
489,8/7/2020 2:00,22.333,0,
490,8/7/2020 3:00,22.142,0,
491,8/7/2020 4:00,22.046,0,
492,8/7/2020 5:00,21.855,0,
493,8/7/2020 6:00,21.664,21.5,
494,8/7/2020 7:00,21.569,1087.2,
495,8/7/2020 8:00,21.855,6544.5,
496,8/7/2020 9:00,22.333,17911.2,
497,8/7/2020 10:00,22.717,17911.2,
498,8/7/2020 11:00,23.196,26178,
499,8/7/2020 12:00,23.869,44089.2,
500,8/7/2020 13:00,24.351,39955.8,
501,8/7/2020 14:00,24.835,41333.6,
502,8/7/2020 15:00,24.931,41333.6,
503,8/7/2020 16:00,24.641,35822.5,
504,8/7/2020 17:00,24.641,18600.1,
505,8/7/2020 18:00,24.255,13777.9,
506,8/7/2020 19:00,23.388,1302.4,
507,8/7/2020 20:00,23.196,527.4,
508,8/7/2020 21:00,23.292,0,
509,8/7/2020 22:00,23.1,0,
510,8/7/2020 23:00,22.812,0,
511,8/8/2020 0:00,22.717,0,
512,8/8/2020 1:00,22.525,0,
513,8/8/2020 2:00,22.333,0,
514,8/8/2020 3:00,22.142,0,
515,8/8/2020 4:00,21.951,0,
516,8/8/2020 5:00,21.76,0,
517,8/8/2020 6:00,21.569,21.5,
518,8/8/2020 7:00,21.569,914.9,
519,8/8/2020 8:00,21.855,7233.4,
520,8/8/2020 9:00,22.333,15844.5,
521,8/8/2020 10:00,22.717,27555.7,
522,8/8/2020 11:00,23.196,34444.7,
523,8/8/2020 12:00,23.869,39955.8,
524,8/8/2020 13:00,24.351,44089.2,
525,8/8/2020 14:00,24.738,37200.2,
526,8/8/2020 15:00,24.931,46844.8,
527,8/8/2020 16:00,24.641,34444.7,
528,8/8/2020 17:00,24.641,9300.1,
529,8/8/2020 18:00,24.255,12400.1,
530,8/8/2020 19:00,23.292,1334.7,
531,8/8/2020 20:00,23.196,495.1,
532,8/8/2020 21:00,23.196,0,
533,8/8/2020 22:00,23.196,0,
534,8/8/2020 23:00,23.196,0,
535,8/9/2020 0:00,23.004,0,
536,8/9/2020 1:00,22.812,0,
537,8/9/2020 2:00,22.621,0,
538,8/9/2020 3:00,22.429,0,
539,8/9/2020 4:00,22.333,0,
540,8/9/2020 5:00,22.142,0,
541,8/9/2020 6:00,21.951,10.8,
542,8/9/2020 7:00,21.951,1097.9,
543,8/9/2020 8:00,22.238,6544.5,
544,8/9/2020 9:00,22.717,16533.4,
545,8/9/2020 10:00,23.1,28933.5,
546,8/9/2020 11:00,23.773,33066.9,
547,8/9/2020 12:00,24.351,41333.6,
548,8/9/2020 13:00,24.835,46844.8,
549,8/9/2020 14:00,25.222,49600.3,
550,8/9/2020 15:00,25.222,21355.7,
551,8/9/2020 16:00,25.125,33066.9,
552,8/9/2020 17:00,24.931,28933.5,
553,8/9/2020 18:00,24.545,10333.4,
554,8/9/2020 19:00,23.773,1302.4,
555,8/9/2020 20:00,23.581,484.4,
556,8/9/2020 21:00,23.581,0,
557,8/9/2020 22:00,23.581,0,
558,8/9/2020 23:00,23.581,0,
559,8/10/2020 0:00,23.484,0,
560,8/10/2020 1:00,23.292,0,
561,8/10/2020 2:00,23.1,0,
562,8/10/2020 3:00,22.908,0,
563,8/10/2020 4:00,22.812,0,
564,8/10/2020 5:00,22.621,0,
565,8/10/2020 6:00,22.429,10.8,
566,8/10/2020 7:00,22.429,1033.3,
567,8/10/2020 8:00,22.621,7233.4,
568,8/10/2020 9:00,23.1,13089,
569,8/10/2020 10:00,23.484,24800.2,
570,8/10/2020 11:00,24.158,30311.3,
571,8/10/2020 12:00,24.738,38578,
572,8/10/2020 13:00,25.222,46844.8,
573,8/10/2020 14:00,25.319,46844.8,
574,8/10/2020 15:00,25.513,44089.2,
575,8/10/2020 16:00,25.805,38578,
576,8/10/2020 17:00,24.062,5166.7,
577,8/10/2020 18:00,24.351,7233.4,
578,8/10/2020 19:00,24.448,10333.4,
579,8/10/2020 20:00,23.966,925.7,
580,8/10/2020 21:00,23.869,0,
581,8/10/2020 22:00,23.869,0,
582,8/10/2020 23:00,23.869,0,
583,8/11/2020 0:00,23.869,0,
584,8/11/2020 1:00,23.677,0,
585,8/11/2020 2:00,23.484,0,
586,8/11/2020 3:00,23.388,0,
587,8/11/2020 4:00,23.196,0,
588,8/11/2020 5:00,23.1,0,
589,8/11/2020 6:00,22.908,0,
590,8/11/2020 7:00,22.812,1087.2,
591,8/11/2020 8:00,23.1,11711.2,
592,8/11/2020 9:00,23.484,4133.4,
593,8/11/2020 10:00,24.062,38578,
594,8/11/2020 11:00,24.448,31689.1,
595,8/11/2020 12:00,25.125,26178,
596,8/11/2020 13:00,25.61,19977.9,
597,8/11/2020 14:00,25.708,39955.8,
598,8/11/2020 15:00,25.61,41333.6,
599,8/11/2020 16:00,25.805,38578,
600,8/11/2020 17:00,25.513,5511.1,
601,8/11/2020 18:00,24.738,10333.4,
602,8/11/2020 19:00,24.641,2497.2,
603,8/11/2020 20:00,24.351,505.9,
604,8/11/2020 21:00,24.351,0,
605,8/11/2020 22:00,24.255,0,
606,8/11/2020 23:00,24.062,0,
607,8/12/2020 0:00,23.869,0,
608,8/12/2020 1:00,23.677,0,
609,8/12/2020 2:00,23.581,0,
610,8/12/2020 3:00,23.388,0,
611,8/12/2020 4:00,23.196,0,
612,8/12/2020 5:00,23.004,0,
613,8/12/2020 6:00,22.812,0,
614,8/12/2020 7:00,22.812,893.4,
615,8/12/2020 8:00,23.004,5166.7,
616,8/12/2020 9:00,23.484,15844.5,
617,8/12/2020 10:00,23.869,23422.4,
618,8/12/2020 11:00,24.351,26178,
619,8/12/2020 12:00,24.931,44089.2,
620,8/12/2020 13:00,24.641,16533.4,
621,8/12/2020 14:00,25.319,28933.5,
622,8/12/2020 15:00,25.708,31689.1,
623,8/12/2020 16:00,25.61,41333.6,
624,8/12/2020 17:00,25.222,15844.5,
625,8/12/2020 18:00,24.931,11711.2,
626,8/12/2020 19:00,24.158,1980.6,
627,8/12/2020 20:00,23.966,409,
628,8/12/2020 21:00,23.773,0,
629,8/12/2020 22:00,23.581,0,
630,8/12/2020 23:00,23.484,0,
631,8/13/2020 0:00,23.388,0,
632,8/13/2020 1:00,23.196,0,
633,8/13/2020 2:00,23.1,0,
634,8/13/2020 3:00,22.908,0,
635,8/13/2020 4:00,22.717,0,
636,8/13/2020 5:00,22.621,0,
637,8/13/2020 6:00,22.429,0,
638,8/13/2020 7:00,22.333,904.2,
639,8/13/2020 8:00,22.525,6200,
640,8/13/2020 9:00,23.004,13777.9,
641,8/13/2020 10:00,23.484,22044.6,
642,8/13/2020 11:00,24.062,30311.3,
643,8/13/2020 12:00,24.545,42711.4,
644,8/13/2020 13:00,25.028,38578,
645,8/13/2020 14:00,25.319,60622.6,
646,8/13/2020 15:00,25.125,159823.3,
647,8/13/2020 16:00,25.61,38578,
648,8/13/2020 17:00,25.902,5166.7,
649,8/13/2020 18:00,24.835,17911.2,
650,8/13/2020 19:00,23.966,1377.8,
651,8/13/2020 20:00,23.869,366,
652,8/13/2020 21:00,23.869,0,
653,8/13/2020 22:00,23.773,0,
654,8/13/2020 23:00,23.581,0,
655,8/14/2020 0:00,23.388,0,
656,8/14/2020 1:00,23.196,0,
657,8/14/2020 2:00,23.004,0,
658,8/14/2020 3:00,22.812,0,
659,8/14/2020 4:00,22.717,0,
660,8/14/2020 5:00,22.525,0,
661,8/14/2020 6:00,22.333,0,
662,8/14/2020 7:00,22.333,828.8,
663,8/14/2020 8:00,22.525,6544.5,
664,8/14/2020 9:00,23.1,15155.7,
665,8/14/2020 10:00,23.292,26178,
666,8/14/2020 11:00,23.966,23422.4,
667,8/14/2020 12:00,24.545,26178,
668,8/14/2020 13:00,25.028,34444.7,
669,8/14/2020 14:00,25.319,38578,
670,8/14/2020 15:00,24.931,28933.5,
671,8/14/2020 16:00,24.448,16533.4,
672,8/14/2020 17:00,25.125,23422.4,
673,8/14/2020 18:00,24.255,7577.8,
674,8/14/2020 19:00,23.869,1259.4,
675,8/14/2020 20:00,23.677,290.6,
676,8/14/2020 21:00,23.677,0,
677,8/14/2020 22:00,23.677,0,
678,8/14/2020 23:00,23.581,0,
679,8/15/2020 0:00,23.484,0,
680,8/15/2020 1:00,23.292,0,
681,8/15/2020 2:00,23.196,0,
682,8/15/2020 3:00,23.004,0,
683,8/15/2020 4:00,22.908,0,
684,8/15/2020 5:00,22.717,0,
685,8/15/2020 6:00,22.621,0,
686,8/15/2020 7:00,22.525,850.4,
687,8/15/2020 8:00,22.812,6544.5,
688,8/15/2020 9:00,23.292,15844.5,
689,8/15/2020 10:00,23.773,22044.6,
690,8/15/2020 11:00,24.351,27555.7,
691,8/15/2020 12:00,24.931,37200.2,
692,8/15/2020 13:00,25.319,44089.2,
693,8/15/2020 14:00,25.61,42711.4,
694,8/15/2020 15:00,25.513,12400.1,
695,8/15/2020 16:00,25.708,12400.1,
696,8/15/2020 17:00,25.61,19977.9,
697,8/15/2020 18:00,25.125,8611.2,
698,8/15/2020 19:00,24.255,710.4,
699,8/15/2020 20:00,24.158,322.9,
700,8/15/2020 21:00,24.158,0,
701,8/15/2020 22:00,24.255,0,
702,8/15/2020 23:00,24.158,0,
703,8/16/2020 0:00,23.966,0,
704,8/16/2020 1:00,23.773,0,
705,8/16/2020 2:00,23.581,0,
706,8/16/2020 3:00,23.484,0,
707,8/16/2020 4:00,23.388,0,
708,8/16/2020 5:00,23.196,0,
709,8/16/2020 6:00,23.1,0,
710,8/16/2020 7:00,23.004,947.2,
711,8/16/2020 8:00,23.004,2927.8,
712,8/16/2020 9:00,23.581,7577.8,
713,8/16/2020 10:00,23.292,7233.4,
714,8/16/2020 11:00,22.812,1550,
715,8/16/2020 12:00,23.292,14466.8,
716,8/16/2020 13:00,23.773,17911.2,
717,8/16/2020 14:00,24.158,26178,
718,8/16/2020 15:00,25.416,42711.4,
719,8/16/2020 16:00,24.931,19289,
720,8/16/2020 17:00,24.931,17911.2,
721,8/16/2020 18:00,24.448,7233.4,
722,8/16/2020 19:00,23.484,882.6,
723,8/16/2020 20:00,23.484,236.8,
724,8/16/2020 21:00,23.292,0,
725,8/16/2020 22:00,23.196,0,
726,8/16/2020 23:00,23.1,0,
727,8/17/2020 0:00,23.004,0,
728,8/17/2020 1:00,22.908,0,
729,8/17/2020 2:00,22.812,0,
730,8/17/2020 3:00,22.621,0,
731,8/17/2020 4:00,22.525,0,
732,8/17/2020 5:00,22.429,0,
733,8/17/2020 6:00,22.238,0,
734,8/17/2020 7:00,22.238,904.2,
735,8/17/2020 8:00,22.621,5166.7,
736,8/17/2020 9:00,22.525,3961.1,
737,8/17/2020 10:00,22.621,6544.5,
738,8/17/2020 11:00,23.004,14466.8,
739,8/17/2020 12:00,23.484,22044.6,
740,8/17/2020 13:00,23.484,19977.9,
741,8/17/2020 14:00,23.004,8611.2,
742,8/17/2020 15:00,22.429,1550,
743,8/17/2020 16:00,22.812,6544.5,
744,8/17/2020 17:00,23.388,10333.4,
745,8/17/2020 18:00,22.812,3100,
746,8/17/2020 19:00,22.717,4133.4,
747,8/17/2020 20:00,22.333,538.2,
748,8/17/2020 21:00,22.238,0,
749,8/17/2020 22:00,22.142,0,
750,8/17/2020 23:00,22.046,0,
751,8/18/2020 0:00,21.951,0,
752,8/18/2020 1:00,21.951,0,
753,8/18/2020 2:00,21.855,0,
754,8/18/2020 3:00,21.76,0,
755,8/18/2020 4:00,21.569,0,
756,8/18/2020 5:00,21.473,0,
757,8/18/2020 6:00,21.378,0,
758,8/18/2020 7:00,21.378,1141,
759,8/18/2020 8:00,21.569,3100,
760,8/18/2020 9:00,22.238,10333.4,
761,8/18/2020 10:00,22.621,20666.8,
762,8/18/2020 11:00,23.196,30311.3,
763,8/18/2020 12:00,23.869,26178,
764,8/18/2020 13:00,23.004,12400.1,
765,8/18/2020 14:00,24.545,12400.1,
766,8/18/2020 15:00,24.641,26178,
767,8/18/2020 16:00,24.255,19289,
768,8/18/2020 17:00,23.773,7577.8,
769,8/18/2020 18:00,23.581,5166.7,
770,8/18/2020 19:00,23.004,1313.2,
771,8/18/2020 20:00,22.908,247.6,
772,8/18/2020 21:00,22.908,0,
773,8/18/2020 22:00,22.812,0,
774,8/18/2020 23:00,22.908,0,
775,8/19/2020 0:00,22.812,0,
776,8/19/2020 1:00,22.717,0,
777,8/19/2020 2:00,22.525,0,
778,8/19/2020 3:00,22.429,0,
779,8/19/2020 4:00,22.238,0,
780,8/19/2020 5:00,22.142,0,
781,8/19/2020 6:00,22.046,0,
782,8/19/2020 7:00,21.951,452.1,
783,8/19/2020 8:00,21.951,2497.2,
784,8/19/2020 9:00,22.238,8611.2,
785,8/19/2020 10:00,22.429,14466.8,
786,8/19/2020 11:00,23.388,10333.4,
787,8/19/2020 12:00,23.388,39955.8,
788,8/19/2020 13:00,24.351,28933.5,
789,8/19/2020 14:00,24.931,42711.4,
790,8/19/2020 15:00,24.835,34444.7,
791,8/19/2020 16:00,24.835,23422.4,
792,8/19/2020 17:00,24.545,19977.9,
793,8/19/2020 18:00,24.158,6544.5,
794,8/19/2020 19:00,23.196,958,
795,8/19/2020 20:00,23.004,172.2,
796,8/19/2020 21:00,22.717,0,
797,8/19/2020 22:00,22.525,0,
798,8/19/2020 23:00,22.429,0,
799,8/20/2020 0:00,22.333,0,
800,8/20/2020 1:00,22.142,0,
801,8/20/2020 2:00,22.046,0,
802,8/20/2020 3:00,21.855,0,
803,8/20/2020 4:00,21.664,0,
804,8/20/2020 5:00,21.473,0,
805,8/20/2020 6:00,21.378,0,
806,8/20/2020 7:00,21.282,925.7,
807,8/20/2020 8:00,21.282,2497.2,
808,8/20/2020 9:00,21.664,10677.8,
809,8/20/2020 10:00,22.046,16533.4,
810,8/20/2020 11:00,22.717,28933.5,
811,8/20/2020 12:00,23.292,44089.2,
812,8/20/2020 13:00,23.966,38578,
813,8/20/2020 14:00,24.255,24800.2,
814,8/20/2020 15:00,24.158,35822.5,
815,8/20/2020 16:00,24.062,27555.7,
816,8/20/2020 17:00,24.062,11711.2,
817,8/20/2020 18:00,23.484,5511.1,
818,8/20/2020 19:00,22.812,1463.9,
819,8/20/2020 20:00,22.717,161.5,
820,8/20/2020 21:00,22.525,0,
821,8/20/2020 22:00,22.333,0,
822,8/20/2020 23:00,22.238,0,
823,8/21/2020 0:00,22.142,0,
824,8/21/2020 1:00,21.951,0,
825,8/21/2020 2:00,21.855,0,
826,8/21/2020 3:00,21.664,0,
827,8/21/2020 4:00,21.569,0,
828,8/21/2020 5:00,21.378,0,
829,8/21/2020 6:00,21.282,0,
830,8/21/2020 7:00,21.187,753.5,
831,8/21/2020 8:00,21.282,3788.9,
832,8/21/2020 9:00,21.855,24800.2,
833,8/21/2020 10:00,22.238,16533.4,
834,8/21/2020 11:00,22.812,9300.1,
835,8/21/2020 12:00,23.388,35822.5,
836,8/21/2020 13:00,23.966,38578,
837,8/21/2020 14:00,24.351,77156.1,
838,8/21/2020 15:00,24.448,39955.8,
839,8/21/2020 16:00,24.448,44089.2,
840,8/21/2020 17:00,24.158,23422.4,
841,8/21/2020 18:00,23.677,11022.3,
842,8/21/2020 19:00,22.812,1108.7,
843,8/21/2020 20:00,22.812,172.2,
844,8/21/2020 21:00,22.812,0,
845,8/21/2020 22:00,22.621,0,
846,8/21/2020 23:00,22.429,0,
847,8/22/2020 0:00,22.333,0,
848,8/22/2020 1:00,22.142,0,
849,8/22/2020 2:00,22.046,0,
850,8/22/2020 3:00,21.951,0,
851,8/22/2020 4:00,21.76,0,
852,8/22/2020 5:00,21.664,0,
853,8/22/2020 6:00,21.473,0,
854,8/22/2020 7:00,21.378,1205.6,
855,8/22/2020 8:00,21.473,4305.6,
856,8/22/2020 9:00,21.951,10677.8,
857,8/22/2020 10:00,22.238,13089,
858,8/22/2020 11:00,22.717,24800.2,
859,8/22/2020 12:00,23.388,35822.5,
860,8/22/2020 13:00,23.677,41333.6,
861,8/22/2020 14:00,23.677,22044.6,
862,8/22/2020 15:00,23.869,37200.2,
863,8/22/2020 16:00,23.869,22044.6,
864,8/22/2020 17:00,23.581,13777.9,
865,8/22/2020 18:00,23.196,9300.1,
866,8/22/2020 19:00,22.812,2497.2,
867,8/22/2020 20:00,22.429,129.2,
868,8/22/2020 21:00,22.525,0,
869,8/22/2020 22:00,22.525,0,
870,8/22/2020 23:00,22.525,0,
871,8/23/2020 0:00,22.333,0,
872,8/23/2020 1:00,22.142,0,
873,8/23/2020 2:00,22.046,0,
874,8/23/2020 3:00,21.855,0,
875,8/23/2020 4:00,21.76,0,
876,8/23/2020 5:00,21.664,0,
877,8/23/2020 6:00,21.473,0,
878,8/23/2020 7:00,21.378,871.9,
879,8/23/2020 8:00,21.473,4305.6,
880,8/23/2020 9:00,21.855,9644.5,
881,8/23/2020 10:00,22.238,13777.9,
882,8/23/2020 11:00,22.621,26178,
883,8/23/2020 12:00,23.1,34444.7,
884,8/23/2020 13:00,23.196,27555.7,
885,8/23/2020 14:00,23.196,26178,
886,8/23/2020 15:00,23.388,28933.5,
887,8/23/2020 16:00,23.869,22044.6,
888,8/23/2020 17:00,23.292,14466.8,
889,8/23/2020 18:00,22.812,6544.5,
890,8/23/2020 19:00,22.621,1980.6,
891,8/23/2020 20:00,22.333,118.4,
892,8/23/2020 21:00,22.429,0,
893,8/23/2020 22:00,22.333,0,
894,8/23/2020 23:00,22.142,0,
895,8/24/2020 0:00,22.046,0,
896,8/24/2020 1:00,21.855,0,
897,8/24/2020 2:00,21.76,0,
898,8/24/2020 3:00,21.664,0,
899,8/24/2020 4:00,21.569,0,
900,8/24/2020 5:00,21.378,0,
901,8/24/2020 6:00,21.282,0,
902,8/24/2020 7:00,21.187,419.8,
903,8/24/2020 8:00,21.282,3444.5,
904,8/24/2020 9:00,21.378,3616.7,
905,8/24/2020 10:00,21.473,5166.7,
906,8/24/2020 11:00,21.569,10333.4,
907,8/24/2020 12:00,22.046,10677.8,
908,8/24/2020 13:00,22.429,13777.9,
909,8/24/2020 14:00,22.429,13777.9,
910,8/24/2020 15:00,22.621,12400.1,
911,8/24/2020 16:00,23.1,26178,
912,8/24/2020 17:00,22.621,11022.3,
913,8/24/2020 18:00,22.142,6200,
914,8/24/2020 19:00,21.855,1108.7,
915,8/24/2020 20:00,21.76,21.5,
916,8/24/2020 21:00,21.664,0,
917,8/24/2020 22:00,21.569,0,
918,8/24/2020 23:00,21.473,0,
919,8/25/2020 0:00,21.378,0,
920,8/25/2020 1:00,21.378,0,
921,8/25/2020 2:00,21.282,0,
922,8/25/2020 3:00,21.187,0,
923,8/25/2020 4:00,21.091,0,
924,8/25/2020 5:00,20.996,0,
925,8/25/2020 6:00,20.805,0,
926,8/25/2020 7:00,20.71,775,
927,8/25/2020 8:00,20.805,3444.5,
928,8/25/2020 9:00,21.091,9644.5,
929,8/25/2020 10:00,21.473,12400.1,
930,8/25/2020 11:00,21.855,18600.1,
931,8/25/2020 12:00,22.333,24800.2,
932,8/25/2020 13:00,22.717,27555.7,
933,8/25/2020 14:00,23.1,41333.6,
934,8/25/2020 15:00,23.1,16533.4,
935,8/25/2020 16:00,23.1,18600.1,
936,8/25/2020 17:00,22.812,11711.2,
937,8/25/2020 18:00,22.429,7577.8,
938,8/25/2020 19:00,21.951,1722.2,
939,8/25/2020 20:00,21.76,64.6,
940,8/25/2020 21:00,21.76,0,
941,8/25/2020 22:00,21.76,0,
942,8/25/2020 23:00,21.855,0,
943,8/26/2020 0:00,21.664,0,
944,8/26/2020 1:00,21.569,0,
945,8/26/2020 2:00,21.378,0,
946,8/26/2020 3:00,21.282,0,
947,8/26/2020 4:00,21.187,0,
948,8/26/2020 5:00,20.996,0,
949,8/26/2020 6:00,20.901,0,
950,8/26/2020 7:00,20.805,710.4,
951,8/26/2020 8:00,20.901,3444.5,
952,8/26/2020 9:00,21.187,7577.8,
953,8/26/2020 10:00,21.473,11022.3,
954,8/26/2020 11:00,21.76,14466.8,
955,8/26/2020 12:00,22.238,16533.4,
956,8/26/2020 13:00,22.429,16533.4,
957,8/26/2020 14:00,22.525,18600.1,
958,8/26/2020 15:00,22.525,20666.8,
959,8/26/2020 16:00,22.621,18600.1,
960,8/26/2020 17:00,22.333,10677.8,
961,8/26/2020 18:00,22.046,5511.1,
962,8/26/2020 19:00,21.855,2238.9,
963,8/26/2020 20:00,21.569,43.1,
964,8/26/2020 21:00,21.569,0,
965,8/26/2020 22:00,21.569,0,
966,8/26/2020 23:00,21.664,0,
967,8/27/2020 0:00,21.473,0,
968,8/27/2020 1:00,21.378,0,
969,8/27/2020 2:00,21.187,0,
970,8/27/2020 3:00,21.091,0,
971,8/27/2020 4:00,20.996,0,
972,8/27/2020 5:00,20.901,0,
973,8/27/2020 6:00,20.805,0,
974,8/27/2020 7:00,20.71,785.8,
975,8/27/2020 8:00,20.805,4305.6,
976,8/27/2020 9:00,21.187,10333.4,
977,8/27/2020 10:00,21.569,15844.5,
978,8/27/2020 11:00,21.951,17222.3,
979,8/27/2020 12:00,22.525,20666.8,
980,8/27/2020 13:00,23.004,22044.6,
981,8/27/2020 14:00,23.388,39955.8,
982,8/27/2020 15:00,22.142,7577.8,
983,8/27/2020 16:00,22.238,6200,
984,8/27/2020 17:00,21.951,4477.8,
985,8/27/2020 18:00,22.238,8611.2,
986,8/27/2020 19:00,21.76,1894.5,
987,8/27/2020 20:00,21.569,43.1,
988,8/27/2020 21:00,21.664,0,
989,8/27/2020 22:00,21.569,0,
990,8/27/2020 23:00,21.378,0,
991,8/28/2020 0:00,21.282,0,
992,8/28/2020 1:00,21.091,0,
993,8/28/2020 2:00,20.996,0,
994,8/28/2020 3:00,20.901,0,
995,8/28/2020 4:00,20.71,0,
996,8/28/2020 5:00,20.615,0,
997,8/28/2020 6:00,20.519,0,
998,8/28/2020 7:00,20.329,861.1,
999,8/28/2020 8:00,20.519,4133.4,
1000,8/28/2020 9:00,20.996,8611.2,
1001,8/28/2020 10:00,21.282,10333.4,
1002,8/28/2020 11:00,21.76,20666.8,
1003,8/28/2020 12:00,22.429,31689.1,
1004,8/28/2020 13:00,22.908,49600.3,
1005,8/28/2020 14:00,23.292,19977.9,
1006,8/28/2020 15:00,23.388,37200.2,
1007,8/28/2020 16:00,22.429,7233.4,
1008,8/28/2020 17:00,22.812,17222.3,
1009,8/28/2020 18:00,21.855,2669.5,
1010,8/28/2020 19:00,21.76,1722.2,
1011,8/28/2020 20:00,21.664,32.3,
1012,8/28/2020 21:00,21.569,0,
1013,8/28/2020 22:00,21.664,0,
1014,8/28/2020 23:00,21.664,0,
1015,8/29/2020 0:00,21.473,0,
1016,8/29/2020 1:00,21.282,0,
1017,8/29/2020 2:00,21.187,0,
1018,8/29/2020 3:00,20.996,0,
1019,8/29/2020 4:00,20.901,0,
1020,8/29/2020 5:00,20.71,0,
1021,8/29/2020 6:00,20.615,0,
1022,8/29/2020 7:00,20.519,990.3,
1023,8/29/2020 8:00,20.71,3961.1,
1024,8/29/2020 9:00,20.996,9300.1,
1025,8/29/2020 10:00,21.378,15155.7,
1026,8/29/2020 11:00,21.76,23422.4,
1027,8/29/2020 12:00,22.142,33066.9,
1028,8/29/2020 13:00,22.812,66133.8,
1029,8/29/2020 14:00,22.908,33066.9,
1030,8/29/2020 15:00,23.1,33066.9,
1031,8/29/2020 16:00,23.1,24800.2,
1032,8/29/2020 17:00,22.812,16533.4,
1033,8/29/2020 18:00,22.429,7233.4,
1034,8/29/2020 19:00,21.951,2066.7,
1035,8/29/2020 20:00,21.76,21.5,
1036,8/29/2020 21:00,21.664,0,
1037,8/29/2020 22:00,21.76,0,
1038,8/29/2020 23:00,21.664,0,
1039,8/30/2020 0:00,21.473,0,
1040,8/30/2020 1:00,21.378,0,
1041,8/30/2020 2:00,21.187,0,
1042,8/30/2020 3:00,20.996,0,
1043,8/30/2020 4:00,20.901,0,
1044,8/30/2020 5:00,20.805,0,
1045,8/30/2020 6:00,20.615,0,
1046,8/30/2020 7:00,20.519,688.9,
1047,8/30/2020 8:00,20.71,5338.9,
1048,8/30/2020 9:00,21.187,10333.4,
1049,8/30/2020 10:00,21.569,15155.7,
1050,8/30/2020 11:00,22.142,27555.7,
1051,8/30/2020 12:00,22.525,14466.8,
1052,8/30/2020 13:00,23.196,46844.8,
1053,8/30/2020 14:00,23.581,41333.6,
1054,8/30/2020 15:00,23.677,41333.6,
1055,8/30/2020 16:00,23.581,28933.5,
1056,8/30/2020 17:00,23.196,18600.1,
1057,8/30/2020 18:00,22.812,5511.1,
1058,8/30/2020 19:00,21.951,925.7,
1059,8/30/2020 20:00,21.951,10.8,
1060,8/30/2020 21:00,21.951,0,
1061,8/30/2020 22:00,21.76,0,
1062,8/30/2020 23:00,21.569,0,
1063,8/31/2020 0:00,21.378,0,
1064,8/31/2020 1:00,21.282,0,
1065,8/31/2020 2:00,21.091,0,
1066,8/31/2020 3:00,20.901,0,
1067,8/31/2020 4:00,20.805,0,
1068,8/31/2020 5:00,20.615,0,
1069,8/31/2020 6:00,20.519,0,
1070,8/31/2020 7:00,20.329,452.1,
1071,8/31/2020 8:00,20.424,3444.5,
1072,8/31/2020 9:00,20.996,9644.5,
1073,8/31/2020 10:00,21.378,16533.4,
1074,8/31/2020 11:00,21.951,19977.9,
1075,8/31/2020 12:00,22.429,41333.6,
1076,8/31/2020 13:00,22.908,38578,
1077,8/31/2020 14:00,23.388,24800.2,
1078,8/31/2020 15:00,23.484,35822.5,
1079,8/31/2020 16:00,23.484,30311.3,
1080,8/31/2020 17:00,23.1,18600.1,
1081,8/31/2020 18:00,22.621,8266.7,
1082,8/31/2020 19:00,21.855,914.9,
1083,8/31/2020 20:00,21.664,0,
1084,8/31/2020 21:00,21.76,0,
1085,8/31/2020 22:00,21.664,0,
1086,8/31/2020 23:00,21.473,0,
1087,9/1/2020 0:00,21.378,0,
1088,9/1/2020 1:00,21.187,0,
1089,9/1/2020 2:00,20.996,0,
1090,9/1/2020 3:00,20.901,0,
1091,9/1/2020 4:00,20.805,0,
1092,9/1/2020 5:00,20.615,0,
1093,9/1/2020 6:00,20.424,0,
1094,9/1/2020 7:00,20.329,516.7,
1095,9/1/2020 8:00,20.519,4822.3,
1096,9/1/2020 9:00,20.996,11711.2,
1097,9/1/2020 10:00,21.282,11711.2,
1098,9/1/2020 11:00,21.855,20666.8,
1099,9/1/2020 12:00,22.429,35822.5,
1100,9/1/2020 13:00,22.908,42711.4,
1101,9/1/2020 14:00,23.292,52355.9,
1102,9/1/2020 15:00,23.581,37200.2,
1103,9/1/2020 16:00,23.292,9300.1,
1104,9/1/2020 17:00,23.1,22044.6,
1105,9/1/2020 18:00,22.621,7577.8,
1106,9/1/2020 19:00,21.76,871.9,
1107,9/1/2020 20:00,21.664,0,
1108,9/1/2020 21:00,21.664,0,
1109,9/1/2020 22:00,21.76,0,
1110,9/1/2020 23:00,21.664,0,
1111,9/2/2020 0:00,21.569,0,
1112,9/2/2020 1:00,21.378,0,
1113,9/2/2020 2:00,21.282,0,
1114,9/2/2020 3:00,21.091,0,
1115,9/2/2020 4:00,20.996,0,
1116,9/2/2020 5:00,20.805,0,
1117,9/2/2020 6:00,20.71,0,
1118,9/2/2020 7:00,20.615,581.3,
1119,9/2/2020 8:00,20.805,4994.5,
1120,9/2/2020 9:00,21.378,10677.8,
1121,9/2/2020 10:00,21.76,14466.8,
1122,9/2/2020 11:00,22.333,24800.2,
1123,9/2/2020 12:00,22.908,46844.8,
1124,9/2/2020 13:00,23.484,46844.8,
1125,9/2/2020 14:00,23.677,16533.4,
1126,9/2/2020 15:00,23.677,10333.4,
1127,9/2/2020 16:00,23.677,26178,
1128,9/2/2020 17:00,23.388,12400.1,
1129,9/2/2020 18:00,22.908,6200,
1130,9/2/2020 19:00,22.142,1001,
1131,9/2/2020 20:00,22.046,0,
1132,9/2/2020 21:00,22.046,0,
1133,9/2/2020 22:00,22.046,0,
1134,9/2/2020 23:00,22.046,0,
1135,9/3/2020 0:00,22.046,0,
1136,9/3/2020 1:00,21.951,0,
1137,9/3/2020 2:00,21.76,0,
1138,9/3/2020 3:00,21.664,0,
1139,9/3/2020 4:00,21.569,0,
1140,9/3/2020 5:00,21.473,0,
1141,9/3/2020 6:00,21.282,0,
1142,9/3/2020 7:00,21.187,613.5,
1143,9/3/2020 8:00,21.378,4994.5,
1144,9/3/2020 9:00,21.855,10333.4,
1145,9/3/2020 10:00,22.142,13089,
1146,9/3/2020 11:00,22.812,19977.9,
1147,9/3/2020 12:00,23.388,31689.1,
1148,9/3/2020 13:00,23.869,41333.6,
1149,9/3/2020 14:00,24.158,39955.8,
1150,9/3/2020 15:00,24.158,11711.2,
1151,9/3/2020 16:00,24.255,27555.7,
1152,9/3/2020 17:00,23.869,16533.4,
1153,9/3/2020 18:00,23.292,5511.1,
1154,9/3/2020 19:00,22.717,1097.9,
1155,9/3/2020 20:00,22.621,0,
1156,9/3/2020 21:00,22.525,0,
1157,9/3/2020 22:00,22.525,0,
1158,9/3/2020 23:00,22.621,0,
1159,9/4/2020 0:00,22.525,0,
1160,9/4/2020 1:00,22.333,0,
1161,9/4/2020 2:00,22.238,0,
1162,9/4/2020 3:00,22.142,0,
1163,9/4/2020 4:00,21.951,0,
1164,9/4/2020 5:00,21.855,0,
1165,9/4/2020 6:00,21.76,0,
1166,9/4/2020 7:00,21.569,688.9,
1167,9/4/2020 8:00,21.664,4133.4,
1168,9/4/2020 9:00,22.046,10333.4,
1169,9/4/2020 10:00,22.621,19977.9,
1170,9/4/2020 11:00,23.004,28933.5,
1171,9/4/2020 12:00,23.292,12400.1,
1172,9/4/2020 13:00,23.677,33066.9,
1173,9/4/2020 14:00,23.677,28933.5,
1174,9/4/2020 15:00,23.773,21355.7,
1175,9/4/2020 16:00,23.677,22044.6,
1176,9/4/2020 17:00,23.1,7577.8,
1177,9/4/2020 18:00,22.812,2755.6,
1178,9/4/2020 19:00,22.621,1033.3,
1179,9/4/2020 20:00,22.429,0,
1180,9/4/2020 21:00,22.333,0,
1181,9/4/2020 22:00,22.142,0,
1182,9/4/2020 23:00,22.046,0,
1183,9/5/2020 0:00,21.951,0,
1184,9/5/2020 1:00,21.855,0,
1185,9/5/2020 2:00,21.76,0,
1186,9/5/2020 3:00,21.664,0,
1187,9/5/2020 4:00,21.473,0,
1188,9/5/2020 5:00,21.378,0,
1189,9/5/2020 6:00,21.282,0,
1190,9/5/2020 7:00,21.091,667.4,
1191,9/5/2020 8:00,21.187,4133.4,
1192,9/5/2020 9:00,21.569,10333.4,
1193,9/5/2020 10:00,22.046,20666.8,
1194,9/5/2020 11:00,22.429,20666.8,
1195,9/5/2020 12:00,22.908,30311.3,
1196,9/5/2020 13:00,23.484,39955.8,
1197,9/5/2020 14:00,23.773,34444.7,
1198,9/5/2020 15:00,23.677,26178,
1199,9/5/2020 16:00,23.388,28933.5,
1200,9/5/2020 17:00,23.1,13777.9,
1201,9/5/2020 18:00,22.621,3788.9,
1202,9/5/2020 19:00,22.238,1237.9,
1203,9/5/2020 20:00,22.238,0,
1204,9/5/2020 21:00,22.142,0,
1205,9/5/2020 22:00,22.333,0,
1206,9/5/2020 23:00,22.142,0,
1207,9/6/2020 0:00,21.951,0,
1208,9/6/2020 1:00,21.855,0,
1209,9/6/2020 2:00,21.76,0,
1210,9/6/2020 3:00,21.569,0,
1211,9/6/2020 4:00,21.473,0,
1212,9/6/2020 5:00,21.378,0,
1213,9/6/2020 6:00,21.282,0,
1214,9/6/2020 7:00,21.091,236.8,
1215,9/6/2020 8:00,21.187,2755.6,
1216,9/6/2020 9:00,21.473,6544.5,
1217,9/6/2020 10:00,21.855,13089,
1218,9/6/2020 11:00,22.238,16533.4,
1219,9/6/2020 12:00,22.621,24800.2,
1220,9/6/2020 13:00,22.908,28933.5,
1221,9/6/2020 14:00,22.908,24800.2,
1222,9/6/2020 15:00,23.1,20666.8,
1223,9/6/2020 16:00,22.908,22044.6,
1224,9/6/2020 17:00,22.717,10677.8,
1225,9/6/2020 18:00,22.238,4477.8,
1226,9/6/2020 19:00,22.046,1022.6,
1227,9/6/2020 20:00,21.855,0,
1228,9/6/2020 21:00,21.951,0,
1229,9/6/2020 22:00,21.855,0,
1230,9/6/2020 23:00,21.951,0,
1231,9/7/2020 0:00,21.855,0,
1232,9/7/2020 1:00,21.76,0,
1233,9/7/2020 2:00,21.664,0,
1234,9/7/2020 3:00,21.473,0,
1235,9/7/2020 4:00,21.378,0,
1236,9/7/2020 5:00,21.282,0,
1237,9/7/2020 6:00,21.187,0,
1238,9/7/2020 7:00,21.091,419.8,
1239,9/7/2020 8:00,21.378,4477.8,
1240,9/7/2020 9:00,21.855,10677.8,
1241,9/7/2020 10:00,22.238,20666.8,
1242,9/7/2020 11:00,22.812,23422.4,
1243,9/7/2020 12:00,23.388,26178,
1244,9/7/2020 13:00,23.966,37200.2,
1245,9/7/2020 14:00,24.158,17911.2,
1246,9/7/2020 15:00,24.448,15844.5,
1247,9/7/2020 16:00,23.677,5511.1,
1248,9/7/2020 17:00,23.966,14466.8,
1249,9/7/2020 18:00,23.1,1377.8,
1250,9/7/2020 19:00,22.717,882.6,
1251,9/7/2020 20:00,22.717,0,
1252,9/7/2020 21:00,22.525,0,
1253,9/7/2020 22:00,22.333,0,
1254,9/7/2020 23:00,22.238,0,
1255,9/8/2020 0:00,22.046,0,
1256,9/8/2020 1:00,21.951,0,
1257,9/8/2020 2:00,21.855,0,
1258,9/8/2020 3:00,21.664,0,
1259,9/8/2020 4:00,21.569,0,
1260,9/8/2020 5:00,21.378,0,
1261,9/8/2020 6:00,21.187,0,
1262,9/8/2020 7:00,20.996,516.7,
1263,9/8/2020 8:00,21.091,3961.1,
1264,9/8/2020 9:00,21.569,9644.5,
1265,9/8/2020 10:00,21.855,18600.1,
1266,9/8/2020 11:00,22.429,26178,
1267,9/8/2020 12:00,22.812,19289,
1268,9/8/2020 13:00,23.292,37200.2,
1269,9/8/2020 14:00,23.484,17222.3,
1270,9/8/2020 15:00,23.773,21355.7,
1271,9/8/2020 16:00,23.484,26178,
1272,9/8/2020 17:00,23.196,11022.3,
1273,9/8/2020 18:00,22.333,1636.1,
1274,9/8/2020 19:00,21.76,731.9,
1275,9/8/2020 20:00,21.473,0,
1276,9/8/2020 21:00,21.282,0,
1277,9/8/2020 22:00,21.091,0,
1278,9/8/2020 23:00,20.996,0,
1279,9/9/2020 0:00,20.805,0,
1280,9/9/2020 1:00,20.519,0,
1281,9/9/2020 2:00,20.329,0,
1282,9/9/2020 3:00,20.138,0,
1283,9/9/2020 4:00,19.948,0,
1284,9/9/2020 5:00,19.758,0,
1285,9/9/2020 6:00,19.662,0,
1286,9/9/2020 7:00,19.472,452.1,
1287,9/9/2020 8:00,19.567,4133.4,
1288,9/9/2020 9:00,20.043,12400.1,
1289,9/9/2020 10:00,20.615,22044.6,
1290,9/9/2020 11:00,20.805,24800.2,
1291,9/9/2020 12:00,21.282,31689.1,
1292,9/9/2020 13:00,20.519,15844.5,
1293,9/9/2020 14:00,21.187,22044.6,
1294,9/9/2020 15:00,21.091,18600.1,
1295,9/9/2020 16:00,21.091,15844.5,
1296,9/9/2020 17:00,20.805,9300.1,
1297,9/9/2020 18:00,20.519,3616.7,
1298,9/9/2020 19:00,20.138,710.4,
1299,9/9/2020 20:00,19.948,0,
1300,9/9/2020 21:00,19.758,0,
1301,9/9/2020 22:00,19.662,0,
1302,9/9/2020 23:00,19.567,0,
1303,9/10/2020 0:00,19.472,0,
1304,9/10/2020 1:00,19.377,0,
1305,9/10/2020 2:00,19.187,0,
1306,9/10/2020 3:00,19.092,0,
1307,9/10/2020 4:00,18.996,0,
1308,9/10/2020 5:00,18.806,0,
1309,9/10/2020 6:00,18.616,0,
1310,9/10/2020 7:00,18.521,419.8,
1311,9/10/2020 8:00,18.616,3788.9,
1312,9/10/2020 9:00,19.187,10677.8,
1313,9/10/2020 10:00,19.567,20666.8,
1314,9/10/2020 11:00,20.138,24800.2,
1315,9/10/2020 12:00,20.234,26178,
1316,9/10/2020 13:00,20.615,30311.3,
1317,9/10/2020 14:00,20.519,22044.6,
1318,9/10/2020 15:00,20.615,22044.6,
1319,9/10/2020 16:00,20.519,19289,
1320,9/10/2020 17:00,20.329,9644.5,
1321,9/10/2020 18:00,19.853,4133.4,
1322,9/10/2020 19:00,19.758,796.5,
1323,9/10/2020 20:00,19.377,0,
1324,9/10/2020 21:00,19.377,0,
1325,9/10/2020 22:00,19.282,0,
1326,9/10/2020 23:00,19.092,0,
1327,9/11/2020 0:00,18.996,0,
1328,9/11/2020 1:00,18.901,0,
1329,9/11/2020 2:00,18.711,0,
1330,9/11/2020 3:00,18.616,0,
1331,9/11/2020 4:00,18.521,0,
1332,9/11/2020 5:00,18.426,0,
1333,9/11/2020 6:00,18.236,0,
1334,9/11/2020 7:00,18.14,376.7,
1335,9/11/2020 8:00,18.236,3272.2,
1336,9/11/2020 9:00,18.616,7577.8,
1337,9/11/2020 10:00,18.996,14466.8,
1338,9/11/2020 11:00,19.377,20666.8,
1339,9/11/2020 12:00,19.948,49600.3,
1340,9/11/2020 13:00,20.424,27555.7,
1341,9/11/2020 14:00,20.71,28933.5,
1342,9/11/2020 15:00,20.519,17222.3,
1343,9/11/2020 16:00,20.234,19977.9,
1344,9/11/2020 17:00,19.948,8611.2,
1345,9/11/2020 18:00,19.472,3788.9,
1346,9/11/2020 19:00,19.187,871.9,
1347,9/11/2020 20:00,18.996,0,
1348,9/11/2020 21:00,18.996,0,
1349,9/11/2020 22:00,19.187,0,
1350,9/11/2020 23:00,18.996,0,
1351,9/12/2020 0:00,18.901,0,
1352,9/12/2020 1:00,18.711,0,
1353,9/12/2020 2:00,18.616,0,
1354,9/12/2020 3:00,18.521,0,
1355,9/12/2020 4:00,18.331,0,
1356,9/12/2020 5:00,18.236,0,
1357,9/12/2020 6:00,18.14,0,
1358,9/12/2020 7:00,18.045,387.5,
1359,9/12/2020 8:00,18.14,3272.2,
1360,9/12/2020 9:00,18.521,7577.8,
1361,9/12/2020 10:00,18.901,14466.8,
1362,9/12/2020 11:00,19.377,21355.7,
1363,9/12/2020 12:00,19.758,24800.2,
1364,9/12/2020 13:00,20.138,26178,
1365,9/12/2020 14:00,20.234,24800.2,
1366,9/12/2020 15:00,20.138,20666.8,
1367,9/12/2020 16:00,19.853,14466.8,
1368,9/12/2020 17:00,19.567,8611.2,
1369,9/12/2020 18:00,19.187,3616.7,
1370,9/12/2020 19:00,18.901,656.6,
1371,9/12/2020 20:00,18.806,0,
1372,9/12/2020 21:00,18.806,0,
1373,9/12/2020 22:00,18.806,0,
1374,9/12/2020 23:00,18.711,0,
1375,9/13/2020 0:00,18.521,0,
1376,9/13/2020 1:00,18.426,0,
1377,9/13/2020 2:00,18.331,0,
1378,9/13/2020 3:00,18.236,0,
1379,9/13/2020 4:00,18.14,0,
1380,9/13/2020 5:00,17.95,0,
1381,9/13/2020 6:00,17.855,0,
1382,9/13/2020 7:00,17.76,150.7,
1383,9/13/2020 8:00,17.855,2669.5,
1384,9/13/2020 9:00,18.14,6200,
1385,9/13/2020 10:00,18.616,14466.8,
1386,9/13/2020 11:00,19.187,26178,
1387,9/13/2020 12:00,19.662,21355.7,
1388,9/13/2020 13:00,20.043,28933.5,
1389,9/13/2020 14:00,20.615,19289,
1390,9/13/2020 15:00,20.234,20666.8,
1391,9/13/2020 16:00,19.853,12400.1,
1392,9/13/2020 17:00,19.567,6544.5,
1393,9/13/2020 18:00,18.806,2755.6,
1394,9/13/2020 19:00,18.616,667.4,
1395,9/13/2020 20:00,18.711,0,
1396,9/13/2020 21:00,18.521,0,
1397,9/13/2020 22:00,18.426,0,
1398,9/13/2020 23:00,18.331,0,
1399,9/14/2020 0:00,18.14,0,
1400,9/14/2020 1:00,18.045,0,
1401,9/14/2020 2:00,17.95,0,
1402,9/14/2020 3:00,17.855,0,
1403,9/14/2020 4:00,17.665,0,
1404,9/14/2020 5:00,17.665,0,
1405,9/14/2020 6:00,17.475,0,
1406,9/14/2020 7:00,17.379,312.2,
1407,9/14/2020 8:00,17.475,3961.1,
1408,9/14/2020 9:00,17.95,7577.8,
1409,9/14/2020 10:00,18.236,8611.2,
1410,9/14/2020 11:00,18.996,21355.7,
1411,9/14/2020 12:00,19.567,55111.5,
1412,9/14/2020 13:00,19.853,34444.7,
1413,9/14/2020 14:00,19.853,24800.2,
1414,9/14/2020 15:00,19.472,17911.2,
1415,9/14/2020 16:00,18.901,11022.3,
1416,9/14/2020 17:00,18.616,5511.1,
1417,9/14/2020 18:00,18.521,3272.2,
1418,9/14/2020 19:00,18.426,785.8,
1419,9/14/2020 20:00,18.236,0,
1420,9/14/2020 21:00,18.045,0,
1421,9/14/2020 22:00,17.95,0,
1422,9/14/2020 23:00,17.855,0,
1423,9/15/2020 0:00,17.76,0,
1424,9/15/2020 1:00,17.57,0,
1425,9/15/2020 2:00,17.475,0,
1426,9/15/2020 3:00,17.284,0,
1427,9/15/2020 4:00,17.189,0,
1428,9/15/2020 5:00,17.094,0,
1429,9/15/2020 6:00,16.903,0,
1430,9/15/2020 7:00,16.808,312.2,
1431,9/15/2020 8:00,16.808,2411.1,
1432,9/15/2020 9:00,17.189,7577.8,
1433,9/15/2020 10:00,17.855,21355.7,
1434,9/15/2020 11:00,18.331,22044.6,
1435,9/15/2020 12:00,18.901,30311.3,
1436,9/15/2020 13:00,19.377,28933.5,
1437,9/15/2020 14:00,19.662,17222.3,
1438,9/15/2020 15:00,19.567,24800.2,
1439,9/15/2020 16:00,19.282,15844.5,
1440,9/15/2020 17:00,18.806,8266.7,
1441,9/15/2020 18:00,18.14,2669.5,
1442,9/15/2020 19:00,17.95,570.5,
1443,9/15/2020 20:00,17.855,0,
1444,9/15/2020 21:00,17.95,0,
1445,9/15/2020 22:00,17.76,0,
1446,9/15/2020 23:00,17.665,0,
1447,9/16/2020 0:00,17.475,0,
1448,9/16/2020 1:00,17.379,0,
1449,9/16/2020 2:00,17.189,0,
1450,9/16/2020 3:00,17.094,0,
1451,9/16/2020 4:00,16.999,0,
1452,9/16/2020 5:00,16.808,0,
1453,9/16/2020 6:00,16.713,0,
1454,9/16/2020 7:00,16.618,269.1,
1455,9/16/2020 8:00,16.713,2497.2,
1456,9/16/2020 9:00,17.094,8611.2,
1457,9/16/2020 10:00,17.57,23422.4,
1458,9/16/2020 11:00,18.14,22044.6,
1459,9/16/2020 12:00,18.711,33066.9,
1460,9/16/2020 13:00,19.187,132267.5,
1461,9/16/2020 14:00,19.092,22044.6,
1462,9/16/2020 15:00,18.426,13089,
1463,9/16/2020 16:00,18.045,9300.1,
1464,9/16/2020 17:00,17.95,7233.4,
1465,9/16/2020 18:00,17.665,2927.8,
1466,9/16/2020 19:00,17.475,549,
1467,9/16/2020 20:00,17.57,0,
1468,9/16/2020 21:00,17.379,0,
1469,9/16/2020 22:00,17.284,0,
1470,9/16/2020 23:00,17.189,0,
1471,9/17/2020 0:00,17.094,0,
1472,9/17/2020 1:00,16.999,0,
1473,9/17/2020 2:00,16.903,0,
1474,9/17/2020 3:00,16.808,0,
1475,9/17/2020 4:00,16.713,0,
1476,9/17/2020 5:00,16.618,0,
1477,9/17/2020 6:00,16.427,0,
1478,9/17/2020 7:00,16.332,269.1,
1479,9/17/2020 8:00,16.332,1550,
1480,9/17/2020 9:00,16.903,7577.8,
1481,9/17/2020 10:00,17.475,16533.4,
1482,9/17/2020 11:00,17.855,22044.6,
1483,9/17/2020 12:00,18.521,31689.1,
1484,9/17/2020 13:00,18.901,31689.1,
1485,9/17/2020 14:00,19.282,28933.5,
1486,9/17/2020 15:00,18.996,23422.4,
1487,9/17/2020 16:00,18.236,9300.1,
1488,9/17/2020 17:00,17.76,5511.1,
1489,9/17/2020 18:00,17.665,3616.7,
1490,9/17/2020 19:00,17.379,215.3,
1491,9/17/2020 20:00,17.284,0,
1492,9/17/2020 21:00,17.475,0,
1493,9/17/2020 22:00,17.475,0,
1494,9/17/2020 23:00,17.379,0,
1495,9/18/2020 0:00,17.284,0,
1496,9/18/2020 1:00,17.189,0,
1497,9/18/2020 2:00,17.094,0,
1498,9/18/2020 3:00,16.999,0,
1499,9/18/2020 4:00,16.903,0,
1500,9/18/2020 5:00,16.808,0,
1501,9/18/2020 6:00,16.713,0,
1502,9/18/2020 7:00,16.618,139.9,
1503,9/18/2020 8:00,16.713,2152.8,
1504,9/18/2020 9:00,16.999,4822.3,
1505,9/18/2020 10:00,17.475,12400.1,
1506,9/18/2020 11:00,18.045,26178,
1507,9/18/2020 12:00,17.76,9300.1,
1508,9/18/2020 13:00,18.521,22044.6,
1509,9/18/2020 14:00,17.95,10677.8,
1510,9/18/2020 15:00,17.95,15155.7,
1511,9/18/2020 16:00,17.475,6200,
1512,9/18/2020 17:00,17.665,4133.4,
1513,9/18/2020 18:00,16.999,2152.8,
1514,9/18/2020 19:00,16.903,376.7,
1515,9/18/2020 20:00,16.713,0,
1516,9/18/2020 21:00,16.618,0,
1517,9/18/2020 22:00,16.618,0,
1518,9/18/2020 23:00,16.523,0,
1519,9/19/2020 0:00,16.427,0,
1520,9/19/2020 1:00,16.427,0,
1521,9/19/2020 2:00,16.237,0,
1522,9/19/2020 3:00,16.141,0,
1523,9/19/2020 4:00,16.046,0,
1524,9/19/2020 5:00,15.951,0,
1525,9/19/2020 6:00,15.76,0,
1526,9/19/2020 7:00,15.664,215.3,
1527,9/19/2020 8:00,15.76,1722.2,
1528,9/19/2020 9:00,16.141,5511.1,
1529,9/19/2020 10:00,16.713,14466.8,
1530,9/19/2020 11:00,17.284,19289,
1531,9/19/2020 12:00,17.76,26178,
1532,9/19/2020 13:00,18.331,31689.1,
1533,9/19/2020 14:00,18.236,26178,
1534,9/19/2020 15:00,18.426,28933.5,
1535,9/19/2020 16:00,18.331,13777.9,
1536,9/19/2020 17:00,17.855,7577.8,
1537,9/19/2020 18:00,16.999,2066.7,
1538,9/19/2020 19:00,16.903,462.9,
1539,9/19/2020 20:00,16.999,0,
1540,9/19/2020 21:00,16.808,0,
1541,9/19/2020 22:00,16.713,0,
1542,9/19/2020 23:00,16.523,0,
1543,9/20/2020 0:00,16.427,0,
1544,9/20/2020 1:00,16.332,0,
1545,9/20/2020 2:00,16.141,0,
1546,9/20/2020 3:00,16.141,0,
1547,9/20/2020 4:00,15.951,0,
1548,9/20/2020 5:00,15.855,0,
1549,9/20/2020 6:00,15.76,0,
1550,9/20/2020 7:00,15.569,193.8,
1551,9/20/2020 8:00,15.664,1162.5,
1552,9/20/2020 9:00,15.951,3272.2,
1553,9/20/2020 10:00,16.618,12400.1,
1554,9/20/2020 11:00,17.189,15844.5,
1555,9/20/2020 12:00,17.665,17911.2,
1556,9/20/2020 13:00,18.236,37200.2,
1557,9/20/2020 14:00,18.616,30311.3,
1558,9/20/2020 15:00,18.616,11711.2,
1559,9/20/2020 16:00,18.236,15155.7,
1560,9/20/2020 17:00,17.855,9644.5,
1561,9/20/2020 18:00,16.903,1550,
1562,9/20/2020 19:00,16.713,376.7,
1563,9/20/2020 20:00,16.713,0,
1564,9/20/2020 21:00,16.713,0,
1565,9/20/2020 22:00,16.713,0,
1566,9/20/2020 23:00,16.808,0,
1567,9/21/2020 0:00,16.713,0,
1568,9/21/2020 1:00,16.523,0,
1569,9/21/2020 2:00,16.427,0,
1570,9/21/2020 3:00,16.332,0,
1571,9/21/2020 4:00,16.141,0,
1572,9/21/2020 5:00,16.046,0,
1573,9/21/2020 6:00,15.951,0,
1574,9/21/2020 7:00,15.855,161.5,
1575,9/21/2020 8:00,16.046,2669.5,
1576,9/21/2020 9:00,16.332,7233.4,
1577,9/21/2020 10:00,16.713,12400.1,
1578,9/21/2020 11:00,17.094,16533.4,
1579,9/21/2020 12:00,17.284,16533.4,
1580,9/21/2020 13:00,17.95,31689.1,
1581,9/21/2020 14:00,18.045,22044.6,
1582,9/21/2020 15:00,18.236,23422.4,
1583,9/21/2020 16:00,18.14,16533.4,
1584,9/21/2020 17:00,17.475,8611.2,
1585,9/21/2020 18:00,16.903,1980.6,
1586,9/21/2020 19:00,16.808,247.6,
1587,9/21/2020 20:00,16.808,0,
1588,9/21/2020 21:00,16.808,0,
1589,9/21/2020 22:00,16.808,0,
1590,9/21/2020 23:00,16.713,0,
1591,9/22/2020 0:00,16.618,0,
1592,9/22/2020 1:00,16.523,0,
1593,9/22/2020 2:00,16.427,0,
1594,9/22/2020 3:00,16.332,0,
1595,9/22/2020 4:00,16.237,0,
1596,9/22/2020 5:00,16.141,0,
1597,9/22/2020 6:00,16.046,0,
1598,9/22/2020 7:00,15.951,150.7,
1599,9/22/2020 8:00,16.046,1894.5,
1600,9/22/2020 9:00,16.523,6200,
1601,9/22/2020 10:00,16.999,10677.8,
1602,9/22/2020 11:00,17.475,20666.8,
1603,9/22/2020 12:00,18.045,20666.8,
1604,9/22/2020 13:00,18.426,26178,
1605,9/22/2020 14:00,18.711,27555.7,
1606,9/22/2020 15:00,18.14,11711.2,
1607,9/22/2020 16:00,17.57,9300.1,
1608,9/22/2020 17:00,17.475,6544.5,
1609,9/22/2020 18:00,17.284,4133.4,
1610,9/22/2020 19:00,16.903,215.3,
1611,9/22/2020 20:00,16.999,0,
1612,9/22/2020 21:00,16.903,0,
1613,9/22/2020 22:00,16.808,0,
1614,9/22/2020 23:00,16.713,0,
1615,9/23/2020 0:00,16.618,0,
1616,9/23/2020 1:00,16.523,0,
1617,9/23/2020 2:00,16.427,0,
1618,9/23/2020 3:00,16.332,0,
1619,9/23/2020 4:00,16.141,0,
1620,9/23/2020 5:00,16.046,0,
1621,9/23/2020 6:00,15.951,0,
1622,9/23/2020 7:00,15.855,96.9,
1623,9/23/2020 8:00,15.951,1722.2,
1624,9/23/2020 9:00,16.427,6544.5,
1625,9/23/2020 10:00,16.999,12400.1,
1626,9/23/2020 11:00,17.475,28933.5,
1627,9/23/2020 12:00,17.665,10333.4,
1628,9/23/2020 13:00,18.331,37200.2,
1629,9/23/2020 14:00,18.426,22044.6,
1630,9/23/2020 15:00,18.236,17222.3,
1631,9/23/2020 16:00,17.855,10677.8,
1632,9/23/2020 17:00,17.665,7233.4,
1633,9/23/2020 18:00,17.284,3444.5,
1634,9/23/2020 19:00,17.094,290.6,
1635,9/23/2020 20:00,16.808,0,
1636,9/23/2020 21:00,16.713,0,
1637,9/23/2020 22:00,16.523,0,
1638,9/23/2020 23:00,16.427,0,
1639,9/24/2020 0:00,16.332,0,
1640,9/24/2020 1:00,16.237,0,
1641,9/24/2020 2:00,16.141,0,
1642,9/24/2020 3:00,16.046,0,
1643,9/24/2020 4:00,15.951,0,
1644,9/24/2020 5:00,15.855,0,
1645,9/24/2020 6:00,15.855,0,
1646,9/24/2020 7:00,15.76,107.6,
1647,9/24/2020 8:00,15.855,2238.9,
1648,9/24/2020 9:00,16.046,4650,
1649,9/24/2020 10:00,16.618,10333.4,
1650,9/24/2020 11:00,17.379,6200,
1651,9/24/2020 12:00,17.95,23422.4,
1652,9/24/2020 13:00,18.711,24800.2,
1653,9/24/2020 14:00,16.999,13777.9,
1654,9/24/2020 15:00,17.379,5511.1,
1655,9/24/2020 16:00,18.521,13089,
1656,9/24/2020 17:00,18.14,8611.2,
1657,9/24/2020 18:00,17.094,2497.2,
1658,9/24/2020 19:00,16.713,204.5,
1659,9/24/2020 20:00,16.713,0,
1660,9/24/2020 21:00,16.713,0,
1661,9/24/2020 22:00,16.618,0,
1662,9/24/2020 23:00,16.427,0,
1663,9/25/2020 0:00,16.427,0,
1664,9/25/2020 1:00,16.332,0,
1665,9/25/2020 2:00,16.237,0,
1666,9/25/2020 3:00,16.141,0,
1667,9/25/2020 4:00,16.046,0,
1668,9/25/2020 5:00,15.951,0,
1669,9/25/2020 6:00,15.76,0,
1670,9/25/2020 7:00,15.664,86.1,
1671,9/25/2020 8:00,15.76,1377.8,
1672,9/25/2020 9:00,16.046,4822.3,
1673,9/25/2020 10:00,16.713,12400.1,
1674,9/25/2020 11:00,17.189,22044.6,
1675,9/25/2020 12:00,17.76,82667.2,
1676,9/25/2020 13:00,18.14,30311.3,
1677,9/25/2020 14:00,18.426,20666.8,
1678,9/25/2020 15:00,18.426,22044.6,
1679,9/25/2020 16:00,18.14,16533.4,
1680,9/25/2020 17:00,17.284,7233.4,
1681,9/25/2020 18:00,17.094,3961.1,
1682,9/25/2020 19:00,16.999,86.1,
1683,9/25/2020 20:00,16.808,0,
1684,9/25/2020 21:00,16.713,0,
1685,9/25/2020 22:00,16.618,0,
1686,9/25/2020 23:00,16.523,0,
1687,9/26/2020 0:00,16.427,0,
1688,9/26/2020 1:00,16.427,0,
1689,9/26/2020 2:00,16.332,0,
1690,9/26/2020 3:00,16.237,0,
1691,9/26/2020 4:00,16.141,0,
1692,9/26/2020 5:00,16.046,0,
1693,9/26/2020 6:00,15.951,0,
1694,9/26/2020 7:00,15.855,64.6,
1695,9/26/2020 8:00,15.951,1636.1,
1696,9/26/2020 9:00,16.237,6544.5,
1697,9/26/2020 10:00,16.999,13089,
1698,9/26/2020 11:00,16.999,5166.7,
1699,9/26/2020 12:00,17.665,12400.1,
1700,9/26/2020 13:00,18.521,46844.8,
1701,9/26/2020 14:00,18.426,41333.6,
1702,9/26/2020 15:00,18.521,14466.8,
1703,9/26/2020 16:00,18.426,18600.1,
1704,9/26/2020 17:00,17.95,4477.8,
1705,9/26/2020 18:00,16.903,1194.8,
1706,9/26/2020 19:00,16.903,183,
1707,9/26/2020 20:00,16.903,0,
1708,9/26/2020 21:00,16.808,0,
1709,9/26/2020 22:00,16.713,0,
1710,9/26/2020 23:00,16.618,0,
1711,9/27/2020 0:00,16.427,0,
1712,9/27/2020 1:00,16.332,0,
1713,9/27/2020 2:00,16.237,0,
1714,9/27/2020 3:00,16.141,0,
1715,9/27/2020 4:00,15.951,0,
1716,9/27/2020 5:00,15.855,0,
1717,9/27/2020 6:00,15.76,0,
1718,9/27/2020 7:00,15.664,86.1,
1719,9/27/2020 8:00,15.569,968.8,
1720,9/27/2020 9:00,15.855,2755.6,
1721,9/27/2020 10:00,16.523,16533.4,
1722,9/27/2020 11:00,17.094,22044.6,
1723,9/27/2020 12:00,17.665,28933.5,
1724,9/27/2020 13:00,18.236,34444.7,
1725,9/27/2020 14:00,18.521,49600.3,
1726,9/27/2020 15:00,18.521,27555.7,
1727,9/27/2020 16:00,18.331,9300.1,
1728,9/27/2020 17:00,17.76,5511.1,
1729,9/27/2020 18:00,16.808,1011.8,
1730,9/27/2020 19:00,16.713,150.7,
1731,9/27/2020 20:00,16.618,0,
1732,9/27/2020 21:00,16.618,0,
1733,9/27/2020 22:00,16.618,0,
1734,9/27/2020 23:00,16.523,0,
1735,9/28/2020 0:00,16.427,0,
1736,9/28/2020 1:00,16.237,0,
1737,9/28/2020 2:00,16.141,0,
1738,9/28/2020 3:00,16.046,0,
1739,9/28/2020 4:00,15.951,0,
1740,9/28/2020 5:00,15.855,0,
1741,9/28/2020 6:00,15.76,0,
1742,9/28/2020 7:00,15.664,75.3,
1743,9/28/2020 8:00,15.664,936.5,
1744,9/28/2020 9:00,16.046,5511.1,
1745,9/28/2020 10:00,16.713,14466.8,
1746,9/28/2020 11:00,16.903,20666.8,
1747,9/28/2020 12:00,17.57,26178,
1748,9/28/2020 13:00,18.236,49600.3,
1749,9/28/2020 14:00,18.616,30311.3,
1750,9/28/2020 15:00,18.521,33066.9,
1751,9/28/2020 16:00,18.14,9644.5,
1752,9/28/2020 17:00,17.855,8266.7,
1753,9/28/2020 18:00,16.808,968.8,
1754,9/28/2020 19:00,16.713,107.6,
1755,9/28/2020 20:00,16.713,0,
1756,9/28/2020 21:00,16.713,0,
1757,9/28/2020 22:00,16.713,0,
1758,9/28/2020 23:00,16.713,0,
1759,9/29/2020 0:00,16.618,0,
1760,9/29/2020 1:00,16.523,0,
1761,9/29/2020 2:00,16.332,0,
1762,9/29/2020 3:00,16.237,0,
1763,9/29/2020 4:00,16.141,0,
1764,9/29/2020 5:00,16.046,0,
1765,9/29/2020 6:00,15.951,0,
1766,9/29/2020 7:00,15.76,64.6,
1767,9/29/2020 8:00,15.855,1162.5,
1768,9/29/2020 9:00,16.141,4305.6,
1769,9/29/2020 10:00,16.808,13777.9,
1770,9/29/2020 11:00,17.189,7233.4,
1771,9/29/2020 12:00,17.76,24800.2,
1772,9/29/2020 13:00,18.331,52355.9,
1773,9/29/2020 14:00,18.521,77156.1,
1774,9/29/2020 15:00,18.236,33066.9,
1775,9/29/2020 16:00,17.95,19977.9,
1776,9/29/2020 17:00,17.57,7577.8,
1777,9/29/2020 18:00,16.903,1980.6,
1778,9/29/2020 19:00,16.618,86.1,
1779,9/29/2020 20:00,16.713,0,
1780,9/29/2020 21:00,16.713,0,
1781,9/29/2020 22:00,16.713,0,
1782,9/29/2020 23:00,16.713,0,
1783,9/30/2020 0:00,16.713,0,
1784,9/30/2020 1:00,16.523,0,
1785,9/30/2020 2:00,16.427,0,
1786,9/30/2020 3:00,16.332,0,
1787,9/30/2020 4:00,16.332,0,
1788,9/30/2020 5:00,16.237,0,
1789,9/30/2020 6:00,16.141,0,
1790,9/30/2020 7:00,16.046,43.1,
1791,9/30/2020 8:00,16.141,2066.7,
1792,9/30/2020 9:00,16.427,5166.7,
1793,9/30/2020 10:00,16.903,11022.3,
1794,9/30/2020 11:00,17.57,12400.1,
1795,9/30/2020 12:00,18.045,16533.4,
1796,9/30/2020 13:00,18.331,26178,
1797,9/30/2020 14:00,18.331,28933.5,
1798,9/30/2020 15:00,18.236,22044.6,
1799,9/30/2020 16:00,18.045,13089,
1800,9/30/2020 17:00,17.57,6200,
1801,9/30/2020 18:00,17.189,2152.8,
1802,9/30/2020 19:00,16.903,64.6,
1803,9/30/2020 20:00,16.903,0,
1804,9/30/2020 21:00,16.903,0,
1805,9/30/2020 22:00,16.903,0,
1806,9/30/2020 23:00,16.999,0,
1807,10/1/2020 0:00,16.903,0,
1808,10/1/2020 1:00,16.808,0,
1809,10/1/2020 2:00,16.713,0,
1810,10/1/2020 3:00,16.523,0,
1811,10/1/2020 4:00,16.523,0,
1812,10/1/2020 5:00,16.427,0,
1813,10/1/2020 6:00,16.332,0,
1814,10/1/2020 7:00,16.237,43.1,
1815,10/1/2020 8:00,16.332,2152.8,
1816,10/1/2020 9:00,16.618,5166.7,
1817,10/1/2020 10:00,17.189,10333.4,
1818,10/1/2020 11:00,17.57,12400.1,
1819,10/1/2020 12:00,18.045,8266.7,
1820,10/1/2020 13:00,18.616,33066.9,
1821,10/1/2020 14:00,18.806,34444.7,
1822,10/1/2020 15:00,18.806,22044.6,
1823,10/1/2020 16:00,18.711,16533.4,
1824,10/1/2020 17:00,18.236,7577.8,
1825,10/1/2020 18:00,17.379,1550,
1826,10/1/2020 19:00,17.189,43.1,
1827,10/1/2020 20:00,17.189,0,
1828,10/1/2020 21:00,17.189,0,
1829,10/1/2020 22:00,17.189,0,
1830,10/1/2020 23:00,17.284,0,
1831,10/2/2020 0:00,17.189,0,
1832,10/2/2020 1:00,17.094,0,
1833,10/2/2020 2:00,16.999,0,
1834,10/2/2020 3:00,16.903,0,
1835,10/2/2020 4:00,16.808,0,
1836,10/2/2020 5:00,16.713,0,
1837,10/2/2020 6:00,16.523,0,
1838,10/2/2020 7:00,16.523,21.5,
1839,10/2/2020 8:00,16.618,2238.9,
1840,10/2/2020 9:00,16.808,5166.7,
1841,10/2/2020 10:00,17.284,10333.4,
1842,10/2/2020 11:00,17.665,15155.7,
1843,10/2/2020 12:00,18.14,21355.7,
1844,10/2/2020 13:00,18.711,39955.8,
1845,10/2/2020 14:00,18.616,23422.4,
1846,10/2/2020 15:00,18.521,17222.3,
1847,10/2/2020 16:00,18.236,11711.2,
1848,10/2/2020 17:00,17.95,6200,
1849,10/2/2020 18:00,17.475,2066.7,
1850,10/2/2020 19:00,17.189,32.3,
1851,10/2/2020 20:00,17.189,0,
1852,10/2/2020 21:00,17.189,0,
1853,10/2/2020 22:00,17.284,0,
1854,10/2/2020 23:00,17.284,0,
1855,10/3/2020 0:00,17.094,0,
1856,10/3/2020 1:00,16.999,0,
1857,10/3/2020 2:00,16.903,0,
1858,10/3/2020 3:00,16.808,0,
1859,10/3/2020 4:00,16.713,0,
1860,10/3/2020 5:00,16.618,0,
1861,10/3/2020 6:00,16.523,0,
1862,10/3/2020 7:00,16.427,10.8,
1863,10/3/2020 8:00,16.523,2152.8,
1864,10/3/2020 9:00,16.808,5166.7,
1865,10/3/2020 10:00,17.284,11022.3,
1866,10/3/2020 11:00,17.76,16533.4,
1867,10/3/2020 12:00,18.045,23422.4,
1868,10/3/2020 13:00,18.711,30311.3,
1869,10/3/2020 14:00,18.711,24800.2,
1870,10/3/2020 15:00,18.711,16533.4,
1871,10/3/2020 16:00,18.426,24800.2,
1872,10/3/2020 17:00,17.855,5511.1,
1873,10/3/2020 18:00,17.379,1636.1,
1874,10/3/2020 19:00,17.284,21.5,
1875,10/3/2020 20:00,17.284,0,
1876,10/3/2020 21:00,17.189,0,
1877,10/3/2020 22:00,17.284,0,
1878,10/3/2020 23:00,17.189,0,
1879,10/4/2020 0:00,17.094,0,
1880,10/4/2020 1:00,16.999,0,
1881,10/4/2020 2:00,16.808,0,
1882,10/4/2020 3:00,16.713,0,
1883,10/4/2020 4:00,16.713,0,
1884,10/4/2020 5:00,16.618,0,
1885,10/4/2020 6:00,16.523,0,
1886,10/4/2020 7:00,16.332,0,
1887,10/4/2020 8:00,16.332,1141,
1888,10/4/2020 9:00,16.427,3788.9,
1889,10/4/2020 10:00,16.808,8611.2,
1890,10/4/2020 11:00,17.094,13089,
1891,10/4/2020 12:00,17.284,13777.9,
1892,10/4/2020 13:00,17.379,15844.5,
1893,10/4/2020 14:00,17.665,18600.1,
1894,10/4/2020 15:00,17.475,14466.8,
1895,10/4/2020 16:00,17.284,10333.4,
1896,10/4/2020 17:00,17.094,5166.7,
1897,10/4/2020 18:00,16.808,1550,
1898,10/4/2020 19:00,16.523,21.5,
1899,10/4/2020 20:00,16.618,0,
1900,10/4/2020 21:00,16.523,0,
1901,10/4/2020 22:00,16.427,0,
1902,10/4/2020 23:00,16.332,0,
1903,10/5/2020 0:00,16.237,0,
1904,10/5/2020 1:00,16.141,0,
1905,10/5/2020 2:00,16.046,0,
1906,10/5/2020 3:00,15.951,0,
1907,10/5/2020 4:00,15.855,0,
1908,10/5/2020 5:00,15.664,0,
1909,10/5/2020 6:00,15.569,0,
1910,10/5/2020 7:00,15.473,10.8,
1911,10/5/2020 8:00,15.569,1722.2,
1912,10/5/2020 9:00,15.76,4994.5,
1913,10/5/2020 10:00,16.332,9644.5,
1914,10/5/2020 11:00,16.618,13089,
1915,10/5/2020 12:00,17.094,20666.8,
1916,10/5/2020 13:00,17.57,26178,
1917,10/5/2020 14:00,17.855,27555.7,
1918,10/5/2020 15:00,17.475,14466.8,
1919,10/5/2020 16:00,17.379,15155.7,
1920,10/5/2020 17:00,16.903,6200,
1921,10/5/2020 18:00,16.332,1722.2,
1922,10/5/2020 19:00,16.141,10.8,
1923,10/5/2020 20:00,16.141,0,
1924,10/5/2020 21:00,16.141,0,
1925,10/5/2020 22:00,16.237,0,
1926,10/5/2020 23:00,16.141,0,
1927,10/6/2020 0:00,16.046,0,
1928,10/6/2020 1:00,15.855,0,
1929,10/6/2020 2:00,15.76,0,
1930,10/6/2020 3:00,15.664,0,
1931,10/6/2020 4:00,15.569,0,
1932,10/6/2020 5:00,15.473,0,
1933,10/6/2020 6:00,15.378,0,
1934,10/6/2020 7:00,15.282,10.8,
1935,10/6/2020 8:00,15.282,1237.9,
1936,10/6/2020 9:00,15.473,5166.7,
1937,10/6/2020 10:00,16.237,11022.3,
1938,10/6/2020 11:00,16.713,15155.7,
1939,10/6/2020 12:00,17.189,22044.6,
1940,10/6/2020 13:00,17.665,33066.9,
1941,10/6/2020 14:00,17.855,23422.4,
1942,10/6/2020 15:00,17.665,30311.3,
1943,10/6/2020 16:00,17.475,14466.8,
1944,10/6/2020 17:00,16.903,4994.5,
1945,10/6/2020 18:00,16.237,1280.9,
1946,10/6/2020 19:00,15.951,0,
1947,10/6/2020 20:00,16.046,0,
1948,10/6/2020 21:00,16.141,0,
1949,10/6/2020 22:00,16.046,0,
1950,10/6/2020 23:00,16.046,0,
1951,10/7/2020 0:00,15.855,0,
1952,10/7/2020 1:00,15.76,0,
1953,10/7/2020 2:00,15.664,0,
1954,10/7/2020 3:00,15.569,0,
1955,10/7/2020 4:00,15.473,0,
1956,10/7/2020 5:00,15.378,0,
1957,10/7/2020 6:00,15.282,0,
1958,10/7/2020 7:00,15.187,0,
1959,10/7/2020 8:00,15.187,1291.7,
1960,10/7/2020 9:00,15.378,3961.1,
1961,10/7/2020 10:00,15.951,10677.8,
1962,10/7/2020 11:00,16.523,9644.5,
1963,10/7/2020 12:00,16.903,11022.3,
1964,10/7/2020 13:00,17.284,22044.6,
1965,10/7/2020 14:00,17.475,28933.5,
1966,10/7/2020 15:00,17.379,22044.6,
1967,10/7/2020 16:00,17.189,12400.1,
1968,10/7/2020 17:00,16.808,6200,
1969,10/7/2020 18:00,16.046,1237.9,
1970,10/7/2020 19:00,15.76,0,
1971,10/7/2020 20:00,15.855,0,
1972,10/7/2020 21:00,15.855,0,
1973,10/7/2020 22:00,15.855,0,
1974,10/7/2020 23:00,15.76,0,
1975,10/8/2020 0:00,15.569,0,
1976,10/8/2020 1:00,15.473,0,
1977,10/8/2020 2:00,15.378,0,
1978,10/8/2020 3:00,15.282,0,
1979,10/8/2020 4:00,15.187,0,
1980,10/8/2020 5:00,15.091,0,
1981,10/8/2020 6:00,14.996,0,
1982,10/8/2020 7:00,14.804,0,
1983,10/8/2020 8:00,14.9,1722.2,
1984,10/8/2020 9:00,15.091,4133.4,
1985,10/8/2020 10:00,15.664,9300.1,
1986,10/8/2020 11:00,15.76,11022.3,
1987,10/8/2020 12:00,16.332,16533.4,
1988,10/8/2020 13:00,17.094,23422.4,
1989,10/8/2020 14:00,17.284,18600.1,
1990,10/8/2020 15:00,16.713,15155.7,
1991,10/8/2020 16:00,16.141,7577.8,
1992,10/8/2020 17:00,16.427,7233.4,
1993,10/8/2020 18:00,15.664,1377.8,
1994,10/8/2020 19:00,15.378,0,
1995,10/8/2020 20:00,15.282,0,
1996,10/8/2020 21:00,15.187,0,
1997,10/8/2020 22:00,15.091,0,
1998,10/8/2020 23:00,14.996,0,
1999,10/9/2020 0:00,14.804,0,
2000,10/9/2020 1:00,14.804,0,
2001,10/9/2020 2:00,14.709,0,
2002,10/9/2020 3:00,14.613,0,
2003,10/9/2020 4:00,14.517,0,
2004,10/9/2020 5:00,14.421,0,
2005,10/9/2020 6:00,14.23,0,
2006,10/9/2020 7:00,14.134,0,
2007,10/9/2020 8:00,14.134,1270.1,
2008,10/9/2020 9:00,14.325,5166.7,
2009,10/9/2020 10:00,14.996,9644.5,
2010,10/9/2020 11:00,15.569,14466.8,
2011,10/9/2020 12:00,16.141,14466.8,
2012,10/9/2020 13:00,16.523,23422.4,
2013,10/9/2020 14:00,16.713,24800.2,
2014,10/9/2020 15:00,16.332,18600.1,
2015,10/9/2020 16:00,16.237,12400.1,
2016,10/9/2020 17:00,15.855,5511.1,
2017,10/9/2020 18:00,14.996,2583.4,
2018,10/9/2020 19:00,14.9,0,
2019,10/9/2020 20:00,14.804,0,
2020,10/9/2020 21:00,14.9,0,
2021,10/9/2020 22:00,14.804,0,
2022,10/9/2020 23:00,14.709,0,
2023,10/10/2020 0:00,14.613,0,
2024,10/10/2020 1:00,14.421,0,
2025,10/10/2020 2:00,14.421,0,
2026,10/10/2020 3:00,14.325,0,
2027,10/10/2020 4:00,14.23,0,
2028,10/10/2020 5:00,14.134,0,
2029,10/10/2020 6:00,14.038,0,
2030,10/10/2020 7:00,13.942,0,
2031,10/10/2020 8:00,13.942,387.5,
2032,10/10/2020 9:00,13.846,516.7,
2033,10/10/2020 10:00,13.846,914.9,
2034,10/10/2020 11:00,13.75,1334.7,
2035,10/10/2020 12:00,13.846,2497.2,
2036,10/10/2020 13:00,13.846,2755.6,
2037,10/10/2020 14:00,13.846,5166.7,
2038,10/10/2020 15:00,14.996,30311.3,
2039,10/10/2020 16:00,10.944,0,
2040,10/10/2020 17:00,11.819,172.2,Logged
