date_time,temp_C,intensity_lux
7/17/2020 18:00,26,24800.2
7/17/2020 19:00,25.61,1216.3
7/17/2020 20:00,25.61,452.1
7/17/2020 21:00,25.319,0
7/17/2020 22:00,25.222,0
7/17/2020 23:00,25.028,0
7/18/2020 0:00,24.835,0
7/18/2020 1:00,24.641,0
7/18/2020 2:00,24.448,0
7/18/2020 3:00,24.255,0
7/18/2020 4:00,24.158,0
7/18/2020 5:00,23.966,0
7/18/2020 6:00,23.869,75.3
7/18/2020 7:00,23.773,495.1
7/18/2020 8:00,23.869,775
7/18/2020 9:00,24.062,1097.9
7/18/2020 10:00,24.255,1550
7/18/2020 11:00,24.351,4305.6
7/18/2020 12:00,24.931,4822.3
7/18/2020 13:00,25.513,19977.9
7/18/2020 14:00,26.097,22044.6
7/18/2020 15:00,26.39,22044.6
7/18/2020 16:00,26.585,18600.1
7/18/2020 17:00,26.39,44089.2
7/18/2020 18:00,26.39,18600.1
7/18/2020 19:00,25.902,1980.6
7/18/2020 20:00,26,613.5
7/18/2020 21:00,25.708,0
7/18/2020 22:00,25.513,0
7/18/2020 23:00,25.319,0
7/19/2020 0:00,25.125,0
7/19/2020 1:00,24.931,0
7/19/2020 2:00,24.835,0
7/19/2020 3:00,24.641,0
7/19/2020 4:00,24.545,0
7/19/2020 5:00,24.351,0
7/19/2020 6:00,24.158,64.6
7/19/2020 7:00,24.158,559.7
7/19/2020 8:00,24.255,1011.8
7/19/2020 9:00,24.448,1377.8
7/19/2020 10:00,24.545,1980.6
7/19/2020 11:00,24.931,4477.8
7/19/2020 12:00,25.319,8266.7
7/19/2020 13:00,25.708,26178
7/19/2020 14:00,26.292,23422.4
7/19/2020 15:00,26.585,37200.2
7/19/2020 16:00,26.585,38578
7/19/2020 17:00,26.39,26178
7/19/2020 18:00,26.097,2755.6
7/19/2020 19:00,26.292,1054.9
7/19/2020 20:00,25.805,430.6
7/19/2020 21:00,26,0
7/19/2020 22:00,25.805,0
7/19/2020 23:00,25.61,0
7/20/2020 0:00,25.416,0
7/20/2020 1:00,25.222,0
7/20/2020 2:00,25.028,0
7/20/2020 3:00,24.835,0
7/20/2020 4:00,24.641,0
7/20/2020 5:00,24.545,0
7/20/2020 6:00,24.351,64.6
7/20/2020 7:00,24.255,462.9
7/20/2020 8:00,24.448,775
7/20/2020 9:00,24.641,1173.3
7/20/2020 10:00,24.738,1980.6
7/20/2020 11:00,25.125,7577.8
7/20/2020 12:00,25.416,7577.8
7/20/2020 13:00,25.805,10677.8
7/20/2020 14:00,26.488,16533.4
7/20/2020 15:00,26.781,23422.4
7/20/2020 16:00,26.879,46844.8
7/20/2020 17:00,26.879,13089
7/20/2020 18:00,26.781,15844.5
7/20/2020 19:00,26.195,2927.8
7/20/2020 20:00,26.39,473.6
7/20/2020 21:00,26.097,0
7/20/2020 22:00,26,0
7/20/2020 23:00,25.805,0
7/21/2020 0:00,25.61,0
7/21/2020 1:00,25.416,0
7/21/2020 2:00,25.222,0
7/21/2020 3:00,25.028,0
7/21/2020 4:00,24.931,0
7/21/2020 5:00,24.738,0
7/21/2020 6:00,24.545,64.6
7/21/2020 7:00,24.545,581.3
7/21/2020 8:00,24.448,882.6
7/21/2020 9:00,24.738,1463.9
7/21/2020 10:00,24.931,1894.5
7/21/2020 11:00,25.222,4994.5
7/21/2020 12:00,25.513,5166.7
7/21/2020 13:00,25.708,17222.3
7/21/2020 14:00,26.585,31689.1
7/21/2020 15:00,26.879,24800.2
7/21/2020 16:00,26.977,19289
7/21/2020 17:00,26.683,10333.4
7/21/2020 18:00,26.781,11711.2
7/21/2020 19:00,26.195,2325
7/21/2020 20:00,26.097,516.7
7/21/2020 21:00,26,0
7/21/2020 22:00,25.902,0
7/21/2020 23:00,25.805,0
7/22/2020 0:00,25.61,0
7/22/2020 1:00,25.416,0
7/22/2020 2:00,25.222,0
7/22/2020 3:00,25.125,0
7/22/2020 4:00,24.931,0
7/22/2020 5:00,24.738,0
7/22/2020 6:00,24.641,64.6
7/22/2020 7:00,24.641,731.9
7/22/2020 8:00,24.641,1377.8
7/22/2020 9:00,24.835,2066.7
7/22/2020 10:00,24.931,3616.7
7/22/2020 11:00,25.319,3961.1
7/22/2020 12:00,25.805,7577.8
7/22/2020 13:00,25.708,5166.7
7/22/2020 14:00,26.488,8266.7
7/22/2020 15:00,26,6200
7/22/2020 16:00,26,9300.1
7/22/2020 17:00,26.097,6200
7/22/2020 18:00,25.902,645.8
7/22/2020 19:00,25.513,290.6
7/22/2020 20:00,25.222,43.1
7/22/2020 21:00,24.931,0
7/22/2020 22:00,24.738,0
7/22/2020 23:00,24.545,0
7/23/2020 0:00,24.448,0
7/23/2020 1:00,24.255,0
7/23/2020 2:00,24.062,0
7/23/2020 3:00,23.869,0
7/23/2020 4:00,23.773,0
7/23/2020 5:00,23.581,0
7/23/2020 6:00,23.388,43.1
7/23/2020 7:00,23.388,312.2
7/23/2020 8:00,23.484,818.1
7/23/2020 9:00,23.677,1184
7/23/2020 10:00,23.773,1980.6
7/23/2020 11:00,24.158,4477.8
7/23/2020 12:00,24.545,10333.4
7/23/2020 13:00,25.222,22044.6
7/23/2020 14:00,25.222,34444.7
7/23/2020 15:00,25.902,24800.2
7/23/2020 16:00,25.416,4994.5
7/23/2020 17:00,26,13777.9
7/23/2020 18:00,25.513,16533.4
7/23/2020 19:00,25.416,1808.3
7/23/2020 20:00,25.125,559.7
7/23/2020 21:00,24.931,0
7/23/2020 22:00,24.738,0
7/23/2020 23:00,24.545,0
7/24/2020 0:00,24.351,0
7/24/2020 1:00,24.158,0
7/24/2020 2:00,23.966,0
7/24/2020 3:00,23.773,0
7/24/2020 4:00,23.581,0
7/24/2020 5:00,23.484,0
7/24/2020 6:00,23.292,53.8
7/24/2020 7:00,23.292,452.1
7/24/2020 8:00,23.388,742.7
7/24/2020 9:00,23.581,1087.2
7/24/2020 10:00,23.677,1463.9
7/24/2020 11:00,23.966,4477.8
7/24/2020 12:00,24.448,7233.4
7/24/2020 13:00,24.931,26178
7/24/2020 14:00,25.416,24800.2
7/24/2020 15:00,25.708,41333.6
7/24/2020 16:00,25.708,10333.4
7/24/2020 17:00,26.292,27555.7
7/24/2020 18:00,26,15155.7
7/24/2020 19:00,25.805,2927.8
7/24/2020 20:00,25.61,516.7
7/24/2020 21:00,25.222,0
7/24/2020 22:00,25.028,0
7/24/2020 23:00,24.835,0
7/25/2020 0:00,24.641,0
7/25/2020 1:00,24.448,0
7/25/2020 2:00,24.351,0
7/25/2020 3:00,24.158,0
7/25/2020 4:00,23.966,0
7/25/2020 5:00,23.773,0
7/25/2020 6:00,23.677,53.8
7/25/2020 7:00,23.581,441.3
7/25/2020 8:00,23.677,721.2
7/25/2020 9:00,23.869,1076.4
7/25/2020 10:00,24.062,1894.5
7/25/2020 11:00,24.351,4650
7/25/2020 12:00,24.738,6200
7/25/2020 13:00,25.513,60622.6
7/25/2020 14:00,25.61,44089.2
7/25/2020 15:00,26,24800.2
7/25/2020 16:00,26,9644.5
7/25/2020 17:00,26,4477.8
7/25/2020 18:00,25.61,2411.1
7/25/2020 19:00,26,818.1
7/25/2020 20:00,25.805,290.6
7/25/2020 21:00,25.416,0
7/25/2020 22:00,25.125,0
7/25/2020 23:00,24.931,0
7/26/2020 0:00,24.738,0
7/26/2020 1:00,24.545,0
7/26/2020 2:00,24.351,0
7/26/2020 3:00,24.255,0
7/26/2020 4:00,24.062,0
7/26/2020 5:00,23.966,0
7/26/2020 6:00,23.773,43.1
7/26/2020 7:00,23.677,559.7
7/26/2020 8:00,23.869,1291.7
7/26/2020 9:00,23.966,2669.5
7/26/2020 10:00,24.351,7577.8
7/26/2020 11:00,24.738,16533.4
7/26/2020 12:00,25.222,49600.3
7/26/2020 13:00,25.902,16533.4
7/26/2020 14:00,25.805,22044.6
7/26/2020 15:00,26.097,23422.4
7/26/2020 16:00,26.879,10677.8
7/26/2020 17:00,26.292,7577.8
7/26/2020 18:00,25.416,527.4
7/26/2020 19:00,25.708,1141
7/26/2020 20:00,25.319,226
7/26/2020 21:00,25.416,0
7/26/2020 22:00,25.416,0
7/26/2020 23:00,25.222,0
7/27/2020 0:00,25.028,0
7/27/2020 1:00,24.835,0
7/27/2020 2:00,24.641,0
7/27/2020 3:00,24.448,0
7/27/2020 4:00,24.351,0
7/27/2020 5:00,24.158,0
7/27/2020 6:00,24.062,10.8
7/27/2020 7:00,24.062,958
7/27/2020 8:00,24.062,2238.9
7/27/2020 9:00,24.255,4133.4
7/27/2020 10:00,24.448,7233.4
7/27/2020 11:00,24.738,24800.2
7/27/2020 12:00,25.028,18600.1
7/27/2020 13:00,25.416,44089.2
7/27/2020 14:00,25.513,12400.1
7/27/2020 15:00,25.125,7577.8
7/27/2020 16:00,25.028,2325
7/27/2020 17:00,25.61,6544.5
7/27/2020 18:00,25.028,366
7/27/2020 19:00,24.738,10.8
7/27/2020 20:00,24.545,0
7/27/2020 21:00,24.448,0
7/27/2020 22:00,24.158,0
7/27/2020 23:00,24.062,0
7/28/2020 0:00,23.869,0
7/28/2020 1:00,23.773,0
7/28/2020 2:00,23.581,0
7/28/2020 3:00,23.484,0
7/28/2020 4:00,23.292,0
7/28/2020 5:00,23.196,0
7/28/2020 6:00,23.1,21.5
7/28/2020 7:00,23.004,570.5
7/28/2020 8:00,23.1,1377.8
7/28/2020 9:00,23.196,3272.2
7/28/2020 10:00,23.484,6544.5
7/28/2020 11:00,23.869,17911.2
7/28/2020 12:00,24.351,30311.3
7/28/2020 13:00,24.835,19289
7/28/2020 14:00,25.222,18600.1
7/28/2020 15:00,25.222,21355.7
7/28/2020 16:00,25.319,7577.8
7/28/2020 17:00,25.222,5166.7
7/28/2020 18:00,25.028,2325
7/28/2020 19:00,24.835,624.3
7/28/2020 20:00,25.125,258.3
7/28/2020 21:00,24.931,0
7/28/2020 22:00,24.641,0
7/28/2020 23:00,24.545,0
7/29/2020 0:00,24.351,0
7/29/2020 1:00,24.158,0
7/29/2020 2:00,23.966,0
7/29/2020 3:00,23.773,0
7/29/2020 4:00,23.677,0
7/29/2020 5:00,23.484,0
7/29/2020 6:00,23.388,32.3
7/29/2020 7:00,23.292,462.9
7/29/2020 8:00,23.388,1108.7
7/29/2020 9:00,23.581,3100
7/29/2020 10:00,23.869,8266.7
7/29/2020 11:00,24.158,14466.8
7/29/2020 12:00,24.641,10333.4
7/29/2020 13:00,24.835,18600.1
7/29/2020 14:00,25.416,14466.8
7/29/2020 15:00,25.902,26178
7/29/2020 16:00,25.902,10333.4
7/29/2020 17:00,25.708,3788.9
7/29/2020 18:00,25.902,1808.3
7/29/2020 19:00,25.416,516.7
7/29/2020 20:00,25.222,236.8
7/29/2020 21:00,24.931,0
7/29/2020 22:00,24.738,0
7/29/2020 23:00,24.448,0
7/30/2020 0:00,24.255,0
7/30/2020 1:00,24.062,0
7/30/2020 2:00,23.869,0
7/30/2020 3:00,23.677,0
7/30/2020 4:00,23.484,0
7/30/2020 5:00,23.292,0
7/30/2020 6:00,23.1,21.5
7/30/2020 7:00,23.004,409
7/30/2020 8:00,23.196,947.2
7/30/2020 9:00,23.292,2411.1
7/30/2020 10:00,23.581,3788.9
7/30/2020 11:00,23.966,28933.5
7/30/2020 12:00,24.545,34444.7
7/30/2020 13:00,24.835,68889.3
7/30/2020 14:00,25.028,24800.2
7/30/2020 15:00,25.61,23422.4
7/30/2020 16:00,25.513,9644.5
7/30/2020 17:00,25.61,3961.1
7/30/2020 18:00,25.513,1636.1
7/30/2020 19:00,24.931,592
7/30/2020 20:00,24.641,226
7/30/2020 21:00,24.448,0
7/30/2020 22:00,24.255,0
7/30/2020 23:00,24.062,0
7/31/2020 0:00,23.869,0
7/31/2020 1:00,23.677,0
7/31/2020 2:00,23.484,0
7/31/2020 3:00,23.292,0
7/31/2020 4:00,23.1,0
7/31/2020 5:00,22.908,0
7/31/2020 6:00,22.812,21.5
7/31/2020 7:00,22.717,409
7/31/2020 8:00,22.812,968.8
7/31/2020 9:00,23.004,2497.2
7/31/2020 10:00,23.388,6200
7/31/2020 11:00,23.677,15844.5
7/31/2020 12:00,24.158,19289
7/31/2020 13:00,24.545,26178
7/31/2020 14:00,25.028,26178
7/31/2020 15:00,25.319,9300.1
7/31/2020 16:00,25.222,11022.3
7/31/2020 17:00,25.222,3961.1
7/31/2020 18:00,24.931,2927.8
7/31/2020 19:00,25.125,570.5
7/31/2020 20:00,24.835,193.8
7/31/2020 21:00,24.351,0
7/31/2020 22:00,24.158,0
7/31/2020 23:00,23.869,0
8/1/2020 0:00,23.677,0
8/1/2020 1:00,23.581,0
8/1/2020 2:00,23.388,0
8/1/2020 3:00,23.196,0
8/1/2020 4:00,23.004,0
8/1/2020 5:00,22.908,0
8/1/2020 6:00,22.812,10.8
8/1/2020 7:00,22.717,505.9
8/1/2020 8:00,22.812,1227.1
8/1/2020 9:00,23.1,3788.9
8/1/2020 10:00,23.292,5511.1
8/1/2020 11:00,23.869,9300.1
8/1/2020 12:00,24.351,34444.7
8/1/2020 13:00,24.545,23422.4
8/1/2020 14:00,25.125,13777.9
8/1/2020 15:00,25.125,18600.1
8/1/2020 16:00,25.222,7577.8
8/1/2020 17:00,25.028,6200
8/1/2020 18:00,24.835,2066.7
8/1/2020 19:00,24.448,505.9
8/1/2020 20:00,24.255,215.3
8/1/2020 21:00,24.062,0
8/1/2020 22:00,23.869,0
8/1/2020 23:00,23.773,0
8/2/2020 0:00,23.581,0
8/2/2020 1:00,23.388,0
8/2/2020 2:00,23.292,0
8/2/2020 3:00,23.1,0
8/2/2020 4:00,23.004,0
8/2/2020 5:00,22.908,0
8/2/2020 6:00,22.717,10.8
8/2/2020 7:00,22.717,419.8
8/2/2020 8:00,22.812,1087.2
8/2/2020 9:00,23.1,4822.3
8/2/2020 10:00,23.484,5511.1
8/2/2020 11:00,23.773,20666.8
8/2/2020 12:00,24.255,26178
8/2/2020 13:00,24.835,8266.7
8/2/2020 14:00,24.835,22044.6
8/2/2020 15:00,25.319,19289
8/2/2020 16:00,25.416,20666.8
8/2/2020 17:00,25.125,4477.8
8/2/2020 18:00,24.931,1980.6
8/2/2020 19:00,24.448,710.4
8/2/2020 20:00,24.351,236.8
8/2/2020 21:00,24.062,0
8/2/2020 22:00,23.966,0
8/2/2020 23:00,23.773,0
8/3/2020 0:00,23.581,0
8/3/2020 1:00,23.484,0
8/3/2020 2:00,23.292,0
8/3/2020 3:00,23.196,0
8/3/2020 4:00,23.004,0
8/3/2020 5:00,22.908,0
8/3/2020 6:00,22.717,10.8
8/3/2020 7:00,22.717,430.6
8/3/2020 8:00,22.812,1054.9
8/3/2020 9:00,23.004,3788.9
8/3/2020 10:00,23.388,9644.5
8/3/2020 11:00,23.677,5511.1
8/3/2020 12:00,24.448,12400.1
8/3/2020 13:00,24.931,26178
8/3/2020 14:00,25.125,19977.9
8/3/2020 15:00,25.222,20666.8
8/3/2020 16:00,25.125,20666.8
8/3/2020 17:00,25.319,13777.9
8/3/2020 18:00,25.222,3100
8/3/2020 19:00,25.125,462.9
8/3/2020 20:00,24.835,193.8
8/3/2020 21:00,24.545,0
8/3/2020 22:00,24.351,0
8/3/2020 23:00,24.158,0
8/4/2020 0:00,23.869,0
8/4/2020 1:00,23.677,0
8/4/2020 2:00,23.581,0
8/4/2020 3:00,23.388,0
8/4/2020 4:00,23.196,0
8/4/2020 5:00,23.004,0
8/4/2020 6:00,22.908,10.8
8/4/2020 7:00,22.812,366
8/4/2020 8:00,23.004,958
8/4/2020 9:00,23.292,2066.7
8/4/2020 10:00,23.581,8611.2
8/4/2020 11:00,24.158,15844.5
8/4/2020 12:00,24.641,11711.2
8/4/2020 13:00,25.222,34444.7
8/4/2020 14:00,24.641,10333.4
8/4/2020 15:00,25.222,24800.2
8/4/2020 16:00,25.319,18600.1
8/4/2020 17:00,25.708,24800.2
8/4/2020 18:00,25.61,15844.5
8/4/2020 19:00,25.222,764.2
8/4/2020 20:00,24.931,269.1
8/4/2020 21:00,24.738,0
8/4/2020 22:00,24.448,0
8/4/2020 23:00,24.255,0
8/5/2020 0:00,24.158,0
8/5/2020 1:00,23.966,0
8/5/2020 2:00,23.773,0
8/5/2020 3:00,23.581,0
8/5/2020 4:00,23.388,0
8/5/2020 5:00,23.196,0
8/5/2020 6:00,23.1,0
8/5/2020 7:00,23.004,333.7
8/5/2020 8:00,23.1,635.1
8/5/2020 9:00,23.292,839.6
8/5/2020 10:00,23.773,1291.7
8/5/2020 11:00,24.062,1808.3
8/5/2020 12:00,24.255,5166.7
8/5/2020 13:00,24.835,6544.5
8/5/2020 14:00,24.738,15844.5
8/5/2020 15:00,24.545,4650
8/5/2020 16:00,25.028,6544.5
8/5/2020 17:00,24.835,947.2
8/5/2020 18:00,24.641,2066.7
8/5/2020 19:00,24.641,2411.1
8/5/2020 20:00,24.351,258.3
8/5/2020 21:00,24.158,0
8/5/2020 22:00,23.966,0
8/5/2020 23:00,23.773,0
8/6/2020 0:00,23.581,0
8/6/2020 1:00,23.388,0
8/6/2020 2:00,23.196,0
8/6/2020 3:00,23.1,0
8/6/2020 4:00,22.908,0
8/6/2020 5:00,22.717,0
8/6/2020 6:00,22.621,0
8/6/2020 7:00,22.525,333.7
8/6/2020 8:00,22.525,549
8/6/2020 9:00,22.717,807.3
8/6/2020 10:00,23.1,1022.6
8/6/2020 11:00,23.388,2325
8/6/2020 12:00,23.869,4477.8
8/6/2020 13:00,24.158,22044.6
8/6/2020 14:00,24.738,7233.4
8/6/2020 15:00,24.351,3961.1
8/6/2020 16:00,24.158,2583.4
8/6/2020 17:00,24.255,1280.9
8/6/2020 18:00,24.255,2755.6
8/6/2020 19:00,24.062,936.5
8/6/2020 20:00,23.869,183
8/6/2020 21:00,23.677,0
8/6/2020 22:00,23.484,0
8/6/2020 23:00,23.292,0
8/7/2020 0:00,23.1,0
8/7/2020 1:00,22.908,0
8/7/2020 2:00,22.717,0
8/7/2020 3:00,22.621,0
8/7/2020 4:00,22.429,0
8/7/2020 5:00,22.333,0
8/7/2020 6:00,22.142,0
8/7/2020 7:00,22.046,301.4
8/7/2020 8:00,22.046,549
8/7/2020 9:00,22.238,764.2
8/7/2020 10:00,22.525,1076.4
8/7/2020 11:00,23.004,2238.9
8/7/2020 12:00,23.581,2927.8
8/7/2020 13:00,23.869,12400.1
8/7/2020 14:00,24.351,10677.8
8/7/2020 15:00,24.738,30311.3
8/7/2020 16:00,24.835,22044.6
8/7/2020 17:00,25.222,19977.9
8/7/2020 18:00,25.416,10677.8
8/7/2020 19:00,24.351,570.5
8/7/2020 20:00,24.062,215.3
8/7/2020 21:00,23.773,0
8/7/2020 22:00,23.581,0
8/7/2020 23:00,23.388,0
8/8/2020 0:00,23.1,0
8/8/2020 1:00,22.908,0
8/8/2020 2:00,22.717,0
8/8/2020 3:00,22.525,0
8/8/2020 4:00,22.333,0
8/8/2020 5:00,22.238,0
8/8/2020 6:00,22.046,0
8/8/2020 7:00,21.951,269.1
8/8/2020 8:00,21.951,484.4
8/8/2020 9:00,22.238,764.2
8/8/2020 10:00,22.525,1259.4
8/8/2020 11:00,23.004,2066.7
8/8/2020 12:00,23.581,2927.8
8/8/2020 13:00,24.158,4305.6
8/8/2020 14:00,24.351,14466.8
8/8/2020 15:00,24.738,11711.2
8/8/2020 16:00,24.931,21355.7
8/8/2020 17:00,25.222,10333.4
8/8/2020 18:00,24.931,13777.9
8/8/2020 19:00,24.062,592
8/8/2020 20:00,23.966,193.8
8/8/2020 21:00,23.966,0
8/8/2020 22:00,23.966,0
8/8/2020 23:00,23.773,0
8/9/2020 0:00,23.581,0
8/9/2020 1:00,23.388,0
8/9/2020 2:00,23.196,0
8/9/2020 3:00,22.908,0
8/9/2020 4:00,22.717,0
8/9/2020 5:00,22.525,0
8/9/2020 6:00,22.429,0
8/9/2020 7:00,22.333,279.9
8/9/2020 8:00,22.333,527.4
8/9/2020 9:00,22.525,818.1
8/9/2020 10:00,23.004,1377.8
8/9/2020 11:00,23.388,2066.7
8/9/2020 12:00,23.966,3444.5
8/9/2020 13:00,24.545,8266.7
8/9/2020 14:00,24.835,11711.2
8/9/2020 15:00,25.319,9644.5
8/9/2020 16:00,25.805,22044.6
8/9/2020 17:00,25.708,24800.2
8/9/2020 18:00,24.931,15155.7
8/9/2020 19:00,24.738,538.2
8/9/2020 20:00,24.255,183
8/9/2020 21:00,24.255,0
8/9/2020 22:00,24.448,0
8/9/2020 23:00,24.255,0
8/10/2020 0:00,24.062,0
8/10/2020 1:00,23.773,0
8/10/2020 2:00,23.581,0
8/10/2020 3:00,23.388,0
8/10/2020 4:00,23.196,0
8/10/2020 5:00,23.004,0
8/10/2020 6:00,22.908,0
8/10/2020 7:00,22.717,269.1
8/10/2020 8:00,22.812,527.4
8/10/2020 9:00,23.004,775
8/10/2020 10:00,23.292,1377.8
8/10/2020 11:00,23.773,2066.7
8/10/2020 12:00,24.448,3272.2
8/10/2020 13:00,24.545,4994.5
8/10/2020 14:00,25.028,3444.5
8/10/2020 15:00,25.708,13777.9
8/10/2020 16:00,25.61,22044.6
8/10/2020 17:00,25.319,12400.1
8/10/2020 18:00,24.835,1894.5
8/10/2020 19:00,24.835,3272.2
8/10/2020 20:00,24.641,226
8/10/2020 21:00,24.448,0
8/10/2020 22:00,24.448,0
8/10/2020 23:00,24.545,0
8/11/2020 0:00,24.351,0
8/11/2020 1:00,24.158,0
8/11/2020 2:00,23.869,0
8/11/2020 3:00,23.773,0
8/11/2020 4:00,23.581,0
8/11/2020 5:00,23.388,0
8/11/2020 6:00,23.196,0
8/11/2020 7:00,23.1,258.3
8/11/2020 8:00,23.1,538.2
8/11/2020 9:00,23.388,742.7
8/11/2020 10:00,23.677,1377.8
8/11/2020 11:00,24.062,1636.1
8/11/2020 12:00,24.545,4822.3
8/11/2020 13:00,24.738,5511.1
8/11/2020 14:00,25.416,14466.8
8/11/2020 15:00,25.61,22044.6
8/11/2020 16:00,25.805,15844.5
8/11/2020 17:00,25.805,12400.1
8/11/2020 18:00,25.513,11022.3
8/11/2020 19:00,25.222,1367
8/11/2020 20:00,24.835,204.5
8/11/2020 21:00,24.545,0
8/11/2020 22:00,24.351,0
8/11/2020 23:00,24.158,0
8/12/2020 0:00,23.966,0
8/12/2020 1:00,23.773,0
8/12/2020 2:00,23.581,0
8/12/2020 3:00,23.388,0
8/12/2020 4:00,23.196,0
8/12/2020 5:00,23.1,0
8/12/2020 6:00,22.908,0
8/12/2020 7:00,22.717,215.3
8/12/2020 8:00,22.812,473.6
8/12/2020 9:00,22.908,839.6
8/12/2020 10:00,23.388,1173.3
8/12/2020 11:00,23.581,1463.9
8/12/2020 12:00,24.062,3616.7
8/12/2020 13:00,24.062,6544.5
8/12/2020 14:00,24.351,9300.1
8/12/2020 15:00,25.028,28933.5
8/12/2020 16:00,25.125,10333.4
8/12/2020 17:00,24.738,12400.1
8/12/2020 18:00,24.641,11711.2
8/12/2020 19:00,24.158,914.9
8/12/2020 20:00,23.869,139.9
8/12/2020 21:00,23.677,0
8/12/2020 22:00,23.484,0
8/12/2020 23:00,23.292,0
8/13/2020 0:00,23.196,0
8/13/2020 1:00,23.004,0
8/13/2020 2:00,22.908,0
8/13/2020 3:00,22.717,0
8/13/2020 4:00,22.621,0
8/13/2020 5:00,22.525,0
8/13/2020 6:00,22.333,0
8/13/2020 7:00,22.238,204.5
8/13/2020 8:00,22.238,452.1
8/13/2020 9:00,22.429,721.2
8/13/2020 10:00,22.908,1550
8/13/2020 11:00,23.1,1980.6
8/13/2020 12:00,23.677,3616.7
8/13/2020 13:00,24.062,3272.2
8/13/2020 14:00,24.545,13777.9
8/13/2020 15:00,25.028,26178
8/13/2020 16:00,25.61,11022.3
8/13/2020 17:00,25.513,9644.5
8/13/2020 18:00,25.319,8611.2
8/13/2020 19:00,24.641,527.4
8/13/2020 20:00,24.158,129.2
8/13/2020 21:00,23.966,0
8/13/2020 22:00,23.773,0
8/13/2020 23:00,23.484,0
8/14/2020 0:00,23.292,0
8/14/2020 1:00,23.1,0
8/14/2020 2:00,23.004,0
8/14/2020 3:00,22.812,0
8/14/2020 4:00,22.621,0
8/14/2020 5:00,22.525,0
8/14/2020 6:00,22.333,0
8/14/2020 7:00,22.238,226
8/14/2020 8:00,22.238,495.1
8/14/2020 9:00,22.525,785.8
8/14/2020 10:00,22.812,1377.8
8/14/2020 11:00,23.292,3444.5
8/14/2020 12:00,23.773,6200
8/14/2020 13:00,24.351,26178
8/14/2020 14:00,24.835,22044.6
8/14/2020 15:00,25.125,37200.2
8/14/2020 16:00,24.448,7233.4
8/14/2020 17:00,25.416,14466.8
8/14/2020 18:00,24.255,3961.1
8/14/2020 19:00,24.448,419.8
8/14/2020 20:00,24.351,86.1
8/14/2020 21:00,24.062,0
8/14/2020 22:00,23.966,0
8/14/2020 23:00,23.773,0
8/15/2020 0:00,23.581,0
8/15/2020 1:00,23.388,0
8/15/2020 2:00,23.196,0
8/15/2020 3:00,23.1,0
8/15/2020 4:00,22.908,0
8/15/2020 5:00,22.717,0
8/15/2020 6:00,22.621,0
8/15/2020 7:00,22.525,204.5
8/15/2020 8:00,22.621,473.6
8/15/2020 9:00,22.812,667.4
8/15/2020 10:00,23.1,1141
8/15/2020 11:00,23.677,2325
8/15/2020 12:00,24.255,7577.8
8/15/2020 13:00,24.545,8611.2
8/15/2020 14:00,25.222,7577.8
8/15/2020 15:00,25.416,15844.5
8/15/2020 16:00,25.708,42711.4
8/15/2020 17:00,25.222,24800.2
8/15/2020 18:00,25.708,19977.9
8/15/2020 19:00,24.931,247.6
8/15/2020 20:00,24.738,139.9
8/15/2020 21:00,24.448,0
8/15/2020 22:00,24.351,0
8/15/2020 23:00,24.158,0
8/16/2020 0:00,23.966,0
8/16/2020 1:00,23.773,0
8/16/2020 2:00,23.581,0
8/16/2020 3:00,23.388,0
8/16/2020 4:00,23.292,0
8/16/2020 5:00,23.196,0
8/16/2020 6:00,23.004,0
8/16/2020 7:00,22.908,269.1
8/16/2020 8:00,22.908,624.3
8/16/2020 9:00,23.1,2411.1
8/16/2020 10:00,23.004,2927.8
8/16/2020 11:00,22.621,484.4
8/16/2020 12:00,23.1,4133.4
8/16/2020 13:00,23.196,5511.1
8/16/2020 14:00,23.292,5166.7
8/16/2020 15:00,23.677,4477.8
8/16/2020 16:00,23.677,7577.8
8/16/2020 17:00,23.966,14466.8
8/16/2020 18:00,23.966,9300.1
8/16/2020 19:00,23.581,419.8
8/16/2020 20:00,23.388,96.9
8/16/2020 21:00,23.196,0
8/16/2020 22:00,23.1,0
8/16/2020 23:00,22.908,0
8/17/2020 0:00,22.812,0
8/17/2020 1:00,22.717,0
8/17/2020 2:00,22.621,0
8/17/2020 3:00,22.525,0
8/17/2020 4:00,22.429,0
8/17/2020 5:00,22.238,0
8/17/2020 6:00,22.142,0
8/17/2020 7:00,22.142,279.9
8/17/2020 8:00,22.238,1463.9
8/17/2020 9:00,22.238,1377.8
8/17/2020 10:00,22.238,2066.7
8/17/2020 11:00,22.429,4305.6
8/17/2020 12:00,22.621,4650
8/17/2020 13:00,22.812,4822.3
8/17/2020 14:00,22.621,2927.8
8/17/2020 15:00,22.333,462.9
8/17/2020 16:00,22.525,2325
8/17/2020 17:00,22.717,3616.7
8/17/2020 18:00,22.429,1808.3
8/17/2020 19:00,22.429,1636.1
8/17/2020 20:00,22.238,193.8
8/17/2020 21:00,22.142,0
8/17/2020 22:00,22.046,0
8/17/2020 23:00,21.951,0
8/18/2020 0:00,21.855,0
8/18/2020 1:00,21.855,0
8/18/2020 2:00,21.76,0
8/18/2020 3:00,21.664,0
8/18/2020 4:00,21.569,0
8/18/2020 5:00,21.473,0
8/18/2020 6:00,21.378,0
8/18/2020 7:00,21.282,473.6
8/18/2020 8:00,21.378,925.7
8/18/2020 9:00,21.664,2238.9
8/18/2020 10:00,22.046,2583.4
8/18/2020 11:00,22.142,2927.8
8/18/2020 12:00,22.525,3961.1
8/18/2020 13:00,22.812,4133.4
8/18/2020 14:00,23.581,2755.6
8/18/2020 15:00,23.484,3444.5
8/18/2020 16:00,23.773,3788.9
8/18/2020 17:00,23.581,2066.7
8/18/2020 18:00,24.255,1894.5
8/18/2020 19:00,23.388,484.4
8/18/2020 20:00,23.388,107.6
8/18/2020 21:00,23.484,0
8/18/2020 22:00,23.196,0
8/18/2020 23:00,23.004,0
8/19/2020 0:00,22.812,0
8/19/2020 1:00,22.621,0
8/19/2020 2:00,22.525,0
8/19/2020 3:00,22.333,0
8/19/2020 4:00,22.238,0
8/19/2020 5:00,22.046,0
8/19/2020 6:00,21.855,0
8/19/2020 7:00,21.76,150.7
8/19/2020 8:00,21.76,527.4
8/19/2020 9:00,21.951,1313.2
8/19/2020 10:00,22.142,2927.8
8/19/2020 11:00,22.621,2497.2
8/19/2020 12:00,22.717,3961.1
8/19/2020 13:00,22.717,2325
8/19/2020 14:00,22.908,2325
8/19/2020 15:00,23.484,2669.5
8/19/2020 16:00,23.484,2755.6
8/19/2020 17:00,23.773,2066.7
8/19/2020 18:00,23.677,3100
8/19/2020 19:00,23.196,322.9
8/19/2020 20:00,23.004,53.8
8/19/2020 21:00,22.812,0
8/19/2020 22:00,22.525,0
8/19/2020 23:00,22.429,0
8/20/2020 0:00,22.142,0
8/20/2020 1:00,22.046,0
8/20/2020 2:00,21.76,0
8/20/2020 3:00,21.664,0
8/20/2020 4:00,21.569,0
8/20/2020 5:00,21.378,0
8/20/2020 6:00,21.187,0
8/20/2020 7:00,21.091,279.9
8/20/2020 8:00,21.187,828.8
8/20/2020 9:00,21.473,1463.9
8/20/2020 10:00,21.664,2238.9
8/20/2020 11:00,21.855,2669.5
8/20/2020 12:00,22.238,2583.4
8/20/2020 13:00,22.333,1894.5
8/20/2020 14:00,22.908,2755.6
8/20/2020 15:00,23.1,2411.1
8/20/2020 16:00,23.196,2325
8/20/2020 17:00,23.1,1894.5
8/20/2020 18:00,23.1,2066.7
8/20/2020 19:00,22.908,538.2
8/20/2020 20:00,22.717,53.8
8/20/2020 21:00,22.525,0
8/20/2020 22:00,22.333,0
8/20/2020 23:00,22.142,0
8/21/2020 0:00,22.046,0
8/21/2020 1:00,21.855,0
8/21/2020 2:00,21.664,0
8/21/2020 3:00,21.569,0
8/21/2020 4:00,21.378,0
8/21/2020 5:00,21.282,0
8/21/2020 6:00,21.091,0
8/21/2020 7:00,21.091,204.5
8/21/2020 8:00,21.187,775
8/21/2020 9:00,21.473,1065.6
8/21/2020 10:00,21.76,1894.5
8/21/2020 11:00,21.951,1980.6
8/21/2020 12:00,22.238,2152.8
8/21/2020 13:00,22.238,1894.5
8/21/2020 14:00,22.812,2583.4
8/21/2020 15:00,23.1,2669.5
8/21/2020 16:00,23.388,2497.2
8/21/2020 17:00,23.581,1377.8
8/21/2020 18:00,23.004,1463.9
8/21/2020 19:00,23.004,312.2
8/21/2020 20:00,22.908,43.1
8/21/2020 21:00,22.621,0
8/21/2020 22:00,22.429,0
8/21/2020 23:00,22.333,0
8/22/2020 0:00,22.142,0
8/22/2020 1:00,21.951,0
8/22/2020 2:00,21.855,0
8/22/2020 3:00,21.664,0
8/22/2020 4:00,21.569,0
8/22/2020 5:00,21.473,0
8/22/2020 6:00,21.282,0
8/22/2020 7:00,21.187,355.2
8/22/2020 8:00,21.282,1280.9
8/22/2020 9:00,21.473,1636.1
8/22/2020 10:00,21.76,2325
8/22/2020 11:00,22.046,2755.6
8/22/2020 12:00,22.238,2755.6
8/22/2020 13:00,22.525,3100
8/22/2020 14:00,22.812,3961.1
8/22/2020 15:00,23.196,3100
8/22/2020 16:00,23.196,2669.5
8/22/2020 17:00,23.292,2497.2
8/22/2020 18:00,23.388,1259.4
8/22/2020 19:00,23.388,624.3
8/22/2020 20:00,23.196,21.5
8/22/2020 21:00,22.908,0
8/22/2020 22:00,22.621,0
8/22/2020 23:00,22.429,0
8/23/2020 0:00,22.238,0
8/23/2020 1:00,22.046,0
8/23/2020 2:00,21.855,0
8/23/2020 3:00,21.664,0
8/23/2020 4:00,21.569,0
8/23/2020 5:00,21.378,0
8/23/2020 6:00,21.282,0
8/23/2020 7:00,21.187,333.7
8/23/2020 8:00,21.187,1636.1
8/23/2020 9:00,21.473,3100
8/23/2020 10:00,21.76,3788.9
8/23/2020 11:00,22.046,3788.9
8/23/2020 12:00,21.951,3272.2
8/23/2020 13:00,22.429,4477.8
8/23/2020 14:00,22.238,3444.5
8/23/2020 15:00,22.812,2755.6
8/23/2020 16:00,22.908,2066.7
8/23/2020 17:00,22.812,1377.8
8/23/2020 18:00,22.621,925.7
8/23/2020 19:00,22.525,366
8/23/2020 20:00,22.333,21.5
8/23/2020 21:00,22.238,0
8/23/2020 22:00,22.142,0
8/23/2020 23:00,21.951,0
8/24/2020 0:00,21.76,0
8/24/2020 1:00,21.569,0
8/24/2020 2:00,21.473,0
8/24/2020 3:00,21.378,0
8/24/2020 4:00,21.187,0
8/24/2020 5:00,21.091,0
8/24/2020 6:00,21.091,0
8/24/2020 7:00,20.996,129.2
8/24/2020 8:00,20.996,1173.3
8/24/2020 9:00,20.996,1011.8
8/24/2020 10:00,20.996,1377.8
8/24/2020 11:00,21.091,3444.5
8/24/2020 12:00,21.282,3100
8/24/2020 13:00,21.473,3272.2
8/24/2020 14:00,21.569,3272.2
8/24/2020 15:00,21.76,2927.8
8/24/2020 16:00,21.951,2066.7
8/24/2020 17:00,21.855,2152.8
8/24/2020 18:00,21.855,1377.8
8/24/2020 19:00,21.76,290.6
8/24/2020 20:00,21.569,0
8/24/2020 21:00,21.473,0
8/24/2020 22:00,21.378,0
8/24/2020 23:00,21.282,0
8/25/2020 0:00,21.187,0
8/25/2020 1:00,21.091,0
8/25/2020 2:00,20.996,0
8/25/2020 3:00,20.901,0
8/25/2020 4:00,20.805,0
8/25/2020 5:00,20.71,0
8/25/2020 6:00,20.615,0
8/25/2020 7:00,20.519,279.9
8/25/2020 8:00,20.615,1722.2
8/25/2020 9:00,20.805,4477.8
8/25/2020 10:00,21.091,5338.9
8/25/2020 11:00,21.282,7233.4
8/25/2020 12:00,21.76,9644.5
8/25/2020 13:00,22.142,4994.5
8/25/2020 14:00,22.142,2755.6
8/25/2020 15:00,22.429,2411.1
8/25/2020 16:00,22.621,1636.1
8/25/2020 17:00,22.429,1550
8/25/2020 18:00,22.429,1022.6
8/25/2020 19:00,22.429,333.7
8/25/2020 20:00,22.333,0
8/25/2020 21:00,22.046,0
8/25/2020 22:00,21.951,0
8/25/2020 23:00,21.76,0
8/26/2020 0:00,21.569,0
8/26/2020 1:00,21.378,0
8/26/2020 2:00,21.282,0
8/26/2020 3:00,21.091,0
8/26/2020 4:00,20.996,0
8/26/2020 5:00,20.805,0
8/26/2020 6:00,20.71,0
8/26/2020 7:00,20.615,322.9
8/26/2020 8:00,20.615,1722.2
8/26/2020 9:00,20.805,4305.6
8/26/2020 10:00,20.996,5166.7
8/26/2020 11:00,21.091,5166.7
8/26/2020 12:00,21.664,4650
8/26/2020 13:00,21.855,4477.8
8/26/2020 14:00,22.142,3272.2
8/26/2020 15:00,22.142,2755.6
8/26/2020 16:00,22.238,1894.5
8/26/2020 17:00,22.238,1550
8/26/2020 18:00,22.333,1302.4
8/26/2020 19:00,22.142,602.8
8/26/2020 20:00,21.951,0
8/26/2020 21:00,21.76,0
8/26/2020 22:00,21.569,0
8/26/2020 23:00,21.378,0
8/27/2020 0:00,21.282,0
8/27/2020 1:00,21.091,0
8/27/2020 2:00,20.996,0
8/27/2020 3:00,20.901,0
8/27/2020 4:00,20.805,0
8/27/2020 5:00,20.71,0
8/27/2020 6:00,20.615,0
8/27/2020 7:00,20.519,312.2
8/27/2020 8:00,20.615,2411.1
8/27/2020 9:00,20.901,5166.7
8/27/2020 10:00,21.187,6544.5
8/27/2020 11:00,21.664,6200
8/27/2020 12:00,22.142,4650
8/27/2020 13:00,22.621,3961.1
8/27/2020 14:00,23.004,3272.2
8/27/2020 15:00,22.812,2066.7
8/27/2020 16:00,22.238,753.5
8/27/2020 17:00,22.333,731.9
8/27/2020 18:00,22.429,914.9
8/27/2020 19:00,22.429,344.4
8/27/2020 20:00,22.238,0
8/27/2020 21:00,21.951,0
8/27/2020 22:00,21.76,0
8/27/2020 23:00,21.569,0
8/28/2020 0:00,21.378,0
8/28/2020 1:00,21.187,0
8/28/2020 2:00,20.996,0
8/28/2020 3:00,20.901,0
8/28/2020 4:00,20.71,0
8/28/2020 5:00,20.615,0
8/28/2020 6:00,20.519,0
8/28/2020 7:00,20.424,409
8/28/2020 8:00,20.519,3788.9
8/28/2020 9:00,20.901,5166.7
8/28/2020 10:00,21.282,4477.8
8/28/2020 11:00,21.855,14466.8
8/28/2020 12:00,22.429,9300.1
8/28/2020 13:00,22.812,4477.8
8/28/2020 14:00,22.717,3272.2
8/28/2020 15:00,23.196,1808.3
8/28/2020 16:00,22.812,1097.9
8/28/2020 17:00,22.717,1065.6
8/28/2020 18:00,22.812,430.6
8/28/2020 19:00,22.525,333.7
8/28/2020 20:00,22.333,0
8/28/2020 21:00,22.142,0
8/28/2020 22:00,21.855,0
8/28/2020 23:00,21.664,0
8/29/2020 0:00,21.473,0
8/29/2020 1:00,21.282,0
8/29/2020 2:00,21.091,0
8/29/2020 3:00,20.996,0
8/29/2020 4:00,20.805,0
8/29/2020 5:00,20.615,0
8/29/2020 6:00,20.519,0
8/29/2020 7:00,20.424,419.8
8/29/2020 8:00,20.519,2325
8/29/2020 9:00,20.805,4650
8/29/2020 10:00,20.996,4650
8/29/2020 11:00,21.282,5511.1
8/29/2020 12:00,21.569,5338.9
8/29/2020 13:00,21.855,4305.6
8/29/2020 14:00,22.238,2325
8/29/2020 15:00,22.333,1980.6
8/29/2020 16:00,22.429,1463.9
8/29/2020 17:00,22.429,1130.2
8/29/2020 18:00,22.717,678.1
8/29/2020 19:00,22.717,387.5
8/29/2020 20:00,22.333,0
8/29/2020 21:00,22.046,0
8/29/2020 22:00,21.76,0
8/29/2020 23:00,21.569,0
8/30/2020 0:00,21.473,0
8/30/2020 1:00,21.282,0
8/30/2020 2:00,21.091,0
8/30/2020 3:00,20.996,0
8/30/2020 4:00,20.805,0
8/30/2020 5:00,20.615,0
8/30/2020 6:00,20.519,0
8/30/2020 7:00,20.329,247.6
8/30/2020 8:00,20.615,5338.9
8/30/2020 9:00,21.091,7233.4
8/30/2020 10:00,21.473,8611.2
8/30/2020 11:00,21.855,6200
8/30/2020 12:00,22.333,4305.6
8/30/2020 13:00,22.621,3272.2
8/30/2020 14:00,22.908,2066.7
8/30/2020 15:00,22.812,1377.8
8/30/2020 16:00,22.908,1011.8
8/30/2020 17:00,22.908,678.1
8/30/2020 18:00,22.812,279.9
8/30/2020 19:00,22.525,183
8/30/2020 20:00,22.238,0
8/30/2020 21:00,22.046,0
8/30/2020 22:00,21.855,0
8/30/2020 23:00,21.664,0
8/31/2020 0:00,21.473,0
8/31/2020 1:00,21.282,0
8/31/2020 2:00,21.091,0
8/31/2020 3:00,20.901,0
8/31/2020 4:00,20.71,0
8/31/2020 5:00,20.519,0
8/31/2020 6:00,20.329,0
8/31/2020 7:00,20.234,161.5
8/31/2020 8:00,20.424,4650
8/31/2020 9:00,20.901,8266.7
8/31/2020 10:00,21.378,8611.2
8/31/2020 11:00,21.76,6200
8/31/2020 12:00,22.142,3616.7
8/31/2020 13:00,22.333,5166.7
8/31/2020 14:00,22.812,4305.6
8/31/2020 15:00,22.621,1205.6
8/31/2020 16:00,22.238,1011.8
8/31/2020 17:00,22.717,699.7
8/31/2020 18:00,22.717,269.1
8/31/2020 19:00,22.429,183
8/31/2020 20:00,22.238,0
8/31/2020 21:00,21.951,0
8/31/2020 22:00,21.76,0
8/31/2020 23:00,21.569,0
9/1/2020 0:00,21.378,0
9/1/2020 1:00,21.282,0
9/1/2020 2:00,21.091,0
9/1/2020 3:00,20.901,0
9/1/2020 4:00,20.71,0
9/1/2020 5:00,20.519,0
9/1/2020 6:00,20.424,0
9/1/2020 7:00,20.329,226
9/1/2020 8:00,20.615,5338.9
9/1/2020 9:00,21.091,7577.8
9/1/2020 10:00,21.473,6200
9/1/2020 11:00,21.76,5166.7
9/1/2020 12:00,21.951,6544.5
9/1/2020 13:00,22.238,2152.8
9/1/2020 14:00,22.812,2583.4
9/1/2020 15:00,22.717,990.3
9/1/2020 16:00,22.908,1345.5
9/1/2020 17:00,22.908,613.5
9/1/2020 18:00,22.812,226
9/1/2020 19:00,22.621,161.5
9/1/2020 20:00,22.333,0
9/1/2020 21:00,22.238,0
9/1/2020 22:00,22.046,0
9/1/2020 23:00,21.855,0
9/2/2020 0:00,21.664,0
9/2/2020 1:00,21.473,0
9/2/2020 2:00,21.282,0
9/2/2020 3:00,21.091,0
9/2/2020 4:00,20.996,0
9/2/2020 5:00,20.901,0
9/2/2020 6:00,20.71,0
9/2/2020 7:00,20.615,172.2
9/2/2020 8:00,20.901,4822.3
9/2/2020 9:00,21.473,4305.6
9/2/2020 10:00,21.951,8611.2
9/2/2020 11:00,22.333,2669.5
9/2/2020 12:00,22.908,4133.4
9/2/2020 13:00,23.388,2927.8
9/2/2020 14:00,23.196,2927.8
9/2/2020 15:00,23.196,1722.2
9/2/2020 16:00,23.677,882.6
9/2/2020 17:00,23.292,667.4
9/2/2020 18:00,23.292,258.3
9/2/2020 19:00,22.908,183
9/2/2020 20:00,23.004,0
9/2/2020 21:00,22.812,0
9/2/2020 22:00,22.621,0
9/2/2020 23:00,22.333,0
9/3/2020 0:00,22.142,0
9/3/2020 1:00,22.046,0
9/3/2020 2:00,21.855,0
9/3/2020 3:00,21.664,0
9/3/2020 4:00,21.569,0
9/3/2020 5:00,21.378,0
9/3/2020 6:00,21.282,0
9/3/2020 7:00,21.091,226
9/3/2020 8:00,21.378,3961.1
9/3/2020 9:00,21.855,17222.3
9/3/2020 10:00,22.429,11022.3
9/3/2020 11:00,22.812,2927.8
9/3/2020 12:00,23.484,4133.4
9/3/2020 13:00,23.869,5166.7
9/3/2020 14:00,23.869,1722.2
9/3/2020 15:00,23.773,1184
9/3/2020 16:00,24.062,1334.7
9/3/2020 17:00,24.255,710.4
9/3/2020 18:00,24.062,333.7
9/3/2020 19:00,23.388,193.8
9/3/2020 20:00,23.196,0
9/3/2020 21:00,23.292,0
9/3/2020 22:00,22.908,0
9/3/2020 23:00,22.717,0
9/4/2020 0:00,22.525,0
9/4/2020 1:00,22.333,0
9/4/2020 2:00,22.238,0
9/4/2020 3:00,22.046,0
9/4/2020 4:00,21.951,0
9/4/2020 5:00,21.76,0
9/4/2020 6:00,21.569,0
9/4/2020 7:00,21.473,236.8
9/4/2020 8:00,21.664,1980.6
9/4/2020 9:00,21.951,4650
9/4/2020 10:00,22.525,4822.3
9/4/2020 11:00,22.812,3788.9
9/4/2020 12:00,22.812,3788.9
9/4/2020 13:00,23.388,2927.8
9/4/2020 14:00,23.1,2583.4
9/4/2020 15:00,23.292,1894.5
9/4/2020 16:00,23.388,1377.8
9/4/2020 17:00,23.196,1216.3
9/4/2020 18:00,22.908,559.7
9/4/2020 19:00,22.812,236.8
9/4/2020 20:00,22.525,0
9/4/2020 21:00,22.333,0
9/4/2020 22:00,22.142,0
9/4/2020 23:00,22.046,0
9/5/2020 0:00,21.855,0
9/5/2020 1:00,21.664,0
9/5/2020 2:00,21.473,0
9/5/2020 3:00,21.378,0
9/5/2020 4:00,21.187,0
9/5/2020 5:00,21.091,0
9/5/2020 6:00,20.996,0
9/5/2020 7:00,20.901,269.1
9/5/2020 8:00,20.996,2325
9/5/2020 9:00,21.473,4305.6
9/5/2020 10:00,21.855,4822.3
9/5/2020 11:00,22.238,4994.5
9/5/2020 12:00,22.812,5511.1
9/5/2020 13:00,23.004,2927.8
9/5/2020 14:00,22.717,2152.8
9/5/2020 15:00,23.292,2066.7
9/5/2020 16:00,23.196,2066.7
9/5/2020 17:00,22.908,1377.8
9/5/2020 18:00,23.1,592
9/5/2020 19:00,22.908,236.8
9/5/2020 20:00,22.621,0
9/5/2020 21:00,22.333,0
9/5/2020 22:00,22.142,0
9/5/2020 23:00,21.951,0
9/6/2020 0:00,21.855,0
9/6/2020 1:00,21.664,0
9/6/2020 2:00,21.569,0
9/6/2020 3:00,21.473,0
9/6/2020 4:00,21.282,0
9/6/2020 5:00,21.187,0
9/6/2020 6:00,21.091,0
9/6/2020 7:00,20.996,75.3
9/6/2020 8:00,20.996,904.2
9/6/2020 9:00,21.187,2927.8
9/6/2020 10:00,21.664,4822.3
9/6/2020 11:00,21.951,4133.4
9/6/2020 12:00,22.238,3961.1
9/6/2020 13:00,22.333,4133.4
9/6/2020 14:00,22.621,3444.5
9/6/2020 15:00,22.333,2497.2
9/6/2020 16:00,22.908,1808.3
9/6/2020 17:00,22.525,1377.8
9/6/2020 18:00,22.621,839.6
9/6/2020 19:00,22.717,215.3
9/6/2020 20:00,22.525,0
9/6/2020 21:00,22.333,0
9/6/2020 22:00,22.142,0
9/6/2020 23:00,21.951,0
9/7/2020 0:00,21.76,0
9/7/2020 1:00,21.569,0
9/7/2020 2:00,21.473,0
9/7/2020 3:00,21.282,0
9/7/2020 4:00,21.187,0
9/7/2020 5:00,21.091,0
9/7/2020 6:00,20.996,0
9/7/2020 7:00,20.901,139.9
9/7/2020 8:00,21.187,4133.4
9/7/2020 9:00,21.76,5511.1
9/7/2020 10:00,22.238,4477.8
9/7/2020 11:00,22.621,3100
9/7/2020 12:00,22.812,3616.7
9/7/2020 13:00,22.621,2325
9/7/2020 14:00,22.908,1324
9/7/2020 15:00,22.908,1054.9
9/7/2020 16:00,23.196,990.3
9/7/2020 17:00,22.908,678.1
9/7/2020 18:00,22.908,247.6
9/7/2020 19:00,22.717,172.2
9/7/2020 20:00,22.429,0
9/7/2020 21:00,22.238,0
9/7/2020 22:00,22.142,0
9/7/2020 23:00,21.951,0
9/8/2020 0:00,21.76,0
9/8/2020 1:00,21.664,0
9/8/2020 2:00,21.473,0
9/8/2020 3:00,21.378,0
9/8/2020 4:00,21.091,0
9/8/2020 5:00,20.901,0
9/8/2020 6:00,20.71,0
9/8/2020 7:00,20.615,204.5
9/8/2020 8:00,20.71,2325
9/8/2020 9:00,21.091,4994.5
9/8/2020 10:00,21.378,3788.9
9/8/2020 11:00,21.569,3788.9
9/8/2020 12:00,21.855,3788.9
9/8/2020 13:00,21.951,2497.2
9/8/2020 14:00,21.664,2669.5
9/8/2020 15:00,21.569,1054.9
9/8/2020 16:00,21.76,818.1
9/8/2020 17:00,21.76,731.9
9/8/2020 18:00,21.664,226
9/8/2020 19:00,21.473,118.4
9/8/2020 20:00,21.187,0
9/8/2020 21:00,20.996,0
9/8/2020 22:00,20.805,0
9/8/2020 23:00,20.615,0
9/9/2020 0:00,20.329,0
9/9/2020 1:00,20.138,0
9/9/2020 2:00,19.948,0
9/9/2020 3:00,19.662,0
9/9/2020 4:00,19.472,0
9/9/2020 5:00,19.282,0
9/9/2020 6:00,19.092,0
9/9/2020 7:00,18.901,150.7
9/9/2020 8:00,19.092,1550
9/9/2020 9:00,19.472,5166.7
9/9/2020 10:00,19.853,5511.1
9/9/2020 11:00,19.948,6544.5
9/9/2020 12:00,20.043,4650
9/9/2020 13:00,19.758,2669.5
9/9/2020 14:00,20.329,2755.6
9/9/2020 15:00,20.329,2411.1
9/9/2020 16:00,20.329,2152.8
9/9/2020 17:00,20.234,1216.3
9/9/2020 18:00,19.948,570.5
9/9/2020 19:00,19.758,139.9
9/9/2020 20:00,19.567,0
9/9/2020 21:00,19.377,0
9/9/2020 22:00,19.282,0
9/9/2020 23:00,19.092,0
9/10/2020 0:00,18.996,0
9/10/2020 1:00,18.806,0
9/10/2020 2:00,18.711,0
9/10/2020 3:00,18.521,0
9/10/2020 4:00,18.426,0
9/10/2020 5:00,18.236,0
9/10/2020 6:00,18.14,0
9/10/2020 7:00,17.95,129.2
9/10/2020 8:00,18.14,2066.7
9/10/2020 9:00,18.711,3444.5
9/10/2020 10:00,19.282,3788.9
9/10/2020 11:00,19.758,3616.7
9/10/2020 12:00,19.758,4477.8
9/10/2020 13:00,19.853,3616.7
9/10/2020 14:00,19.662,2583.4
9/10/2020 15:00,19.662,1808.3
9/10/2020 16:00,19.567,1463.9
9/10/2020 17:00,19.758,1054.9
9/10/2020 18:00,19.377,656.6
9/10/2020 19:00,19.187,139.9
9/10/2020 20:00,18.996,0
9/10/2020 21:00,18.806,0
9/10/2020 22:00,18.711,0
9/10/2020 23:00,18.521,0
9/11/2020 0:00,18.426,0
9/11/2020 1:00,18.236,0
9/11/2020 2:00,18.045,0
9/11/2020 3:00,17.95,0
9/11/2020 4:00,17.855,0
9/11/2020 5:00,17.76,0
9/11/2020 6:00,17.665,0
9/11/2020 7:00,17.57,118.4
9/11/2020 8:00,17.665,1302.4
9/11/2020 9:00,18.045,2669.5
9/11/2020 10:00,18.521,3272.2
9/11/2020 11:00,18.806,3100
9/11/2020 12:00,19.092,2755.6
9/11/2020 13:00,19.662,2669.5
9/11/2020 14:00,20.043,2927.8
9/11/2020 15:00,19.853,1636.1
9/11/2020 16:00,19.948,1291.7
9/11/2020 17:00,19.662,882.6
9/11/2020 18:00,19.567,527.4
9/11/2020 19:00,19.472,129.2
9/11/2020 20:00,19.187,0
9/11/2020 21:00,18.901,0
9/11/2020 22:00,18.711,0
9/11/2020 23:00,18.521,0
9/12/2020 0:00,18.426,0
9/12/2020 1:00,18.236,0
9/12/2020 2:00,18.14,0
9/12/2020 3:00,18.045,0
9/12/2020 4:00,17.95,0
9/12/2020 5:00,17.855,0
9/12/2020 6:00,17.665,0
9/12/2020 7:00,17.57,118.4
9/12/2020 8:00,17.665,1237.9
9/12/2020 9:00,18.045,2497.2
9/12/2020 10:00,18.426,3272.2
9/12/2020 11:00,18.901,3616.7
9/12/2020 12:00,19.282,3616.7
9/12/2020 13:00,19.662,3788.9
9/12/2020 14:00,19.662,2669.5
9/12/2020 15:00,19.472,2238.9
9/12/2020 16:00,19.662,1636.1
9/12/2020 17:00,19.282,1108.7
9/12/2020 18:00,19.377,645.8
9/12/2020 19:00,19.187,118.4
9/12/2020 20:00,18.806,0
9/12/2020 21:00,18.616,0
9/12/2020 22:00,18.426,0
9/12/2020 23:00,18.331,0
9/13/2020 0:00,18.236,0
9/13/2020 1:00,18.14,0
9/13/2020 2:00,17.95,0
9/13/2020 3:00,17.855,0
9/13/2020 4:00,17.76,0
9/13/2020 5:00,17.57,0
9/13/2020 6:00,17.475,0
9/13/2020 7:00,17.379,32.3
9/13/2020 8:00,17.379,925.7
9/13/2020 9:00,17.76,2238.9
9/13/2020 10:00,18.236,3788.9
9/13/2020 11:00,18.521,3272.2
9/13/2020 12:00,18.996,2927.8
9/13/2020 13:00,19.187,2927.8
9/13/2020 14:00,19.282,2152.8
9/13/2020 15:00,19.187,1636.1
9/13/2020 16:00,19.377,1377.8
9/13/2020 17:00,19.187,861.1
9/13/2020 18:00,18.996,441.3
9/13/2020 19:00,18.711,96.9
9/13/2020 20:00,18.521,0
9/13/2020 21:00,18.331,0
9/13/2020 22:00,18.14,0
9/13/2020 23:00,18.045,0
9/14/2020 0:00,17.855,0
9/14/2020 1:00,17.76,0
9/14/2020 2:00,17.57,0
9/14/2020 3:00,17.475,0
9/14/2020 4:00,17.379,0
9/14/2020 5:00,17.284,0
9/14/2020 6:00,17.094,0
9/14/2020 7:00,16.999,96.9
9/14/2020 8:00,17.189,1216.3
9/14/2020 9:00,17.379,1722.2
9/14/2020 10:00,17.95,2669.5
9/14/2020 11:00,18.236,2927.8
9/14/2020 12:00,18.616,4650
9/14/2020 13:00,18.711,3788.9
9/14/2020 14:00,18.901,2497.2
9/14/2020 15:00,18.616,1980.6
9/14/2020 16:00,18.616,1636.1
9/14/2020 17:00,18.616,1097.9
9/14/2020 18:00,18.331,678.1
9/14/2020 19:00,17.95,129.2
9/14/2020 20:00,17.95,0
9/14/2020 21:00,17.76,0
9/14/2020 22:00,17.57,0
9/14/2020 23:00,17.379,0
9/15/2020 0:00,17.284,0
9/15/2020 1:00,17.189,0
9/15/2020 2:00,16.999,0
9/15/2020 3:00,16.903,0
9/15/2020 4:00,16.713,0
9/15/2020 5:00,16.618,0
9/15/2020 6:00,16.523,0
9/15/2020 7:00,16.332,75.3
9/15/2020 8:00,16.618,1033.3
9/15/2020 9:00,16.999,3272.2
9/15/2020 10:00,17.379,2497.2
9/15/2020 11:00,17.855,3961.1
9/15/2020 12:00,18.331,3616.7
9/15/2020 13:00,18.616,3444.5
9/15/2020 14:00,18.521,2411.1
9/15/2020 15:00,18.616,1377.8
9/15/2020 16:00,18.521,1097.9
9/15/2020 17:00,18.711,516.7
9/15/2020 18:00,18.616,387.5
9/15/2020 19:00,18.14,86.1
9/15/2020 20:00,17.95,0
9/15/2020 21:00,17.76,0
9/15/2020 22:00,17.57,0
9/15/2020 23:00,17.475,0
9/16/2020 0:00,17.284,0
9/16/2020 1:00,17.094,0
9/16/2020 2:00,16.999,0
9/16/2020 3:00,16.808,0
9/16/2020 4:00,16.713,0
9/16/2020 5:00,16.523,0
9/16/2020 6:00,16.427,0
9/16/2020 7:00,16.332,75.3
9/16/2020 8:00,16.427,1194.8
9/16/2020 9:00,16.808,3100
9/16/2020 10:00,17.284,4477.8
9/16/2020 11:00,17.665,5338.9
9/16/2020 12:00,17.95,3961.1
9/16/2020 13:00,18.521,3272.2
9/16/2020 14:00,18.331,2497.2
9/16/2020 15:00,18.426,1980.6
9/16/2020 16:00,18.426,1636.1
9/16/2020 17:00,18.331,1097.9
9/16/2020 18:00,18.14,462.9
9/16/2020 19:00,17.76,86.1
9/16/2020 20:00,17.57,0
9/16/2020 21:00,17.379,0
9/16/2020 22:00,17.189,0
9/16/2020 23:00,17.094,0
9/17/2020 0:00,16.903,0
9/17/2020 1:00,16.808,0
9/17/2020 2:00,16.618,0
9/17/2020 3:00,16.523,0
9/17/2020 4:00,16.427,0
9/17/2020 5:00,16.237,0
9/17/2020 6:00,16.141,0
9/17/2020 7:00,16.046,75.3
9/17/2020 8:00,16.237,914.9
9/17/2020 9:00,16.808,1377.8
9/17/2020 10:00,17.284,3616.7
9/17/2020 11:00,17.475,3961.1
9/17/2020 12:00,17.76,2927.8
9/17/2020 13:00,18.14,4822.3
9/17/2020 14:00,18.14,2755.6
9/17/2020 15:00,17.665,1463.9
9/17/2020 16:00,18.045,1463.9
9/17/2020 17:00,18.045,1334.7
9/17/2020 18:00,17.95,570.5
9/17/2020 19:00,17.57,43.1
9/17/2020 20:00,17.475,0
9/17/2020 21:00,17.379,0
9/17/2020 22:00,17.284,0
9/17/2020 23:00,16.999,0
9/18/2020 0:00,16.903,0
9/18/2020 1:00,16.903,0
9/18/2020 2:00,16.808,0
9/18/2020 3:00,16.713,0
9/18/2020 4:00,16.618,0
9/18/2020 5:00,16.523,0
9/18/2020 6:00,16.427,0
9/18/2020 7:00,16.332,32.3
9/18/2020 8:00,16.332,688.9
9/18/2020 9:00,16.999,2152.8
9/18/2020 10:00,16.903,2238.9
9/18/2020 11:00,16.808,1550
9/18/2020 12:00,17.284,2927.8
9/18/2020 13:00,17.379,1980.6
9/18/2020 14:00,17.284,1550
9/18/2020 15:00,17.189,1550
9/18/2020 16:00,16.903,688.9
9/18/2020 17:00,16.903,484.4
9/18/2020 18:00,16.713,344.4
9/18/2020 19:00,16.523,43.1
9/18/2020 20:00,16.427,0
9/18/2020 21:00,16.332,0
9/18/2020 22:00,16.237,0
9/18/2020 23:00,16.141,0
9/19/2020 0:00,16.046,0
9/19/2020 1:00,15.951,0
9/19/2020 2:00,15.855,0
9/19/2020 3:00,15.76,0
9/19/2020 4:00,15.664,0
9/19/2020 5:00,15.569,0
9/19/2020 6:00,15.378,0
9/19/2020 7:00,15.282,75.3
9/19/2020 8:00,15.569,979.5
9/19/2020 9:00,16.046,1280.9
9/19/2020 10:00,16.427,1377.8
9/19/2020 11:00,16.999,2755.6
9/19/2020 12:00,17.379,4133.4
9/19/2020 13:00,17.76,2066.7
9/19/2020 14:00,17.284,1377.8
9/19/2020 15:00,17.665,936.5
9/19/2020 16:00,17.189,904.2
9/19/2020 17:00,16.999,516.7
9/19/2020 18:00,17.379,258.3
9/19/2020 19:00,17.094,64.6
9/19/2020 20:00,16.903,0
9/19/2020 21:00,16.713,0
9/19/2020 22:00,16.523,0
9/19/2020 23:00,16.332,0
9/20/2020 0:00,16.141,0
9/20/2020 1:00,16.046,0
9/20/2020 2:00,15.855,0
9/20/2020 3:00,15.76,0
9/20/2020 4:00,15.664,0
9/20/2020 5:00,15.569,0
9/20/2020 6:00,15.378,0
9/20/2020 7:00,15.282,53.8
9/20/2020 8:00,15.473,850.4
9/20/2020 9:00,15.855,1808.3
9/20/2020 10:00,16.427,1377.8
9/20/2020 11:00,16.903,2238.9
9/20/2020 12:00,17.379,2325
9/20/2020 13:00,17.95,3100
9/20/2020 14:00,18.14,2927.8
9/20/2020 15:00,17.76,1636.1
9/20/2020 16:00,17.95,516.7
9/20/2020 17:00,18.236,387.5
9/20/2020 18:00,18.14,204.5
9/20/2020 19:00,17.57,53.8
9/20/2020 20:00,17.475,0
9/20/2020 21:00,17.379,0
9/20/2020 22:00,17.189,0
9/20/2020 23:00,16.999,0
9/21/2020 0:00,16.808,0
9/21/2020 1:00,16.618,0
9/21/2020 2:00,16.332,0
9/21/2020 3:00,16.141,0
9/21/2020 4:00,16.046,0
9/21/2020 5:00,15.855,0
9/21/2020 6:00,15.76,0
9/21/2020 7:00,15.664,32.3
9/21/2020 8:00,15.76,796.5
9/21/2020 9:00,16.141,2152.8
9/21/2020 10:00,16.427,2152.8
9/21/2020 11:00,16.808,2238.9
9/21/2020 12:00,16.903,2238.9
9/21/2020 13:00,17.475,2066.7
9/21/2020 14:00,17.189,2066.7
9/21/2020 15:00,16.903,990.3
9/21/2020 16:00,17.475,1001
9/21/2020 17:00,17.57,1280.9
9/21/2020 18:00,17.475,419.8
9/21/2020 19:00,17.094,32.3
9/21/2020 20:00,16.903,0
9/21/2020 21:00,16.713,0
9/21/2020 22:00,16.618,0
9/21/2020 23:00,16.523,0
9/22/2020 0:00,16.332,0
9/22/2020 1:00,16.237,0
9/22/2020 2:00,16.141,0
9/22/2020 3:00,16.046,0
9/22/2020 4:00,15.855,0
9/22/2020 5:00,15.76,0
9/22/2020 6:00,15.76,0
9/22/2020 7:00,15.569,43.1
9/22/2020 8:00,15.76,1636.1
9/22/2020 9:00,16.427,2583.4
9/22/2020 10:00,16.903,3616.7
9/22/2020 11:00,17.379,3444.5
9/22/2020 12:00,17.379,2583.4
9/22/2020 13:00,17.094,1324
9/22/2020 14:00,17.57,4477.8
9/22/2020 15:00,17.379,1550
9/22/2020 16:00,17.189,1463.9
9/22/2020 17:00,17.284,1151.7
9/22/2020 18:00,17.094,775
9/22/2020 19:00,16.999,21.5
9/22/2020 20:00,16.808,0
9/22/2020 21:00,16.618,0
9/22/2020 22:00,16.523,0
9/22/2020 23:00,16.332,0
9/23/2020 0:00,16.237,0
9/23/2020 1:00,16.046,0
9/23/2020 2:00,15.951,0
9/23/2020 3:00,15.855,0
9/23/2020 4:00,15.664,0
9/23/2020 5:00,15.569,0
9/23/2020 6:00,15.473,0
9/23/2020 7:00,15.378,21.5
9/23/2020 8:00,15.378,549
9/23/2020 9:00,15.951,2927.8
9/23/2020 10:00,16.523,2927.8
9/23/2020 11:00,16.903,3788.9
9/23/2020 12:00,17.094,2238.9
9/23/2020 13:00,16.999,1636.1
9/23/2020 14:00,17.284,1550
9/23/2020 15:00,17.189,1636.1
9/23/2020 16:00,17.189,1259.4
9/23/2020 17:00,17.284,882.6
9/23/2020 18:00,17.094,656.6
9/23/2020 19:00,16.808,53.8
9/23/2020 20:00,16.618,0
9/23/2020 21:00,16.427,0
9/23/2020 22:00,16.237,0
9/23/2020 23:00,16.046,0
9/24/2020 0:00,15.855,0
9/24/2020 1:00,15.76,0
9/24/2020 2:00,15.664,0
9/24/2020 3:00,15.569,0
9/24/2020 4:00,15.378,0
9/24/2020 5:00,15.282,0
9/24/2020 6:00,15.187,0
9/24/2020 7:00,15.091,0
9/24/2020 8:00,15.187,624.3
9/24/2020 9:00,15.569,1636.1
9/24/2020 10:00,15.664,1184
9/24/2020 11:00,16.713,2927.8
9/24/2020 12:00,16.808,3788.9
9/24/2020 13:00,16.523,1722.2
9/24/2020 14:00,16.523,1463.9
9/24/2020 15:00,16.523,1044.1
9/24/2020 16:00,16.713,990.3
9/24/2020 17:00,16.618,785.8
9/24/2020 18:00,16.618,398.3
9/24/2020 19:00,16.618,21.5
9/24/2020 20:00,16.523,0
9/24/2020 21:00,16.332,0
9/24/2020 22:00,16.141,0
9/24/2020 23:00,16.046,0
9/25/2020 0:00,15.855,0
9/25/2020 1:00,15.76,0
9/25/2020 2:00,15.569,0
9/25/2020 3:00,15.473,0
9/25/2020 4:00,15.378,0
9/25/2020 5:00,15.378,0
9/25/2020 6:00,15.282,0
9/25/2020 7:00,15.187,21.5
9/25/2020 8:00,15.378,1377.8
9/25/2020 9:00,15.76,2066.7
9/25/2020 10:00,16.332,2066.7
9/25/2020 11:00,16.618,3272.2
9/25/2020 12:00,16.808,2066.7
9/25/2020 13:00,16.618,1377.8
9/25/2020 14:00,16.332,979.5
9/25/2020 15:00,16.618,1033.3
9/25/2020 16:00,16.903,1033.3
9/25/2020 17:00,16.999,764.2
9/25/2020 18:00,16.618,635.1
9/25/2020 19:00,16.523,0
9/25/2020 20:00,16.332,0
9/25/2020 21:00,16.427,0
9/25/2020 22:00,16.332,0
9/25/2020 23:00,16.141,0
9/26/2020 0:00,16.046,0
9/26/2020 1:00,15.951,0
9/26/2020 2:00,15.855,0
9/26/2020 3:00,15.664,0
9/26/2020 4:00,15.569,0
9/26/2020 5:00,15.473,0
9/26/2020 6:00,15.378,0
9/26/2020 7:00,15.282,10.8
9/26/2020 8:00,15.378,893.4
9/26/2020 9:00,15.951,1894.5
9/26/2020 10:00,16.427,1636.1
9/26/2020 11:00,16.713,4477.8
9/26/2020 12:00,17.094,2755.6
9/26/2020 13:00,16.808,1463.9
9/26/2020 14:00,17.094,1259.4
9/26/2020 15:00,16.999,1377.8
9/26/2020 16:00,16.999,462.9
9/26/2020 17:00,17.094,279.9
9/26/2020 18:00,16.808,150.7
9/26/2020 19:00,16.713,21.5
9/26/2020 20:00,16.523,0
9/26/2020 21:00,16.427,0
9/26/2020 22:00,16.237,0
9/26/2020 23:00,16.046,0
9/27/2020 0:00,15.951,0
9/27/2020 1:00,15.76,0
9/27/2020 2:00,15.76,0
9/27/2020 3:00,15.569,0
9/27/2020 4:00,15.473,0
9/27/2020 5:00,15.378,0
9/27/2020 6:00,15.282,0
9/27/2020 7:00,15.187,21.5
9/27/2020 8:00,15.282,1280.9
9/27/2020 9:00,15.855,3100
9/27/2020 10:00,16.332,3272.2
9/27/2020 11:00,16.713,2927.8
9/27/2020 12:00,16.903,2669.5
9/27/2020 13:00,16.903,2238.9
9/27/2020 14:00,17.284,2152.8
9/27/2020 15:00,16.903,592
9/27/2020 16:00,16.999,301.4
9/27/2020 17:00,17.379,247.6
9/27/2020 18:00,17.284,107.6
9/27/2020 19:00,16.999,10.8
9/27/2020 20:00,16.808,0
9/27/2020 21:00,16.523,0
9/27/2020 22:00,16.332,0
9/27/2020 23:00,16.237,0
9/28/2020 0:00,16.046,0
9/28/2020 1:00,15.951,0
9/28/2020 2:00,15.76,0
9/28/2020 3:00,15.664,0
9/28/2020 4:00,15.473,0
9/28/2020 5:00,15.378,0
9/28/2020 6:00,15.282,0
9/28/2020 7:00,15.187,21.5
9/28/2020 8:00,15.378,1808.3
9/28/2020 9:00,15.855,8266.7
9/28/2020 10:00,16.332,6200
9/28/2020 11:00,16.618,3272.2
9/28/2020 12:00,17.094,1722.2
9/28/2020 13:00,17.57,2238.9
9/28/2020 14:00,17.379,1636.1
9/28/2020 15:00,17.094,1636.1
9/28/2020 16:00,17.475,301.4
9/28/2020 17:00,17.57,204.5
9/28/2020 18:00,17.284,107.6
9/28/2020 19:00,17.189,0
9/28/2020 20:00,16.999,0
9/28/2020 21:00,16.808,0
9/28/2020 22:00,16.618,0
9/28/2020 23:00,16.427,0
9/29/2020 0:00,16.332,0
9/29/2020 1:00,16.141,0
9/29/2020 2:00,15.951,0
9/29/2020 3:00,15.855,0
9/29/2020 4:00,15.76,0
9/29/2020 5:00,15.664,0
9/29/2020 6:00,15.473,0
9/29/2020 7:00,15.378,10.8
9/29/2020 8:00,15.473,1065.6
9/29/2020 9:00,16.046,2411.1
9/29/2020 10:00,16.618,2497.2
9/29/2020 11:00,16.999,2152.8
9/29/2020 12:00,17.57,2927.8
9/29/2020 13:00,17.95,1980.6
9/29/2020 14:00,17.475,1550
9/29/2020 15:00,17.094,1636.1
9/29/2020 16:00,17.379,581.3
9/29/2020 17:00,17.379,366
9/29/2020 18:00,17.284,204.5
9/29/2020 19:00,17.094,0
9/29/2020 20:00,16.999,0
9/29/2020 21:00,16.808,0
9/29/2020 22:00,16.713,0
9/29/2020 23:00,16.618,0
9/30/2020 0:00,16.523,0
9/30/2020 1:00,16.427,0
9/30/2020 2:00,16.237,0
9/30/2020 3:00,16.141,0
9/30/2020 4:00,16.046,0
9/30/2020 5:00,15.855,0
9/30/2020 6:00,15.76,0
9/30/2020 7:00,15.664,0
9/30/2020 8:00,15.76,667.4
9/30/2020 9:00,16.141,2066.7
9/30/2020 10:00,16.713,3100
9/30/2020 11:00,17.189,3100
9/30/2020 12:00,17.379,2755.6
9/30/2020 13:00,17.284,1894.5
9/30/2020 14:00,17.855,4650
9/30/2020 15:00,17.95,1377.8
9/30/2020 16:00,18.045,775
9/30/2020 17:00,17.855,516.7
9/30/2020 18:00,17.57,236.8
9/30/2020 19:00,17.57,0
9/30/2020 20:00,17.379,0
9/30/2020 21:00,17.189,0
9/30/2020 22:00,17.094,0
9/30/2020 23:00,16.903,0
10/1/2020 0:00,16.808,0
10/1/2020 1:00,16.618,0
10/1/2020 2:00,16.523,0
10/1/2020 3:00,16.332,0
10/1/2020 4:00,16.237,0
10/1/2020 5:00,16.141,0
10/1/2020 6:00,16.046,0
10/1/2020 7:00,15.951,0
10/1/2020 8:00,16.046,828.8
10/1/2020 9:00,16.523,2583.4
10/1/2020 10:00,17.189,2669.5
10/1/2020 11:00,17.57,2238.9
10/1/2020 12:00,17.95,4822.3
10/1/2020 13:00,18.426,1808.3
10/1/2020 14:00,18.521,6200
10/1/2020 15:00,18.901,1119.5
10/1/2020 16:00,18.426,559.7
10/1/2020 17:00,18.806,333.7
10/1/2020 18:00,18.901,226
10/1/2020 19:00,17.76,0
10/1/2020 20:00,17.95,0
10/1/2020 21:00,17.855,0
10/1/2020 22:00,17.57,0
10/1/2020 23:00,17.379,0
10/2/2020 0:00,17.189,0
10/2/2020 1:00,17.094,0
10/2/2020 2:00,16.903,0
10/2/2020 3:00,16.808,0
10/2/2020 4:00,16.618,0
10/2/2020 5:00,16.523,0
10/2/2020 6:00,16.332,0
10/2/2020 7:00,16.237,10.8
10/2/2020 8:00,16.332,882.6
10/2/2020 9:00,16.713,2411.1
10/2/2020 10:00,17.189,3788.9
10/2/2020 11:00,17.57,4133.4
10/2/2020 12:00,17.855,2927.8
10/2/2020 13:00,18.521,2927.8
10/2/2020 14:00,18.521,1980.6
10/2/2020 15:00,18.711,1722.2
10/2/2020 16:00,18.616,904.2
10/2/2020 17:00,18.616,645.8
10/2/2020 18:00,18.236,312.2
10/2/2020 19:00,17.855,0
10/2/2020 20:00,17.855,0
10/2/2020 21:00,17.57,0
10/2/2020 22:00,17.379,0
10/2/2020 23:00,17.284,0
10/3/2020 0:00,17.094,0
10/3/2020 1:00,16.903,0
10/3/2020 2:00,16.808,0
10/3/2020 3:00,16.713,0
10/3/2020 4:00,16.523,0
10/3/2020 5:00,16.427,0
10/3/2020 6:00,16.332,0
10/3/2020 7:00,16.237,0
10/3/2020 8:00,16.332,699.7
10/3/2020 9:00,16.713,1808.3
10/3/2020 10:00,17.284,2927.8
10/3/2020 11:00,17.665,2583.4
10/3/2020 12:00,18.14,3961.1
10/3/2020 13:00,18.331,2066.7
10/3/2020 14:00,18.426,2066.7
10/3/2020 15:00,17.95,947.2
10/3/2020 16:00,17.855,936.5
10/3/2020 17:00,17.95,538.2
10/3/2020 18:00,18.045,236.8
10/3/2020 19:00,17.855,0
10/3/2020 20:00,17.855,0
10/3/2020 21:00,17.665,0
10/3/2020 22:00,17.57,0
10/3/2020 23:00,17.379,0
10/4/2020 0:00,17.189,0
10/4/2020 1:00,16.999,0
10/4/2020 2:00,16.808,0
10/4/2020 3:00,16.618,0
10/4/2020 4:00,16.523,0
10/4/2020 5:00,16.332,0
10/4/2020 6:00,16.237,0
10/4/2020 7:00,16.141,0
10/4/2020 8:00,16.046,279.9
10/4/2020 9:00,16.141,1087.2
10/4/2020 10:00,16.523,2152.8
10/4/2020 11:00,16.903,2755.6
10/4/2020 12:00,16.808,2669.5
10/4/2020 13:00,16.808,2927.8
10/4/2020 14:00,17.094,2325
10/4/2020 15:00,17.189,1808.3
10/4/2020 16:00,17.189,1205.6
10/4/2020 17:00,17.189,807.3
10/4/2020 18:00,16.903,258.3
10/4/2020 19:00,16.713,0
10/4/2020 20:00,16.523,0
10/4/2020 21:00,16.427,0
10/4/2020 22:00,16.332,0
10/4/2020 23:00,16.237,0
10/5/2020 0:00,16.141,0
10/5/2020 1:00,15.951,0
10/5/2020 2:00,15.855,0
10/5/2020 3:00,15.76,0
10/5/2020 4:00,15.664,0
10/5/2020 5:00,15.473,0
10/5/2020 6:00,15.378,0
10/5/2020 7:00,15.187,0
10/5/2020 8:00,15.282,678.1
10/5/2020 9:00,15.664,1894.5
10/5/2020 10:00,16.237,1722.2
10/5/2020 11:00,16.618,4305.6
10/5/2020 12:00,16.999,3616.7
10/5/2020 13:00,17.189,2755.6
10/5/2020 14:00,17.189,2927.8
10/5/2020 15:00,17.57,1377.8
10/5/2020 16:00,17.189,818.1
10/5/2020 17:00,17.284,527.4
10/5/2020 18:00,16.903,279.9
10/5/2020 19:00,16.808,0
10/5/2020 20:00,16.713,0
10/5/2020 21:00,16.523,0
10/5/2020 22:00,16.332,0
10/5/2020 23:00,16.141,0
10/6/2020 0:00,15.951,0
10/6/2020 1:00,15.76,0
10/6/2020 2:00,15.664,0
10/6/2020 3:00,15.473,0
10/6/2020 4:00,15.378,0
10/6/2020 5:00,15.282,0
10/6/2020 6:00,15.187,0
10/6/2020 7:00,15.091,0
10/6/2020 8:00,15.091,699.7
10/6/2020 9:00,15.664,2066.7
10/6/2020 10:00,16.237,2325
10/6/2020 11:00,16.523,1980.6
10/6/2020 12:00,16.713,3100
10/6/2020 13:00,17.189,1722.2
10/6/2020 14:00,16.808,1894.5
10/6/2020 15:00,16.808,925.7
10/6/2020 16:00,17.094,419.8
10/6/2020 17:00,17.094,322.9
10/6/2020 18:00,16.999,183
10/6/2020 19:00,16.999,0
10/6/2020 20:00,16.523,0
10/6/2020 21:00,16.141,0
10/6/2020 22:00,16.046,0
10/6/2020 23:00,15.855,0
10/7/2020 0:00,15.664,0
10/7/2020 1:00,15.569,0
10/7/2020 2:00,15.473,0
10/7/2020 3:00,15.282,0
10/7/2020 4:00,15.187,0
10/7/2020 5:00,15.091,0
10/7/2020 6:00,14.9,0
10/7/2020 7:00,14.804,0
10/7/2020 8:00,14.9,688.9
10/7/2020 9:00,15.378,2152.8
10/7/2020 10:00,15.855,2325
10/7/2020 11:00,16.141,4477.8
10/7/2020 12:00,16.523,3272.2
10/7/2020 13:00,16.427,2669.5
10/7/2020 14:00,16.618,2411.1
10/7/2020 15:00,16.427,1194.8
10/7/2020 16:00,16.713,516.7
10/7/2020 17:00,16.427,312.2
10/7/2020 18:00,16.237,172.2
10/7/2020 19:00,16.046,0
10/7/2020 20:00,15.855,0
10/7/2020 21:00,15.76,0
10/7/2020 22:00,15.664,0
10/7/2020 23:00,15.569,0
10/8/2020 0:00,15.378,0
10/8/2020 1:00,15.282,0
10/8/2020 2:00,15.091,0
10/8/2020 3:00,14.996,0
10/8/2020 4:00,14.9,0
10/8/2020 5:00,14.709,0
10/8/2020 6:00,14.613,0
10/8/2020 7:00,14.517,0
10/8/2020 8:00,14.421,484.4
10/8/2020 9:00,14.709,1313.2
10/8/2020 10:00,15.187,2583.4
10/8/2020 11:00,15.187,1894.5
10/8/2020 12:00,15.951,2927.8
10/8/2020 13:00,16.046,2497.2
10/8/2020 14:00,15.378,2669.5
10/8/2020 15:00,15.569,1980.6
10/8/2020 16:00,15.473,1259.4
10/8/2020 17:00,15.282,473.6
10/8/2020 18:00,15.187,193.8
10/8/2020 19:00,15.187,0
10/8/2020 20:00,15.091,0
10/8/2020 21:00,14.9,0
10/8/2020 22:00,14.804,0
10/8/2020 23:00,14.709,0
10/9/2020 0:00,14.613,0
10/9/2020 1:00,14.517,0
10/9/2020 2:00,14.421,0
10/9/2020 3:00,14.23,0
10/9/2020 4:00,14.038,0
10/9/2020 5:00,13.942,0
10/9/2020 6:00,13.75,0
10/9/2020 7:00,13.654,0
10/9/2020 8:00,13.654,462.9
10/9/2020 9:00,14.038,1216.3
10/9/2020 10:00,14.517,2755.6
10/9/2020 11:00,14.9,3272.2
10/9/2020 12:00,14.996,2755.6
10/9/2020 13:00,15.378,1377.8
10/9/2020 14:00,14.9,602.8
10/9/2020 15:00,14.804,1808.3
10/9/2020 16:00,15.282,333.7
10/9/2020 17:00,15.282,312.2
10/9/2020 18:00,15.187,409
10/9/2020 19:00,14.996,0
10/9/2020 20:00,14.804,0
10/9/2020 21:00,14.613,0
10/9/2020 22:00,14.517,0
10/9/2020 23:00,14.325,0
10/10/2020 0:00,14.134,0
10/10/2020 1:00,14.038,0
10/10/2020 2:00,13.942,0
10/10/2020 3:00,13.846,0
10/10/2020 4:00,13.75,0
10/10/2020 5:00,13.654,0
10/10/2020 6:00,13.558,0
10/10/2020 7:00,13.461,0
10/10/2020 8:00,13.365,86.1
10/10/2020 9:00,13.269,247.6
10/10/2020 10:00,13.269,312.2
10/10/2020 11:00,13.269,355.2
10/10/2020 12:00,13.173,344.4
10/10/2020 13:00,13.173,516.7
