date_time,solar_rad,,,,
8/23/2020 17:00,254.16,,,,
8/23/2020 17:15,380.09,,,,
8/23/2020 17:30,330.18,,,,
8/23/2020 17:45,92.009,,,,
8/23/2020 18:00,56.11,,,,
8/23/2020 18:15,84.391,,,,
8/23/2020 18:30,66.068,,,,
8/23/2020 18:45,34.462,,,,
8/23/2020 19:00,37.533,,,,
8/23/2020 19:15,25.367,,,,
8/23/2020 19:30,23.043,,,,
8/23/2020 19:45,9.6105,,,,
8/23/2020 20:00,2.5116,,,,
8/23/2020 20:15,0.22025,,,,
8/23/2020 20:30,0.0054181,,,,
8/23/2020 20:45,0.00065674,,,,
8/23/2020 21:00,0.00016418,,,,
8/23/2020 21:15,8.21E-05,,,,
8/23/2020 21:30,8.21E-05,,,,
8/23/2020 21:45,0,,,,
8/23/2020 22:00,8.21E-05,,,,
8/23/2020 22:15,8.21E-05,,,,
8/23/2020 22:30,8.21E-05,,,,
8/23/2020 22:45,8.21E-05,,,,
8/23/2020 23:00,8.21E-05,,,,
8/23/2020 23:15,0,,,,
8/23/2020 23:30,0,,,,
8/23/2020 23:45,0,,,,
8/24/2020 0:00,8.21E-05,,,,
8/24/2020 0:15,0,,,,
8/24/2020 0:30,8.21E-05,,,,
8/24/2020 0:45,0,,,,
8/24/2020 1:00,8.21E-05,,,,
8/24/2020 1:15,0,,,,
8/24/2020 1:30,8.21E-05,,,,
8/24/2020 1:45,0,,,,
8/24/2020 2:00,0,,,,
8/24/2020 2:15,0,,,,
8/24/2020 2:30,0,,,,
8/24/2020 2:45,8.21E-05,,,,
8/24/2020 3:00,0,,,,
8/24/2020 3:15,0,,,,
8/24/2020 3:30,0,,,,
8/24/2020 3:45,0,,,,
8/24/2020 4:00,-8.21E-05,,,,
8/24/2020 4:15,0,,,,
8/24/2020 4:30,0,,,,
8/24/2020 4:45,0,,,,
8/24/2020 5:00,0,,,,
8/24/2020 5:15,0,,,,
8/24/2020 5:30,8.21E-05,,,,
8/24/2020 5:45,0.00016418,,,,
8/24/2020 6:00,0.0054181,,,,
8/24/2020 6:15,0.23585,,,,
8/24/2020 6:30,1.7408,,,,
8/24/2020 6:45,8.7945,,,,
8/24/2020 7:00,15.714,,,,
8/24/2020 7:15,21.287,,,,
8/24/2020 7:30,52.244,,,,
8/24/2020 7:45,53.056,,,,
8/24/2020 8:00,80.565,,,,
8/24/2020 8:15,126.45,,,,
8/24/2020 8:30,180.03,,,,
8/24/2020 8:45,170.01,,,,
8/24/2020 9:00,197.1,,,,
8/24/2020 9:15,172.23,,,,
8/24/2020 9:30,170.75,,,,
8/24/2020 9:45,212.45,,,,
8/24/2020 10:00,141.47,,,,
8/24/2020 10:15,167.45,,,,
8/24/2020 10:30,169.93,,,,
8/24/2020 10:45,241.84,,,,
8/24/2020 11:00,267.7,,,,
8/24/2020 11:15,454.87,,,,
8/24/2020 11:30,285.11,,,,
8/24/2020 11:45,231.01,,,,
8/24/2020 12:00,287.08,,,,
8/24/2020 12:15,474.17,,,,
8/24/2020 12:30,602.31,,,,
8/24/2020 12:45,956.79,,,,
8/24/2020 13:00,607.65,,,,
8/24/2020 13:15,502.49,,,,
8/24/2020 13:30,214.34,,,,
8/24/2020 13:45,253.99,,,,
8/24/2020 14:00,310.23,,,,
8/24/2020 14:15,296.52,,,,
8/24/2020 14:30,307.19,,,,
8/24/2020 14:45,999.47,,,,
8/24/2020 15:00,345.2,,,,
8/24/2020 15:15,844.4,,,,
8/24/2020 15:30,413.58,,,,
8/24/2020 15:45,358.83,,,,
8/24/2020 16:00,661.75,,,,
8/24/2020 16:15,596.56,,,,
8/24/2020 16:30,604.36,,,,
8/24/2020 16:45,376.64,,,,
8/24/2020 17:00,206.87,,,,
8/24/2020 17:15,222.31,,,,
8/24/2020 17:30,261.55,,,,
8/24/2020 17:45,186.35,,,,
8/24/2020 18:00,144.83,,,,
8/24/2020 18:15,128.62,,,,
8/24/2020 18:30,106.9,,,,
8/24/2020 18:45,39.954,,,,
8/24/2020 19:00,42.015,,,,
8/24/2020 19:15,19.234,,,,
8/24/2020 19:30,9.2526,,,,
8/24/2020 19:45,3.3018,,,,
8/24/2020 20:00,0.79391,,,,
8/24/2020 20:15,0.055494,,,,
8/24/2020 20:30,0.0013956,,,,
8/24/2020 20:45,0.00024628,,,,
8/24/2020 21:00,8.21E-05,,,,
8/24/2020 21:15,8.21E-05,,,,
8/24/2020 21:30,8.21E-05,,,,
8/24/2020 21:45,0,,,,
8/24/2020 22:00,8.21E-05,,,,
8/24/2020 22:15,0,,,,
8/24/2020 22:30,8.21E-05,,,,
8/24/2020 22:45,8.21E-05,,,,
8/24/2020 23:00,0,,,,
8/24/2020 23:15,0,,,,
8/24/2020 23:30,0,,,,
8/24/2020 23:45,8.21E-05,,,,
8/25/2020 0:00,0,,,,
8/25/2020 0:15,0,,,,
8/25/2020 0:30,0,,,,
8/25/2020 0:45,0,,,,
8/25/2020 1:00,0,,,,
8/25/2020 1:15,0,,,,
8/25/2020 1:30,0,,,,
8/25/2020 1:45,0,,,,
8/25/2020 2:00,8.21E-05,,,,
8/25/2020 2:15,0,,,,
8/25/2020 2:30,0,,,,
8/25/2020 2:45,0,,,,
8/25/2020 3:00,0,,,,
8/25/2020 3:15,0,,,,
8/25/2020 3:30,0,,,,
8/25/2020 3:45,8.21E-05,,,,
8/25/2020 4:00,0,,,,
8/25/2020 4:15,0,,,,
8/25/2020 4:30,0,,,,
8/25/2020 4:45,0,,,,
8/25/2020 5:00,0,,,,
8/25/2020 5:15,8.21E-05,,,,
8/25/2020 5:30,8.21E-05,,,,
8/25/2020 5:45,0.00065674,,,,
8/25/2020 6:00,0.011411,,,,
8/25/2020 6:15,0.37533,,,,
8/25/2020 6:30,2.5156,,,,
8/25/2020 6:45,11.027,,,,
8/25/2020 7:00,25.588,,,,
8/25/2020 7:15,46.423,,,,
8/25/2020 7:30,64.057,,,,
8/25/2020 7:45,82.511,,,,
8/25/2020 8:00,104.08,,,,
8/25/2020 8:15,122.97,,,,
8/25/2020 8:30,154.22,,,,
8/25/2020 8:45,215.74,,,,
8/25/2020 9:00,193.08,,,,
8/25/2020 9:15,235.77,,,,
8/25/2020 9:30,458.73,,,,
8/25/2020 9:45,515.62,,,,
8/25/2020 10:00,581.95,,,,
8/25/2020 10:15,617.83,,,,
8/25/2020 10:30,697.37,,,,
8/25/2020 10:45,596.07,,,,
8/25/2020 11:00,627.68,,,,
8/25/2020 11:15,738.99,,,,
8/25/2020 11:30,772.82,,,,
8/25/2020 11:45,725.04,,,,
8/25/2020 12:00,596.89,,,,
8/25/2020 12:15,900.47,,,,
8/25/2020 12:30,755.25,,,,
8/25/2020 12:45,756.64,,,,
8/25/2020 13:00,763.29,,,,
8/25/2020 13:15,820.51,,,,
8/25/2020 13:30,860.98,,,,
8/25/2020 13:45,750.24,,,,
8/25/2020 14:00,799.58,,,,
8/25/2020 14:15,842.43,,,,
8/25/2020 14:30,815.59,,,,
8/25/2020 14:45,774.21,,,,
8/25/2020 15:00,740.14,,,,
8/25/2020 15:15,722.33,,,,
8/25/2020 15:30,678.08,,,,
8/25/2020 15:45,649.19,,,,
8/25/2020 16:00,634.33,,,,
8/25/2020 16:15,643.85,,,,
8/25/2020 16:30,551.58,,,,
8/25/2020 16:45,474.41,,,,
8/25/2020 17:00,348.32,,,,
8/25/2020 17:15,311.79,,,,
8/25/2020 17:30,295.29,,,,
8/25/2020 17:45,105.37,,,,
8/25/2020 18:00,93.175,,,,
8/25/2020 18:15,78.809,,,,
8/25/2020 18:30,67.439,,,,
8/25/2020 18:45,53.229,,,,
8/25/2020 19:00,37.746,,,,
8/25/2020 19:15,25.72,,,,
8/25/2020 19:30,12.806,,,,
8/25/2020 19:45,5.3779,,,,
8/25/2020 20:00,1.3128,,,,
8/25/2020 20:15,0.098675,,,,
8/25/2020 20:30,0.0036942,,,,
8/25/2020 20:45,0.00032837,,,,
8/25/2020 21:00,0.00016418,,,,
8/25/2020 21:15,0.00016418,,,,
8/25/2020 21:30,8.21E-05,,,,
8/25/2020 21:45,8.21E-05,,,,
8/25/2020 22:00,8.21E-05,,,,
8/25/2020 22:15,8.21E-05,,,,
8/25/2020 22:30,8.21E-05,,,,
8/25/2020 22:45,8.21E-05,,,,
8/25/2020 23:00,8.21E-05,,,,
8/25/2020 23:15,8.21E-05,,,,
8/25/2020 23:30,8.21E-05,,,,
8/25/2020 23:45,0,,,,
8/26/2020 0:00,8.21E-05,,,,
8/26/2020 0:15,8.21E-05,,,,
8/26/2020 0:30,8.21E-05,,,,
8/26/2020 0:45,0,,,,
8/26/2020 1:00,8.21E-05,,,,
8/26/2020 1:15,8.21E-05,,,,
8/26/2020 1:30,0,,,,
8/26/2020 1:45,0,,,,
8/26/2020 2:00,0,,,,
8/26/2020 2:15,8.21E-05,,,,
8/26/2020 2:30,8.21E-05,,,,
8/26/2020 2:45,0,,,,
8/26/2020 3:00,0,,,,
8/26/2020 3:15,0,,,,
8/26/2020 3:30,0,,,,
8/26/2020 3:45,0,,,,
8/26/2020 4:00,0,,,,
8/26/2020 4:15,0,,,,
8/26/2020 4:30,0,,,,
8/26/2020 4:45,0,,,,
8/26/2020 5:00,0,,,,
8/26/2020 5:15,0,,,,
8/26/2020 5:30,8.21E-05,,,,
8/26/2020 5:45,0.00082092,,,,
8/26/2020 6:00,0.014038,,,,
8/26/2020 6:15,0.53106,,,,
8/26/2020 6:30,3.0579,,,,
8/26/2020 6:45,9.3651,,,,
8/26/2020 7:00,25.432,,,,
8/26/2020 7:15,47.096,,,,
8/26/2020 7:30,71.658,,,,
8/26/2020 7:45,92.781,,,,
8/26/2020 8:00,111.23,,,,
8/26/2020 8:15,136.35,,,,
8/26/2020 8:30,186.92,,,,
8/26/2020 8:45,246.77,,,,
8/26/2020 9:00,211.96,,,,
8/26/2020 9:15,288.64,,,,
8/26/2020 9:30,370.4,,,,
8/26/2020 9:45,414.89,,,,
8/26/2020 10:00,444.04,,,,
8/26/2020 10:15,452.74,,,,
8/26/2020 10:30,523.67,,,,
8/26/2020 10:45,512.99,,,,
8/26/2020 11:00,531.71,,,,
8/26/2020 11:15,501.99,,,,
8/26/2020 11:30,550.84,,,,
8/26/2020 11:45,610.52,,,,
8/26/2020 12:00,698.19,,,,
8/26/2020 12:15,771.42,,,,
8/26/2020 12:30,728.57,,,,
8/26/2020 12:45,783.82,,,,
8/26/2020 13:00,852.12,,,,
8/26/2020 13:15,824.45,,,,
8/26/2020 13:30,859.75,,,,
8/26/2020 13:45,852.36,,,,
8/26/2020 14:00,797.36,,,,
8/26/2020 14:15,721.84,,,,
8/26/2020 14:30,775.36,,,,
8/26/2020 14:45,620.7,,,,
8/26/2020 15:00,626.77,,,,
8/26/2020 15:15,580.97,,,,
8/26/2020 15:30,647.05,,,,
8/26/2020 15:45,622.75,,,,
8/26/2020 16:00,525.8,,,,
8/26/2020 16:15,511.68,,,,
8/26/2020 16:30,471.13,,,,
8/26/2020 16:45,438.37,,,,
8/26/2020 17:00,340.03,,,,
8/26/2020 17:15,211.14,,,,
8/26/2020 17:30,236.43,,,,
8/26/2020 17:45,159.44,,,,
8/26/2020 18:00,136.49,,,,
8/26/2020 18:15,110.04,,,,
8/26/2020 18:30,101.29,,,,
8/26/2020 18:45,68.235,,,,
8/26/2020 19:00,48.984,,,,
8/26/2020 19:15,44.297,,,,
8/26/2020 19:30,23.462,,,,
8/26/2020 19:45,8.4235,,,,
8/26/2020 20:00,1.6894,,,,
8/26/2020 20:15,0.058696,,,,
8/26/2020 20:30,0.0027911,,,,
8/26/2020 20:45,0.00032837,,,,
8/26/2020 21:00,0.00016418,,,,
8/26/2020 21:15,8.21E-05,,,,
8/26/2020 21:30,0.00016418,,,,
8/26/2020 21:45,0.00016418,,,,
8/26/2020 22:00,8.21E-05,,,,
8/26/2020 22:15,0.00016418,,,,
8/26/2020 22:30,0.00016418,,,,
8/26/2020 22:45,8.21E-05,,,,
8/26/2020 23:00,8.21E-05,,,,
8/26/2020 23:15,8.21E-05,,,,
8/26/2020 23:30,8.21E-05,,,,
8/26/2020 23:45,0,,,,
8/27/2020 0:00,0,,,,
8/27/2020 0:15,8.21E-05,,,,
8/27/2020 0:30,0,,,,
8/27/2020 0:45,8.21E-05,,,,
8/27/2020 1:00,0,,,,
8/27/2020 1:15,0,,,,
8/27/2020 1:30,0,,,,
8/27/2020 1:45,0,,,,
8/27/2020 2:00,0,,,,
8/27/2020 2:15,0,,,,
8/27/2020 2:30,0,,,,
8/27/2020 2:45,0,,,,
8/27/2020 3:00,0,,,,
8/27/2020 3:15,0,,,,
8/27/2020 3:30,0,,,,
8/27/2020 3:45,0,,,,
8/27/2020 4:00,0,,,,
8/27/2020 4:15,8.21E-05,,,,
8/27/2020 4:30,0,,,,
8/27/2020 4:45,0,,,,
8/27/2020 5:00,8.21E-05,,,,
8/27/2020 5:15,8.21E-05,,,,
8/27/2020 5:30,8.21E-05,,,,
8/27/2020 5:45,0.00049255,,,,
8/27/2020 6:00,0.010344,,,,
8/27/2020 6:15,0.3117,,,,
8/27/2020 6:30,3.1056,,,,
8/27/2020 6:45,12.398,,,,
8/27/2020 7:00,31.072,,,,
8/27/2020 7:15,51.25,,,,
8/27/2020 7:30,72.701,,,,
8/27/2020 7:45,91.993,,,,
8/27/2020 8:00,110.73,,,,
8/27/2020 8:15,126.22,,,,
8/27/2020 8:30,290.69,,,,
8/27/2020 8:45,351.93,,,,
8/27/2020 9:00,213.11,,,,
8/27/2020 9:15,465.3,,,,
8/27/2020 9:30,495.18,,,,
8/27/2020 9:45,516.52,,,,
8/27/2020 10:00,565.86,,,,
8/27/2020 10:15,614.05,,,,
8/27/2020 10:30,682.1,,,,
8/27/2020 10:45,727.5,,,,
8/27/2020 11:00,762.47,,,,
8/27/2020 11:15,794.16,,,,
8/27/2020 11:30,822.24,,,,
8/27/2020 11:45,838.65,,,,
8/27/2020 12:00,855.07,,,,
8/27/2020 12:15,863.69,,,,
8/27/2020 12:30,886.19,,,,
8/27/2020 12:45,895.05,,,,
8/27/2020 13:00,904.41,,,,
8/27/2020 13:15,913.03,,,,
8/27/2020 13:30,919.11,,,,
8/27/2020 13:45,910.32,,,,
8/27/2020 14:00,903.59,,,,
8/27/2020 14:15,905.31,,,,
8/27/2020 14:30,888.4,,,,
8/27/2020 14:45,832.09,,,,
8/27/2020 15:00,808.77,,,,
8/27/2020 15:15,758.37,,,,
8/27/2020 15:30,725.04,,,,
8/27/2020 15:45,702.05,,,,
8/27/2020 16:00,642.62,,,,
8/27/2020 16:15,604.94,,,,
8/27/2020 16:30,553.71,,,,
8/27/2020 16:45,472.52,,,,
8/27/2020 17:00,419.74,,,,
8/27/2020 17:15,128.43,,,,
8/27/2020 17:30,327.22,,,,
8/27/2020 17:45,87.207,,,,
8/27/2020 18:00,73.932,,,,
8/27/2020 18:15,63.983,,,,
8/27/2020 18:30,55.388,,,,
8/27/2020 18:45,43.542,,,,
8/27/2020 19:00,32.804,,,,
8/27/2020 19:15,22.887,,,,
8/27/2020 19:30,12.999,,,,
8/27/2020 19:45,4.6908,,,,
8/27/2020 20:00,1.1233,,,,
8/27/2020 20:15,0.051143,,,,
8/27/2020 20:30,0.0025449,,,,
8/27/2020 20:45,0.00057465,,,,
8/27/2020 21:00,0.00032837,,,,
8/27/2020 21:15,0.00032837,,,,
8/27/2020 21:30,0.00032837,,,,
8/27/2020 21:45,0.00032837,,,,
8/27/2020 22:00,0.00032837,,,,
8/27/2020 22:15,0.00032837,,,,
8/27/2020 22:30,0.00032837,,,,
8/27/2020 22:45,0.00024628,,,,
8/27/2020 23:00,0.00024628,,,,
8/27/2020 23:15,8.21E-05,,,,
8/27/2020 23:30,8.21E-05,,,,
8/27/2020 23:45,8.21E-05,,,,
8/28/2020 0:00,8.21E-05,,,,
8/28/2020 0:15,8.21E-05,,,,
8/28/2020 0:30,8.21E-05,,,,
8/28/2020 0:45,8.21E-05,,,,
8/28/2020 1:00,8.21E-05,,,,
8/28/2020 1:15,8.21E-05,,,,
8/28/2020 1:30,0,,,,
8/28/2020 1:45,0,,,,
8/28/2020 2:00,0,,,,
8/28/2020 2:15,0,,,,
8/28/2020 2:30,0,,,,
8/28/2020 2:45,0,,,,
8/28/2020 3:00,0,,,,
8/28/2020 3:15,8.21E-05,,,,
8/28/2020 3:30,0,,,,
8/28/2020 3:45,0,,,,
8/28/2020 4:00,0,,,,
8/28/2020 4:15,0,,,,
8/28/2020 4:30,8.21E-05,,,,
8/28/2020 4:45,0,,,,
8/28/2020 5:00,0,,,,
8/28/2020 5:15,0,,,,
8/28/2020 5:30,8.21E-05,,,,
8/28/2020 5:45,0.00073883,,,,
8/28/2020 6:00,0.012232,,,,
8/28/2020 6:15,0.38403,,,,
8/28/2020 6:30,3.0965,,,,
8/28/2020 6:45,11.268,,,,
8/28/2020 7:00,23.519,,,,
8/28/2020 7:15,35.973,,,,
8/28/2020 7:30,49.255,,,,
8/28/2020 7:45,59.402,,,,
8/28/2020 8:00,68.317,,,,
8/28/2020 8:15,77.865,,,,
8/28/2020 8:30,284.37,,,,
8/28/2020 8:45,374.34,,,,
8/28/2020 9:00,103.17,,,,
8/28/2020 9:15,506.1,,,,
8/28/2020 9:30,551,,,,
8/28/2020 9:45,603.38,,,,
8/28/2020 10:00,646.39,,,,
8/28/2020 10:15,693.52,,,,
8/28/2020 10:30,735.71,,,,
8/28/2020 10:45,771.67,,,,
8/28/2020 11:00,811.4,,,,
8/28/2020 11:15,841.45,,,,
8/28/2020 11:30,871.49,,,,
8/28/2020 11:45,896.53,,,,
8/28/2020 12:00,918.37,,,,
8/28/2020 12:15,940.61,,,,
8/28/2020 12:30,944.55,,,,
8/28/2020 12:45,951.61,,,,
8/28/2020 13:00,954.73,,,,
8/28/2020 13:15,958.43,,,,
8/28/2020 13:30,959.49,,,,
8/28/2020 13:45,945.62,,,,
8/28/2020 14:00,932.4,,,,
8/28/2020 14:15,921.65,,,,
8/28/2020 14:30,894.81,,,,
8/28/2020 14:45,840.95,,,,
8/28/2020 15:00,843.99,,,,
8/28/2020 15:15,809.02,,,,
8/28/2020 15:30,774.54,,,,
8/28/2020 15:45,726.68,,,,
8/28/2020 16:00,683.66,,,,
8/28/2020 16:15,638.19,,,,
8/28/2020 16:30,590.9,,,,
8/28/2020 16:45,441.98,,,,
8/28/2020 17:00,480.73,,,,
8/28/2020 17:15,96.59,,,,
8/28/2020 17:30,376.97,,,,
8/28/2020 17:45,65.945,,,,
8/28/2020 18:00,58.614,,,,
8/28/2020 18:15,52.326,,,,
8/28/2020 18:30,44.248,,,,
8/28/2020 18:45,39.421,,,,
8/28/2020 19:00,31.302,,,,
8/28/2020 19:15,22.912,,,,
8/28/2020 19:30,13.401,,,,
8/28/2020 19:45,4.4084,,,,
8/28/2020 20:00,0.87346,,,,
8/28/2020 20:15,0.033576,,,,
8/28/2020 20:30,0.0019702,,,,
8/28/2020 20:45,0.00057465,,,,
8/28/2020 21:00,0.00049255,,,,
8/28/2020 21:15,0.00049255,,,,
8/28/2020 21:30,0.00049255,,,,
8/28/2020 21:45,0.00049255,,,,
8/28/2020 22:00,0.00049255,,,,
8/28/2020 22:15,0.00049255,,,,
8/28/2020 22:30,0.00049255,,,,
8/28/2020 22:45,0.00049255,,,,
8/28/2020 23:00,0.00049255,,,,
8/28/2020 23:15,0.00041046,,,,
8/28/2020 23:30,0.00049255,,,,
8/28/2020 23:45,0.00041046,,,,
8/29/2020 0:00,0.00032837,,,,
8/29/2020 0:15,0.00024628,,,,
8/29/2020 0:30,0,,,,
8/29/2020 0:45,8.21E-05,,,,
8/29/2020 1:00,8.21E-05,,,,
8/29/2020 1:15,8.21E-05,,,,
8/29/2020 1:30,8.21E-05,,,,
8/29/2020 1:45,8.21E-05,,,,
8/29/2020 2:00,8.21E-05,,,,
8/29/2020 2:15,8.21E-05,,,,
8/29/2020 2:30,0,,,,
8/29/2020 2:45,0,,,,
8/29/2020 3:00,8.21E-05,,,,
8/29/2020 3:15,0,,,,
8/29/2020 3:30,0,,,,
8/29/2020 3:45,0,,,,
8/29/2020 4:00,8.21E-05,,,,
8/29/2020 4:15,8.21E-05,,,,
8/29/2020 4:30,0,,,,
8/29/2020 4:45,0,,,,
8/29/2020 5:00,8.21E-05,,,,
8/29/2020 5:15,0,,,,
8/29/2020 5:30,8.21E-05,,,,
8/29/2020 5:45,0.00049255,,,,
8/29/2020 6:00,0.0095227,,,,
8/29/2020 6:15,0.3924,,,,
8/29/2020 6:30,2.8043,,,,
8/29/2020 6:45,14.31,,,,
8/29/2020 7:00,30.949,,,,
8/29/2020 7:15,50.766,,,,
8/29/2020 7:30,74.712,,,,
8/29/2020 7:45,88.389,,,,
8/29/2020 8:00,101.25,,,,
8/29/2020 8:15,118.26,,,,
8/29/2020 8:30,242.66,,,,
8/29/2020 8:45,233.55,,,,
8/29/2020 9:00,190.95,,,,
8/29/2020 9:15,428.44,,,,
8/29/2020 9:30,430.74,,,,
8/29/2020 9:45,492.47,,,,
8/29/2020 10:00,518.99,,,,
8/29/2020 10:15,554.37,,,,
8/29/2020 10:30,586.71,,,,
8/29/2020 10:45,576.53,,,,
8/29/2020 11:00,614.87,,,,
8/29/2020 11:15,736.04,,,,
8/29/2020 11:30,725.78,,,,
8/29/2020 11:45,715.6,,,,
8/29/2020 12:00,767.73,,,,
8/29/2020 12:15,851.87,,,,
8/29/2020 12:30,875.51,,,,
8/29/2020 12:45,924.93,,,,
8/29/2020 13:00,852.69,,,,
8/29/2020 13:15,886.68,,,,
8/29/2020 13:30,887.25,,,,
8/29/2020 13:45,858.6,,,,
8/29/2020 14:00,881.1,,,,
8/29/2020 14:15,842.18,,,,
8/29/2020 14:30,846.7,,,,
8/29/2020 14:45,822.24,,,,
8/29/2020 15:00,793.01,,,,
8/29/2020 15:15,774.05,,,,
8/29/2020 15:30,733.91,,,,
8/29/2020 15:45,685.39,,,,
8/29/2020 16:00,641.06,,,,
8/29/2020 16:15,601.9,,,,
8/29/2020 16:30,549.77,,,,
8/29/2020 16:45,427.21,,,,
8/29/2020 17:00,452.49,,,,
8/29/2020 17:15,138.52,,,,
8/29/2020 17:30,318.19,,,,
8/29/2020 17:45,78.39,,,,
8/29/2020 18:00,68.703,,,,
8/29/2020 18:15,62.957,,,,
8/29/2020 18:30,58.187,,,,
8/29/2020 18:45,50.569,,,,
8/29/2020 19:00,39.289,,,,
8/29/2020 19:15,28.24,,,,
8/29/2020 19:30,15.588,,,,
8/29/2020 19:45,3.979,,,,
8/29/2020 20:00,0.67193,,,,
8/29/2020 20:15,0.024464,,,,
8/29/2020 20:30,0.0017239,,,,
8/29/2020 20:45,0.00057465,,,,
8/29/2020 21:00,0.00057465,,,,
8/29/2020 21:15,0.00057465,,,,
8/29/2020 21:30,0.00057465,,,,
8/29/2020 21:45,0.00057465,,,,
8/29/2020 22:00,0.00065674,,,,
8/29/2020 22:15,0.00065674,,,,
8/29/2020 22:30,0.00065674,,,,
8/29/2020 22:45,0.00065674,,,,
8/29/2020 23:00,0.00073883,,,,
8/29/2020 23:15,0.00073883,,,,
8/29/2020 23:30,0.00065674,,,,
8/29/2020 23:45,0.00065674,,,,
8/30/2020 0:00,0.00065674,,,,
8/30/2020 0:15,0.00057465,,,,
8/30/2020 0:30,0.00057465,,,,
8/30/2020 0:45,0.00057465,,,,
8/30/2020 1:00,0.00057465,,,,
8/30/2020 1:15,8.21E-05,,,,
8/30/2020 1:30,0.00016418,,,,
8/30/2020 1:45,0.00032837,,,,
8/30/2020 2:00,8.21E-05,,,,
8/30/2020 2:15,8.21E-05,,,,
8/30/2020 2:30,8.21E-05,,,,
8/30/2020 2:45,8.21E-05,,,,
8/30/2020 3:00,8.21E-05,,,,
8/30/2020 3:15,0,,,,
8/30/2020 3:30,0,,,,
8/30/2020 3:45,0,,,,
8/30/2020 4:00,0,,,,
8/30/2020 4:15,8.21E-05,,,,
8/30/2020 4:30,0,,,,
8/30/2020 4:45,0,,,,
8/30/2020 5:00,0,,,,
8/30/2020 5:15,0,,,,
8/30/2020 5:30,8.21E-05,,,,
8/30/2020 5:45,0.00041046,,,,
8/30/2020 6:00,0.0082913,,,,
8/30/2020 6:15,0.34257,,,,
8/30/2020 6:30,2.8757,,,,
8/30/2020 6:45,8.366,,,,
8/30/2020 7:00,13.835,,,,
8/30/2020 7:15,17.937,,,,
8/30/2020 7:30,25.202,,,,
8/30/2020 7:45,32.024,,,,
8/30/2020 8:00,32.197,,,,
8/30/2020 8:15,92.042,,,,
8/30/2020 8:30,345.53,,,,
8/30/2020 8:45,49.658,,,,
8/30/2020 9:00,123.37,,,,
8/30/2020 9:15,570.13,,,,
8/30/2020 9:30,609.12,,,,
8/30/2020 9:45,653.29,,,,
8/30/2020 10:00,694.66,,,,
8/30/2020 10:15,737.27,,,,
8/30/2020 10:30,780.62,,,,
8/30/2020 10:45,817.15,,,,
8/30/2020 11:00,847.6,,,,
8/30/2020 11:15,878.63,,,,
8/30/2020 11:30,902.93,,,,
8/30/2020 11:45,926.17,,,,
8/30/2020 12:00,944.47,,,,
8/30/2020 12:15,957.11,,,,
8/30/2020 12:30,972.88,,,,
8/30/2020 12:45,979.77,,,,
8/30/2020 13:00,981.25,,,,
8/30/2020 13:15,984.12,,,,
8/30/2020 13:30,978.62,,,,
8/30/2020 13:45,971.07,,,,
8/30/2020 14:00,952.11,,,,
8/30/2020 14:15,938.48,,,,
8/30/2020 14:30,924.77,,,,
8/30/2020 14:45,902.44,,,,
8/30/2020 15:00,872.97,,,,
8/30/2020 15:15,839.72,,,,
8/30/2020 15:30,808.36,,,,
8/30/2020 15:45,769.62,,,,
8/30/2020 16:00,730.38,,,,
8/30/2020 16:15,688.59,,,,
8/30/2020 16:30,640.65,,,,
8/30/2020 16:45,327.63,,,,
8/30/2020 17:00,541.32,,,,
8/30/2020 17:15,60.338,,,,
8/30/2020 17:30,434.92,,,,
8/30/2020 17:45,22.699,,,,
8/30/2020 18:00,19.026,,,,
8/30/2020 18:15,18.121,,,,
8/30/2020 18:30,16.8,,,,
8/30/2020 18:45,15.356,,,,
8/30/2020 19:00,13.629,,,,
8/30/2020 19:15,11.176,,,,
8/30/2020 19:30,7.6666,,,,
8/30/2020 19:45,2.9873,,,,
8/30/2020 20:00,0.41793,,,,
8/30/2020 20:15,0.0090302,,,,
8/30/2020 20:30,0.00082092,,,,
8/30/2020 20:45,0.00057465,,,,
8/30/2020 21:00,0.00065674,,,,
8/30/2020 21:15,0.00065674,,,,
8/30/2020 21:30,0.00073883,,,,
8/30/2020 21:45,0.00073883,,,,
8/30/2020 22:00,0.00082092,,,,
8/30/2020 22:15,0.00073883,,,,
8/30/2020 22:30,0.00090302,,,,
8/30/2020 22:45,0.00098511,,,,
8/30/2020 23:00,0.00090302,,,,
8/30/2020 23:15,0.00090302,,,,
8/30/2020 23:30,0.00090302,,,,
8/30/2020 23:45,0.0011493,,,,
8/31/2020 0:00,0.00065674,,,,
8/31/2020 0:15,0.00098511,,,,
8/31/2020 0:30,0.00090302,,,,
8/31/2020 0:45,0.00090302,,,,
8/31/2020 1:00,0.00090302,,,,
8/31/2020 1:15,0.00082092,,,,
8/31/2020 1:30,0.00082092,,,,
8/31/2020 1:45,0.00090302,,,,
8/31/2020 2:00,0.00032837,,,,
8/31/2020 2:15,0.00032837,,,,
8/31/2020 2:30,0.00024628,,,,
8/31/2020 2:45,0.00024628,,,,
8/31/2020 3:00,0.00016418,,,,
8/31/2020 3:15,0.00016418,,,,
8/31/2020 3:30,8.21E-05,,,,
8/31/2020 3:45,0,,,,
8/31/2020 4:00,0,,,,
8/31/2020 4:15,0,,,,
8/31/2020 4:30,0,,,,
8/31/2020 4:45,0,,,,
8/31/2020 5:00,8.21E-05,,,,
8/31/2020 5:15,0,,,,
8/31/2020 5:30,8.21E-05,,,,
8/31/2020 5:45,0.00024628,,,,
8/31/2020 6:00,0.0042688,,,,
8/31/2020 6:15,0.093175,,,,
8/31/2020 6:30,2.4202,,,,
8/31/2020 6:45,4.74,,,,
8/31/2020 7:00,8.3644,,,,
8/31/2020 7:15,12.14,,,,
8/31/2020 7:30,15.76,,,,
8/31/2020 7:45,27.09,,,,
8/31/2020 8:00,39.527,,,,
8/31/2020 8:15,62.538,,,,
8/31/2020 8:30,306.94,,,,
8/31/2020 8:45,92.428,,,,
8/31/2020 9:00,160.97,,,,
8/31/2020 9:15,545.34,,,,
8/31/2020 9:30,619.71,,,,
8/31/2020 9:45,645.57,,,,
8/31/2020 10:00,673.4,,,,
8/31/2020 10:15,727.83,,,,
8/31/2020 10:30,753.77,,,,
8/31/2020 10:45,810.5,,,,
8/31/2020 11:00,830.69,,,,
8/31/2020 11:15,866.65,,,,
8/31/2020 11:30,867.22,,,,
8/31/2020 11:45,886.51,,,,
8/31/2020 12:00,931.83,,,,
8/31/2020 12:15,923.62,,,,
8/31/2020 12:30,935.77,,,,
8/31/2020 12:45,958.35,,,,
8/31/2020 13:00,967.29,,,,
8/31/2020 13:15,966.97,,,,
8/31/2020 13:30,959,,,,
8/31/2020 13:45,946.61,,,,
8/31/2020 14:00,949.07,,,,
8/31/2020 14:15,536.14,,,,
8/31/2020 14:30,909.83,,,,
8/31/2020 14:45,768.47,,,,
8/31/2020 15:00,871,,,,
8/31/2020 15:15,850.31,,,,
8/31/2020 15:30,803.36,,,,
8/31/2020 15:45,749.17,,,,
8/31/2020 16:00,734.07,,,,
8/31/2020 16:15,663.8,,,,
8/31/2020 16:30,644.1,,,,
8/31/2020 16:45,180.6,,,,
8/31/2020 17:00,525.64,,,,
8/31/2020 17:15,127.04,,,,
8/31/2020 17:30,404.96,,,,
8/31/2020 17:45,28.839,,,,
8/31/2020 18:00,21.393,,,,
8/31/2020 18:15,18.779,,,,
8/31/2020 18:30,16.946,,,,
8/31/2020 18:45,15.268,,,,
8/31/2020 19:00,13.503,,,,
8/31/2020 19:15,10.78,,,,
8/31/2020 19:30,7.2627,,,,
8/31/2020 19:45,2.9422,,,,
8/31/2020 20:00,0.31704,,,,
8/31/2020 20:15,0.0090302,,,,
8/31/2020 20:30,0.00090302,,,,
8/31/2020 20:45,0.00024628,,,,
8/31/2020 21:00,0.00016418,,,,
8/31/2020 21:15,8.21E-05,,,,
8/31/2020 21:30,8.21E-05,,,,
8/31/2020 21:45,0.00082092,,,,
8/31/2020 22:00,0.00090302,,,,
8/31/2020 22:15,0.00098511,,,,
8/31/2020 22:30,0.0010672,,,,
8/31/2020 22:45,0.0011493,,,,
8/31/2020 23:00,0.0011493,,,,
8/31/2020 23:15,0.0012314,,,,
8/31/2020 23:30,0.0013135,,,,
8/31/2020 23:45,0.0013135,,,,
9/1/2020 0:00,0.0013135,,,,
9/1/2020 0:15,0.0013135,,,,
9/1/2020 0:30,0.0013956,,,,
9/1/2020 0:45,0.0013135,,,,
9/1/2020 1:00,0.0013135,,,,
9/1/2020 1:15,0.0013135,,,,
9/1/2020 1:30,0.0012314,,,,
9/1/2020 1:45,0.0012314,,,,
9/1/2020 2:00,0.00098511,,,,
9/1/2020 2:15,0.0011493,,,,
9/1/2020 2:30,0.0010672,,,,
9/1/2020 2:45,0.00090302,,,,
9/1/2020 3:00,0.0010672,,,,
9/1/2020 3:15,0.00090302,,,,
9/1/2020 3:30,0.00082092,,,,
9/1/2020 3:45,0.00082092,,,,
9/1/2020 4:00,0.00073883,,,,
9/1/2020 4:15,0.00032837,,,,
9/1/2020 4:30,8.21E-05,,,,
9/1/2020 4:45,8.21E-05,,,,
9/1/2020 5:00,8.21E-05,,,,
9/1/2020 5:15,8.21E-05,,,,
9/1/2020 5:30,8.21E-05,,,,
9/1/2020 5:45,0.00065674,,,,
9/1/2020 6:00,0.0090302,,,,
9/1/2020 6:15,0.2329,,,,
9/1/2020 6:30,3.2558,,,,
9/1/2020 6:45,7.8841,,,,
9/1/2020 7:00,13.252,,,,
9/1/2020 7:15,19.651,,,,
9/1/2020 7:30,26.36,,,,
9/1/2020 7:45,33.362,,,,
9/1/2020 8:00,43.164,,,,
9/1/2020 8:15,57.826,,,,
9/1/2020 8:30,210.57,,,,
9/1/2020 8:45,61.98,,,,
9/1/2020 9:00,69.228,,,,
9/1/2020 9:15,549.61,,,,
9/1/2020 9:30,590.57,,,,
9/1/2020 9:45,634.33,,,,
9/1/2020 10:00,685.22,,,,
9/1/2020 10:15,729.47,,,,
9/1/2020 10:30,772.32,,,,
9/1/2020 10:45,808.28,,,,
9/1/2020 11:00,839.97,,,,
9/1/2020 11:15,869.44,,,,
9/1/2020 11:30,894.64,,,,
9/1/2020 11:45,918.04,,,,
9/1/2020 12:00,935.61,,,,
9/1/2020 12:15,944.39,,,,
9/1/2020 12:30,956.79,,,,
9/1/2020 12:45,964.09,,,,
9/1/2020 13:00,976.32,,,,
9/1/2020 13:15,975.34,,,,
9/1/2020 13:30,973.45,,,,
9/1/2020 13:45,962.53,,,,
9/1/2020 14:00,957.28,,,,
9/1/2020 14:15,46.719,,,,
9/1/2020 14:30,882,,,,
9/1/2020 14:45,835.12,,,,
9/1/2020 15:00,870.34,,,,
9/1/2020 15:15,834.63,,,,
9/1/2020 15:30,802.29,,,,
9/1/2020 15:45,765.67,,,,
9/1/2020 16:00,718.47,,,,
9/1/2020 16:15,677.18,,,,
9/1/2020 16:30,627.27,,,,
9/1/2020 16:45,116.56,,,,
9/1/2020 17:00,529.25,,,,
9/1/2020 17:15,129.13,,,,
9/1/2020 17:30,325.58,,,,
9/1/2020 17:45,22.436,,,,
9/1/2020 18:00,19.496,,,,
9/1/2020 18:15,18.345,,,,
9/1/2020 18:30,17.065,,,,
9/1/2020 18:45,15.347,,,,
9/1/2020 19:00,13.203,,,,
9/1/2020 19:15,10.466,,,,
9/1/2020 19:30,6.7841,,,,
9/1/2020 19:45,2.5287,,,,
9/1/2020 20:00,0.25892,,,,
9/1/2020 20:15,0.0060748,,,,
9/1/2020 20:30,0.00049255,,,,
9/1/2020 20:45,8.21E-05,,,,
9/1/2020 21:00,8.21E-05,,,,
9/1/2020 21:15,0.00016418,,,,
9/1/2020 21:30,0.00024628,,,,
9/1/2020 21:45,0.00065674,,,,
9/1/2020 22:00,0.00016418,,,,
9/1/2020 22:15,0.00016418,,,,
9/1/2020 22:30,0.0011493,,,,
9/1/2020 22:45,0.0013135,,,,
9/1/2020 23:00,0.0013956,,,,
9/1/2020 23:15,0.0014777,,,,
9/1/2020 23:30,0.0015598,,,,
9/1/2020 23:45,0.0015598,,,,
9/2/2020 0:00,0.0016418,,,,
9/2/2020 0:15,0.0017239,,,,
9/2/2020 0:30,0.0017239,,,,
9/2/2020 0:45,0.001806,,,,
9/2/2020 1:00,0.001806,,,,
9/2/2020 1:15,0.001806,,,,
9/2/2020 1:30,0.001806,,,,
9/2/2020 1:45,0.001806,,,,
9/2/2020 2:00,0.0017239,,,,
9/2/2020 2:15,0.0017239,,,,
9/2/2020 2:30,0.0016418,,,,
9/2/2020 2:45,0.0016418,,,,
9/2/2020 3:00,0.0015598,,,,
9/2/2020 3:15,0.00090302,,,,
9/2/2020 3:30,0.0014777,,,,
9/2/2020 3:45,0.0013956,,,,
9/2/2020 4:00,0.0012314,,,,
9/2/2020 4:15,0.0011493,,,,
9/2/2020 4:30,0.0010672,,,,
9/2/2020 4:45,0.00098511,,,,
9/2/2020 5:00,0.00082092,,,,
9/2/2020 5:15,0.00024628,,,,
9/2/2020 5:30,8.21E-05,,,,
9/2/2020 5:45,0.00049255,,,,
9/2/2020 6:00,0.0050897,,,,
9/2/2020 6:15,0.14071,,,,
9/2/2020 6:30,1.9973,,,,
9/2/2020 6:45,7.3571,,,,
9/2/2020 7:00,12.622,,,,
9/2/2020 7:15,16.851,,,,
9/2/2020 7:30,22.116,,,,
9/2/2020 7:45,28.092,,,,
9/2/2020 8:00,50.438,,,,
9/2/2020 8:15,45.29,,,,
9/2/2020 8:30,168.77,,,,
9/2/2020 8:45,48.344,,,,
9/2/2020 9:00,94.858,,,,
9/2/2020 9:15,535.32,,,,
9/2/2020 9:30,577.6,,,,
9/2/2020 9:45,626.36,,,,
9/2/2020 10:00,671.93,,,,
9/2/2020 10:15,715.93,,,,
9/2/2020 10:30,757.22,,,,
9/2/2020 10:45,793.91,,,,
9/2/2020 11:00,829.46,,,,
9/2/2020 11:15,858.52,,,,
9/2/2020 11:30,884.71,,,,
9/2/2020 11:45,911.39,,,,
9/2/2020 12:00,929.28,,,,
9/2/2020 12:15,945.62,,,,
9/2/2020 12:30,953.34,,,,
9/2/2020 12:45,961.96,,,,
9/2/2020 13:00,966.06,,,,
9/2/2020 13:15,965.41,,,,
9/2/2020 13:30,959.91,,,,
9/2/2020 13:45,954.65,,,,
9/2/2020 14:00,945.29,,,,
9/2/2020 14:15,926.49,,,,
9/2/2020 14:30,906.79,,,,
9/2/2020 14:45,407.18,,,,
9/2/2020 15:00,855.48,,,,
9/2/2020 15:15,825.44,,,,
9/2/2020 15:30,791.04,,,,
9/2/2020 15:45,747.86,,,,
9/2/2020 16:00,709.28,,,,
9/2/2020 16:15,663.39,,,,
9/2/2020 16:30,617.33,,,,
9/2/2020 16:45,218.86,,,,
9/2/2020 17:00,517.43,,,,
9/2/2020 17:15,243.16,,,,
9/2/2020 17:30,58.236,,,,
9/2/2020 17:45,26.779,,,,
9/2/2020 18:00,23.856,,,,
9/2/2020 18:15,22.649,,,,
9/2/2020 18:30,21.262,,,,
9/2/2020 18:45,19.46,,,,
9/2/2020 19:00,16.267,,,,
9/2/2020 19:15,12.27,,,,
9/2/2020 19:30,7.0345,,,,
9/2/2020 19:45,2.0524,,,,
9/2/2020 20:00,0.15573,,,,
9/2/2020 20:15,0.0041867,,,,
9/2/2020 20:30,0.00032837,,,,
9/2/2020 20:45,8.21E-05,,,,
9/2/2020 21:00,8.21E-05,,,,
9/2/2020 21:15,8.21E-05,,,,
9/2/2020 21:30,8.21E-05,,,,
9/2/2020 21:45,0.00016418,,,,
9/2/2020 22:00,0.00016418,,,,
9/2/2020 22:15,0.00024628,,,,
9/2/2020 22:30,0.00032837,,,,
9/2/2020 22:45,0.00090302,,,,
9/2/2020 23:00,0.00024628,,,,
9/2/2020 23:15,0.00082092,,,,
9/2/2020 23:30,0.0010672,,,,
9/2/2020 23:45,0.0012314,,,,
9/3/2020 0:00,0.0012314,,,,
9/3/2020 0:15,0.0013135,,,,
9/3/2020 0:30,0.0013135,,,,
9/3/2020 0:45,0.0013956,,,,
9/3/2020 1:00,0.0014777,,,,
9/3/2020 1:15,0.0014777,,,,
9/3/2020 1:30,0.0014777,,,,
9/3/2020 1:45,0.0014777,,,,
9/3/2020 2:00,0.0014777,,,,
9/3/2020 2:15,0.0014777,,,,
9/3/2020 2:30,0.0014777,,,,
9/3/2020 2:45,0.0014777,,,,
9/3/2020 3:00,0.0013956,,,,
9/3/2020 3:15,0.0013956,,,,
9/3/2020 3:30,0.00016418,,,,
9/3/2020 3:45,0.0013135,,,,
9/3/2020 4:00,0.0012314,,,,
9/3/2020 4:15,0.0011493,,,,
9/3/2020 4:30,0.0011493,,,,
9/3/2020 4:45,0.0010672,,,,
9/3/2020 5:00,0.00098511,,,,
9/3/2020 5:15,0.00090302,,,,
9/3/2020 5:30,0.00082092,,,,
9/3/2020 5:45,0.00098511,,,,
9/3/2020 6:00,0.0042688,,,,
9/3/2020 6:15,0.10762,,,,
9/3/2020 6:30,1.7898,,,,
9/3/2020 6:45,7.651,,,,
9/3/2020 7:00,15.026,,,,
9/3/2020 7:15,22.165,,,,
9/3/2020 7:30,28.215,,,,
9/3/2020 7:45,35.505,,,,
9/3/2020 8:00,46.021,,,,
9/3/2020 8:15,61.126,,,,
9/3/2020 8:30,170.67,,,,
9/3/2020 8:45,81.042,,,,
9/3/2020 9:00,74.786,,,,
9/3/2020 9:15,516.85,,,,
9/3/2020 9:30,564.14,,,,
9/3/2020 9:45,612.82,,,,
9/3/2020 10:00,656.98,,,,
9/3/2020 10:15,703.28,,,,
9/3/2020 10:30,743.02,,,,
9/3/2020 10:45,781.6,,,,
9/3/2020 11:00,816.24,,,,
9/3/2020 11:15,844.73,,,,
9/3/2020 11:30,874.86,,,,
9/3/2020 11:45,901.54,,,,
9/3/2020 12:00,919.19,,,,
9/3/2020 12:15,931.42,,,,
9/3/2020 12:30,946.61,,,,
9/3/2020 12:45,954.24,,,,
9/3/2020 13:00,954.32,,,,
9/3/2020 13:15,955.8,,,,
9/3/2020 13:30,948.08,,,,
9/3/2020 13:45,937.17,,,,
9/3/2020 14:00,927.31,,,,
9/3/2020 14:15,918.2,,,,
9/3/2020 14:30,894.23,,,,
9/3/2020 14:45,226.49,,,,
9/3/2020 15:00,843.74,,,,
9/3/2020 15:15,800.73,,,,
9/3/2020 15:30,767.64,,,,
9/3/2020 15:45,727.83,,,,
9/3/2020 16:00,685.96,,,,
9/3/2020 16:15,636.22,,,,
9/3/2020 16:30,599.27,,,,
9/3/2020 16:45,380.58,,,,
9/3/2020 17:00,489.93,,,,
9/3/2020 17:15,104.21,,,,
9/3/2020 17:30,64.754,,,,
9/3/2020 17:45,34.274,,,,
9/3/2020 18:00,29.832,,,,
9/3/2020 18:15,27.575,,,,
9/3/2020 18:30,25.211,,,,
9/3/2020 18:45,21.82,,,,
9/3/2020 19:00,17.574,,,,
9/3/2020 19:15,12.636,,,,
9/3/2020 19:30,6.2431,,,,
9/3/2020 19:45,1.5969,,,,
9/3/2020 20:00,0.10385,,,,
9/3/2020 20:15,0.0032016,,,,
9/3/2020 20:30,0.00024628,,,,
9/3/2020 20:45,8.21E-05,,,,
9/3/2020 21:00,8.21E-05,,,,
9/3/2020 21:15,8.21E-05,,,,
9/3/2020 21:30,8.21E-05,,,,
9/3/2020 21:45,8.21E-05,,,,
9/3/2020 22:00,8.21E-05,,,,
9/3/2020 22:15,0.00032837,,,,
9/3/2020 22:30,0.00041046,,,,
9/3/2020 22:45,0.00049255,,,,
9/3/2020 23:00,0.00057465,,,,
9/3/2020 23:15,0.00065674,,,,
9/3/2020 23:30,0.00073883,,,,
9/3/2020 23:45,0.00082092,,,,
9/4/2020 0:00,0.00090302,,,,
9/4/2020 0:15,0.00090302,,,,
9/4/2020 0:30,0.00098511,,,,
9/4/2020 0:45,0.00098511,,,,
9/4/2020 1:00,0.0010672,,,,
9/4/2020 1:15,0.0010672,,,,
9/4/2020 1:30,0.0010672,,,,
9/4/2020 1:45,0.0011493,,,,
9/4/2020 2:00,0.0011493,,,,
9/4/2020 2:15,0.0011493,,,,
9/4/2020 2:30,0.0011493,,,,
9/4/2020 2:45,0.0011493,,,,
9/4/2020 3:00,0.0011493,,,,
9/4/2020 3:15,0.0011493,,,,
9/4/2020 3:30,0.0011493,,,,
9/4/2020 3:45,0.0011493,,,,
9/4/2020 4:00,0.0011493,,,,
9/4/2020 4:15,0.00024628,,,,
9/4/2020 4:30,0.0010672,,,,
9/4/2020 4:45,0.00098511,,,,
9/4/2020 5:00,0.00098511,,,,
9/4/2020 5:15,0.00090302,,,,
9/4/2020 5:30,0.00082092,,,,
9/4/2020 5:45,0.00090302,,,,
9/4/2020 6:00,0.0036121,,,,
9/4/2020 6:15,0.090958,,,,
9/4/2020 6:30,1.3749,,,,
9/4/2020 6:45,6.0436,,,,
9/4/2020 7:00,19.013,,,,
9/4/2020 7:15,36.285,,,,
9/4/2020 7:30,57.366,,,,
9/4/2020 7:45,74.031,,,,
9/4/2020 8:00,88.282,,,,
9/4/2020 8:15,110.96,,,,
9/4/2020 8:30,182.57,,,,
9/4/2020 8:45,151.45,,,,
9/4/2020 9:00,224.44,,,,
9/4/2020 9:15,414.07,,,,
9/4/2020 9:30,480.4,,,,
9/4/2020 9:45,528.84,,,,
9/4/2020 10:00,584.83,,,,
9/4/2020 10:15,577.85,,,,
9/4/2020 10:30,654.28,,,,
9/4/2020 10:45,690.4,,,,
9/4/2020 11:00,726.52,,,,
9/4/2020 11:15,762.88,,,,
9/4/2020 11:30,794.49,,,,
9/4/2020 11:45,829.05,,,,
9/4/2020 12:00,850.31,,,,
9/4/2020 12:15,865.42,,,,
9/4/2020 12:30,897.43,,,,
9/4/2020 12:45,865.01,,,,
9/4/2020 13:00,847.36,,,,
9/4/2020 13:15,851.79,,,,
9/4/2020 13:30,844.15,,,,
9/4/2020 13:45,828.15,,,,
9/4/2020 14:00,822.07,,,,
9/4/2020 14:15,315.89,,,,
9/4/2020 14:30,717.81,,,,
9/4/2020 14:45,506.67,,,,
9/4/2020 15:00,674.14,,,,
9/4/2020 15:15,645.66,,,,
9/4/2020 15:30,595.17,,,,
9/4/2020 15:45,581.95,,,,
9/4/2020 16:00,542.96,,,,
9/4/2020 16:15,486.89,,,,
9/4/2020 16:30,421.46,,,,
9/4/2020 16:45,329.52,,,,
9/4/2020 17:00,323.61,,,,
9/4/2020 17:15,153.51,,,,
9/4/2020 17:30,121.86,,,,
9/4/2020 17:45,59.295,,,,
9/4/2020 18:00,87.001,,,,
9/4/2020 18:15,57.842,,,,
9/4/2020 18:30,55.421,,,,
9/4/2020 18:45,23.856,,,,
9/4/2020 19:00,16.618,,,,
9/4/2020 19:15,11.353,,,,
9/4/2020 19:30,3.1917,,,,
9/4/2020 19:45,0.80697,,,,
9/4/2020 20:00,0.042113,,,,
9/4/2020 20:15,0.0013956,,,,
9/4/2020 20:30,0.00016418,,,,
9/4/2020 20:45,0,,,,
9/4/2020 21:00,0,,,,
9/4/2020 21:15,8.21E-05,,,,
9/4/2020 21:30,0,,,,
9/4/2020 21:45,8.21E-05,,,,
9/4/2020 22:00,8.21E-05,,,,
9/4/2020 22:15,8.21E-05,,,,
9/4/2020 22:30,0.00016418,,,,
9/4/2020 22:45,0.00016418,,,,
9/4/2020 23:00,0.00024628,,,,
9/4/2020 23:15,0.00032837,,,,
9/4/2020 23:30,0.00041046,,,,
9/4/2020 23:45,0.00049255,,,,
9/5/2020 0:00,0.00057465,,,,
9/5/2020 0:15,0.00065674,,,,
9/5/2020 0:30,0.00065674,,,,
9/5/2020 0:45,0.00073883,,,,
9/5/2020 1:00,0.00073883,,,,
9/5/2020 1:15,0.00073883,,,,
9/5/2020 1:30,0.00057465,,,,
9/5/2020 1:45,0.00065674,,,,
9/5/2020 2:00,0.00065674,,,,
9/5/2020 2:15,0.00073883,,,,
9/5/2020 2:30,0.00073883,,,,
9/5/2020 2:45,0.00082092,,,,
9/5/2020 3:00,0.00082092,,,,
9/5/2020 3:15,0.00082092,,,,
9/5/2020 3:30,0.00065674,,,,
9/5/2020 3:45,0.00057465,,,,
9/5/2020 4:00,0.00065674,,,,
9/5/2020 4:15,0.00065674,,,,
9/5/2020 4:30,0.00073883,,,,
9/5/2020 4:45,0.00032837,,,,
9/5/2020 5:00,0.00073883,,,,
9/5/2020 5:15,0.00065674,,,,
9/5/2020 5:30,0.00065674,,,,
9/5/2020 5:45,0.00065674,,,,
9/5/2020 6:00,0.0022986,,,,
9/5/2020 6:15,0.040882,,,,
9/5/2020 6:30,1.0767,,,,
9/5/2020 6:45,4.8582,,,,
9/5/2020 7:00,17.791,,,,
9/5/2020 7:15,35.973,,,,
9/5/2020 7:30,56.282,,,,
9/5/2020 7:45,79.038,,,,
9/5/2020 8:00,95.966,,,,
9/5/2020 8:15,113.89,,,,
9/5/2020 8:30,175.84,,,,
9/5/2020 8:45,139.84,,,,
9/5/2020 9:00,227.97,,,,
9/5/2020 9:15,434.1,,,,
9/5/2020 9:30,491.24,,,,
9/5/2020 9:45,565.53,,,,
9/5/2020 10:00,582.28,,,,
9/5/2020 10:15,659.53,,,,
9/5/2020 10:30,687.85,,,,
9/5/2020 10:45,720.2,,,,
9/5/2020 11:00,753.69,,,,
9/5/2020 11:15,764.53,,,,
9/5/2020 11:30,753.36,,,,
9/5/2020 11:45,816.08,,,,
9/5/2020 12:00,808.03,,,,
9/5/2020 12:15,867.63,,,,
9/5/2020 12:30,875.1,,,,
9/5/2020 12:45,910.49,,,,
9/5/2020 13:00,921.98,,,,
9/5/2020 13:15,913.44,,,,
9/5/2020 13:30,898.66,,,,
9/5/2020 13:45,906.05,,,,
9/5/2020 14:00,876.75,,,,
9/5/2020 14:15,824.37,,,,
9/5/2020 14:30,768.38,,,,
9/5/2020 14:45,610.77,,,,
9/5/2020 15:00,583.02,,,,
9/5/2020 15:15,638.27,,,,
9/5/2020 15:30,589.67,,,,
9/5/2020 15:45,422.86,,,,
9/5/2020 16:00,401.6,,,,
9/5/2020 16:15,422.2,,,,
9/5/2020 16:30,437.14,,,,
9/5/2020 16:45,368.02,,,,
9/5/2020 17:00,358.91,,,,
9/5/2020 17:15,188.98,,,,
9/5/2020 17:30,144.04,,,,
9/5/2020 17:45,106.68,,,,
9/5/2020 18:00,86.739,,,,
9/5/2020 18:15,78.965,,,,
9/5/2020 18:30,64.459,,,,
9/5/2020 18:45,49.05,,,,
9/5/2020 19:00,31.614,,,,
9/5/2020 19:15,14.587,,,,
9/5/2020 19:30,4.7646,,,,
9/5/2020 19:45,1.0625,,,,
9/5/2020 20:00,0.046136,,,,
9/5/2020 20:15,0.0019702,,,,
9/5/2020 20:30,0.00016418,,,,
9/5/2020 20:45,0,,,,
9/5/2020 21:00,0,,,,
9/5/2020 21:15,8.21E-05,,,,
9/5/2020 21:30,0,,,,
9/5/2020 21:45,8.21E-05,,,,
9/5/2020 22:00,8.21E-05,,,,
9/5/2020 22:15,8.21E-05,,,,
9/5/2020 22:30,8.21E-05,,,,
9/5/2020 22:45,8.21E-05,,,,
9/5/2020 23:00,8.21E-05,,,,
9/5/2020 23:15,0.00016418,,,,
9/5/2020 23:30,0.00016418,,,,
9/5/2020 23:45,0.00016418,,,,
9/6/2020 0:00,0.00016418,,,,
9/6/2020 0:15,0.00024628,,,,
9/6/2020 0:30,0.00032837,,,,
9/6/2020 0:45,0.00032837,,,,
9/6/2020 1:00,0.00041046,,,,
9/6/2020 1:15,0.00041046,,,,
9/6/2020 1:30,0.00041046,,,,
9/6/2020 1:45,0.00049255,,,,
9/6/2020 2:00,0.00049255,,,,
9/6/2020 2:15,0.00049255,,,,
9/6/2020 2:30,0.00057465,,,,
9/6/2020 2:45,0.00057465,,,,
9/6/2020 3:00,0.00057465,,,,
9/6/2020 3:15,0.00049255,,,,
9/6/2020 3:30,0.00049255,,,,
9/6/2020 3:45,0.00049255,,,,
9/6/2020 4:00,0.00049255,,,,
9/6/2020 4:15,0.00049255,,,,
9/6/2020 4:30,0.00049255,,,,
9/6/2020 4:45,0.00049255,,,,
9/6/2020 5:00,0.00049255,,,,
9/6/2020 5:15,0.00049255,,,,
9/6/2020 5:30,0.00049255,,,,
9/6/2020 5:45,0.00049255,,,,
9/6/2020 6:00,0.0012314,,,,
9/6/2020 6:15,0.02274,,,,
9/6/2020 6:30,0.5941,,,,
9/6/2020 6:45,2.3418,,,,
9/6/2020 7:00,9.8125,,,,
9/6/2020 7:15,27.509,,,,
9/6/2020 7:30,46.431,,,,
9/6/2020 7:45,67.34,,,,
9/6/2020 8:00,90.351,,,,
9/6/2020 8:15,110.97,,,,
9/6/2020 8:30,146.34,,,,
9/6/2020 8:45,162.94,,,,
9/6/2020 9:00,185.94,,,,
9/6/2020 9:15,264.01,,,,
9/6/2020 9:30,338.14,,,,
9/6/2020 9:45,366.95,,,,
9/6/2020 10:00,384.68,,,,
9/6/2020 10:15,524.65,,,,
9/6/2020 10:30,552.97,,,,
9/6/2020 10:45,577.6,,,,
9/6/2020 11:00,686.05,,,,
9/6/2020 11:15,697.78,,,,
9/6/2020 11:30,709.44,,,,
9/6/2020 11:45,678.9,,,,
9/6/2020 12:00,731.44,,,,
9/6/2020 12:15,716.17,,,,
9/6/2020 12:30,735.88,,,,
9/6/2020 12:45,746.05,,,,
9/6/2020 13:00,740.8,,,,
9/6/2020 13:15,714.86,,,,
9/6/2020 13:30,767.73,,,,
9/6/2020 13:45,706.4,,,,
9/6/2020 14:00,746.96,,,,
9/6/2020 14:15,726.35,,,,
9/6/2020 14:30,530.81,,,,
9/6/2020 14:45,713.96,,,,
9/6/2020 15:00,698.11,,,,
9/6/2020 15:15,642.21,,,,
9/6/2020 15:30,654.36,,,,
9/6/2020 15:45,559.79,,,,
9/6/2020 16:00,513.65,,,,
9/6/2020 16:15,462.34,,,,
9/6/2020 16:30,413.25,,,,
9/6/2020 16:45,407.01,,,,
9/6/2020 17:00,344.71,,,,
9/6/2020 17:15,171.98,,,,
9/6/2020 17:30,135.75,,,,
9/6/2020 17:45,121.04,,,,
9/6/2020 18:00,105,,,,
9/6/2020 18:15,84.686,,,,
9/6/2020 18:30,63.753,,,,
9/6/2020 18:45,43.911,,,,
9/6/2020 19:00,26.664,,,,
9/6/2020 19:15,11.716,,,,
9/6/2020 19:30,2.8494,,,,
9/6/2020 19:45,0.65879,,,,
9/6/2020 20:00,0.022904,,,,
9/6/2020 20:15,0.0011493,,,,
9/6/2020 20:30,0.00016418,,,,
9/6/2020 20:45,0,,,,
9/6/2020 21:00,8.21E-05,,,,
9/6/2020 21:15,8.21E-05,,,,
9/6/2020 21:30,0,,,,
9/6/2020 21:45,0,,,,
9/6/2020 22:00,8.21E-05,,,,
9/6/2020 22:15,8.21E-05,,,,
9/6/2020 22:30,0,,,,
9/6/2020 22:45,8.21E-05,,,,
9/6/2020 23:00,8.21E-05,,,,
9/6/2020 23:15,8.21E-05,,,,
9/6/2020 23:30,8.21E-05,,,,
9/6/2020 23:45,8.21E-05,,,,
9/7/2020 0:00,8.21E-05,,,,
9/7/2020 0:15,0.00016418,,,,
9/7/2020 0:30,0.00016418,,,,
9/7/2020 0:45,0.00016418,,,,
9/7/2020 1:00,0.00024628,,,,
9/7/2020 1:15,0.00024628,,,,
9/7/2020 1:30,0.00032837,,,,
9/7/2020 1:45,0.00032837,,,,
9/7/2020 2:00,0.00041046,,,,
9/7/2020 2:15,0.00041046,,,,
9/7/2020 2:30,0.00049255,,,,
9/7/2020 2:45,0.00041046,,,,
9/7/2020 3:00,0.00041046,,,,
9/7/2020 3:15,0.00049255,,,,
9/7/2020 3:30,0.00049255,,,,
9/7/2020 3:45,0.00049255,,,,
9/7/2020 4:00,0.00041046,,,,
9/7/2020 4:15,0.00041046,,,,
9/7/2020 4:30,0.00041046,,,,
9/7/2020 4:45,0.00049255,,,,
9/7/2020 5:00,0.00057465,,,,
9/7/2020 5:15,0.00065674,,,,
9/7/2020 5:30,0.00057465,,,,
9/7/2020 5:45,0.00073883,,,,
9/7/2020 6:00,0.0021344,,,,
9/7/2020 6:15,0.03727,,,,
9/7/2020 6:30,0.95202,,,,
9/7/2020 6:45,4.1892,,,,
9/7/2020 7:00,9.4636,,,,
9/7/2020 7:15,13.417,,,,
9/7/2020 7:30,20.764,,,,
9/7/2020 7:45,26.639,,,,
9/7/2020 8:00,31.975,,,,
9/7/2020 8:15,39.61,,,,
9/7/2020 8:30,73.875,,,,
9/7/2020 8:45,126.12,,,,
9/7/2020 9:00,142.58,,,,
9/7/2020 9:15,489.68,,,,
9/7/2020 9:30,559.38,,,,
9/7/2020 9:45,617.01,,,,
9/7/2020 10:00,666.75,,,,
9/7/2020 10:15,713.22,,,,
9/7/2020 10:30,750.9,,,,
9/7/2020 10:45,783.24,,,,
9/7/2020 11:00,821,,,,
9/7/2020 11:15,854.83,,,,
9/7/2020 11:30,886.43,,,,
9/7/2020 11:45,911.47,,,,
9/7/2020 12:00,930.84,,,,
9/7/2020 12:15,949.64,,,,
9/7/2020 12:30,957.11,,,,
9/7/2020 12:45,957.61,,,,
9/7/2020 13:00,957.85,,,,
9/7/2020 13:15,964.26,,,,
9/7/2020 13:30,945.87,,,,
9/7/2020 13:45,944.88,,,,
9/7/2020 14:00,929.28,,,,
9/7/2020 14:15,670.04,,,,
9/7/2020 14:30,326.73,,,,
9/7/2020 14:45,874.61,,,,
9/7/2020 15:00,825.11,,,,
9/7/2020 15:15,791.29,,,,
9/7/2020 15:30,758.7,,,,
9/7/2020 15:45,719.54,,,,
9/7/2020 16:00,693.76,,,,
9/7/2020 16:15,651.24,,,,
9/7/2020 16:30,584.25,,,,
9/7/2020 16:45,537.7,,,,
9/7/2020 17:00,486.48,,,,
9/7/2020 17:15,85.442,,,,
9/7/2020 17:30,38.649,,,,
9/7/2020 17:45,33.297,,,,
9/7/2020 18:00,30.169,,,,
9/7/2020 18:15,27.025,,,,
9/7/2020 18:30,23.716,,,,
9/7/2020 18:45,19.613,,,,
9/7/2020 19:00,15.337,,,,
9/7/2020 19:15,9.8765,,,,
9/7/2020 19:30,4.08,,,,
9/7/2020 19:45,0.75911,,,,
9/7/2020 20:00,0.02118,,,,
9/7/2020 20:15,0.0011493,,,,
9/7/2020 20:30,0.00016418,,,,
9/7/2020 20:45,8.21E-05,,,,
9/7/2020 21:00,8.21E-05,,,,
9/7/2020 21:15,8.21E-05,,,,
9/7/2020 21:30,8.21E-05,,,,
9/7/2020 21:45,0,,,,
9/7/2020 22:00,0,,,,
9/7/2020 22:15,8.21E-05,,,,
9/7/2020 22:30,8.21E-05,,,,
9/7/2020 22:45,0,,,,
9/7/2020 23:00,8.21E-05,,,,
9/7/2020 23:15,8.21E-05,,,,
9/7/2020 23:30,8.21E-05,,,,
9/7/2020 23:45,8.21E-05,,,,
9/8/2020 0:00,8.21E-05,,,,
9/8/2020 0:15,0.00016418,,,,
9/8/2020 0:30,8.21E-05,,,,
9/8/2020 0:45,0.00016418,,,,
9/8/2020 1:00,0.00024628,,,,
9/8/2020 1:15,0.00032837,,,,
9/8/2020 1:30,0.00024628,,,,
9/8/2020 1:45,0.00032837,,,,
9/8/2020 2:00,0.00032837,,,,
9/8/2020 2:15,0.00032837,,,,
9/8/2020 2:30,0.00041046,,,,
9/8/2020 2:45,0.00041046,,,,
9/8/2020 3:00,0.00041046,,,,
9/8/2020 3:15,0.00041046,,,,
9/8/2020 3:30,0.00041046,,,,
9/8/2020 3:45,0.00041046,,,,
9/8/2020 4:00,0.00049255,,,,
9/8/2020 4:15,0.00049255,,,,
9/8/2020 4:30,0.00049255,,,,
9/8/2020 4:45,0.00049255,,,,
9/8/2020 5:00,0.00049255,,,,
9/8/2020 5:15,0.00049255,,,,
9/8/2020 5:30,0.00049255,,,,
9/8/2020 5:45,0.00057465,,,,
9/8/2020 6:00,0.0016418,,,,
9/8/2020 6:15,0.029553,,,,
9/8/2020 6:30,0.97058,,,,
9/8/2020 6:45,6.1462,,,,
9/8/2020 7:00,18.678,,,,
9/8/2020 7:15,28.051,,,,
9/8/2020 7:30,38.058,,,,
9/8/2020 7:45,42.278,,,,
9/8/2020 8:00,49.403,,,,
9/8/2020 8:15,56.553,,,,
9/8/2020 8:30,76.214,,,,
9/8/2020 8:45,129.44,,,,
9/8/2020 9:00,132.49,,,,
9/8/2020 9:15,545.17,,,,
9/8/2020 9:30,607.07,,,,
9/8/2020 9:45,643.77,,,,
9/8/2020 10:00,689.33,,,,
9/8/2020 10:15,759.19,,,,
9/8/2020 10:30,803.19,,,,
9/8/2020 10:45,829.54,,,,
9/8/2020 11:00,866.07,,,,
9/8/2020 11:15,887.58,,,,
9/8/2020 11:30,922.55,,,,
9/8/2020 11:45,940.04,,,,
9/8/2020 12:00,964.5,,,,
9/8/2020 12:15,975.26,,,,
9/8/2020 12:30,993.48,,,,
9/8/2020 12:45,992.99,,,,
9/8/2020 13:00,985.68,,,,
9/8/2020 13:15,1000.8,,,,
9/8/2020 13:30,986.67,,,,
9/8/2020 13:45,962.2,,,,
9/8/2020 14:00,959.91,,,,
9/8/2020 14:15,350.12,,,,
9/8/2020 14:30,130.2,,,,
9/8/2020 14:45,928.46,,,,
9/8/2020 15:00,874.04,,,,
9/8/2020 15:15,847.19,,,,
9/8/2020 15:30,808.53,,,,
9/8/2020 15:45,777.25,,,,
9/8/2020 16:00,730.13,,,,
9/8/2020 16:15,682.19,,,,
9/8/2020 16:30,638.1,,,,
9/8/2020 16:45,584.25,,,,
9/8/2020 17:00,517.35,,,,
9/8/2020 17:15,80.278,,,,
9/8/2020 17:30,41.284,,,,
9/8/2020 17:45,35.694,,,,
9/8/2020 18:00,32.451,,,,
9/8/2020 18:15,23.963,,,,
9/8/2020 18:30,19.833,,,,
9/8/2020 18:45,16.192,,,,
9/8/2020 19:00,12.446,,,,
9/8/2020 19:15,6.4245,,,,
9/8/2020 19:30,2.29,,,,
9/8/2020 19:45,0.35234,,,,
9/8/2020 20:00,0.0091122,,,,
9/8/2020 20:15,0.00049255,,,,
9/8/2020 20:30,8.21E-05,,,,
9/8/2020 20:45,8.21E-05,,,,
9/8/2020 21:00,0,,,,
9/8/2020 21:15,8.21E-05,,,,
9/8/2020 21:30,0,,,,
9/8/2020 21:45,8.21E-05,,,,
9/8/2020 22:00,8.21E-05,,,,
9/8/2020 22:15,8.21E-05,,,,
9/8/2020 22:30,8.21E-05,,,,
9/8/2020 22:45,0,,,,
9/8/2020 23:00,8.21E-05,,,,
9/8/2020 23:15,0,,,,
9/8/2020 23:30,8.21E-05,,,,
9/8/2020 23:45,8.21E-05,,,,
9/9/2020 0:00,8.21E-05,,,,
9/9/2020 0:15,8.21E-05,,,,
9/9/2020 0:30,8.21E-05,,,,
9/9/2020 0:45,8.21E-05,,,,
9/9/2020 1:00,0.00016418,,,,
9/9/2020 1:15,8.21E-05,,,,
9/9/2020 1:30,0.00024628,,,,
9/9/2020 1:45,0.00024628,,,,
9/9/2020 2:00,0.00024628,,,,
9/9/2020 2:15,0.00024628,,,,
9/9/2020 2:30,0.00032837,,,,
9/9/2020 2:45,0.00032837,,,,
9/9/2020 3:00,0.00032837,,,,
9/9/2020 3:15,0.00032837,,,,
9/9/2020 3:30,0.00032837,,,,
9/9/2020 3:45,0.00032837,,,,
9/9/2020 4:00,0.00041046,,,,
9/9/2020 4:15,0.00041046,,,,
9/9/2020 4:30,0.00041046,,,,
9/9/2020 4:45,0.00041046,,,,
9/9/2020 5:00,0.00041046,,,,
9/9/2020 5:15,0.00041046,,,,
9/9/2020 5:30,0.00041046,,,,
9/9/2020 5:45,0.00049255,,,,
9/9/2020 6:00,0.0013956,,,,
9/9/2020 6:15,0.023232,,,,
9/9/2020 6:30,0.8577,,,,
9/9/2020 6:45,4.9641,,,,
9/9/2020 7:00,11.13,,,,
9/9/2020 7:15,16.25,,,,
9/9/2020 7:30,20.466,,,,
9/9/2020 7:45,24.956,,,,
9/9/2020 8:00,30.473,,,,
9/9/2020 8:15,55.568,,,,
9/9/2020 8:30,60.198,,,,
9/9/2020 8:45,131.44,,,,
9/9/2020 9:00,153.37,,,,
9/9/2020 9:15,558.56,,,,
9/9/2020 9:30,614.87,,,,
9/9/2020 9:45,664.29,,,,
9/9/2020 10:00,707.72,,,,
9/9/2020 10:15,751.06,,,,
9/9/2020 10:30,792.44,,,,
9/9/2020 10:45,830.45,,,,
9/9/2020 11:00,858.52,,,,
9/9/2020 11:15,880.36,,,,
9/9/2020 11:30,867.96,,,,
9/9/2020 11:45,886.68,,,,
9/9/2020 12:00,914.18,,,,
9/9/2020 12:15,932.32,,,,
9/9/2020 12:30,916.89,,,,
9/9/2020 12:45,876.34,,,,
9/9/2020 13:00,734.15,,,,
9/9/2020 13:15,736.37,,,,
9/9/2020 13:30,736.29,,,,
9/9/2020 13:45,718.8,,,,
9/9/2020 14:00,734.32,,,,
9/9/2020 14:15,372.78,,,,
9/9/2020 14:30,307.52,,,,
9/9/2020 14:45,725.12,,,,
9/9/2020 15:00,617.66,,,,
9/9/2020 15:15,474.99,,,,
9/9/2020 15:30,481.8,,,,
9/9/2020 15:45,495.18,,,,
9/9/2020 16:00,451.51,,,,
9/9/2020 16:15,386.82,,,,
9/9/2020 16:30,364.08,,,,
9/9/2020 16:45,349.14,,,,
9/9/2020 17:00,333.21,,,,
9/9/2020 17:15,208.76,,,,
9/9/2020 17:30,179.7,,,,
9/9/2020 17:45,148.4,,,,
9/9/2020 18:00,117.01,,,,
9/9/2020 18:15,86.55,,,,
9/9/2020 18:30,61.233,,,,
9/9/2020 18:45,39.782,,,,
9/9/2020 19:00,22.288,,,,
9/9/2020 19:15,9.6393,,,,
9/9/2020 19:30,1.8184,,,,
9/9/2020 19:45,0.23593,,,,
9/9/2020 20:00,0.0057465,,,,
9/9/2020 20:15,0.00041046,,,,
9/9/2020 20:30,8.21E-05,,,,
9/9/2020 20:45,0,,,,
9/9/2020 21:00,8.21E-05,,,,
9/9/2020 21:15,0,,,,
9/9/2020 21:30,8.21E-05,,,,
9/9/2020 21:45,0,,,,
9/9/2020 22:00,8.21E-05,,,,
9/9/2020 22:15,0,,,,
9/9/2020 22:30,0,,,,
9/9/2020 22:45,8.21E-05,,,,
9/9/2020 23:00,0,,,,
9/9/2020 23:15,0,,,,
9/9/2020 23:30,0,,,,
9/9/2020 23:45,8.21E-05,,,,
9/10/2020 0:00,8.21E-05,,,,
9/10/2020 0:15,8.21E-05,,,,
9/10/2020 0:30,8.21E-05,,,,
9/10/2020 0:45,8.21E-05,,,,
9/10/2020 1:00,8.21E-05,,,,
9/10/2020 1:15,8.21E-05,,,,
9/10/2020 1:30,8.21E-05,,,,
9/10/2020 1:45,0.00016418,,,,
9/10/2020 2:00,0.00016418,,,,
9/10/2020 2:15,0.00024628,,,,
9/10/2020 2:30,0.00016418,,,,
9/10/2020 2:45,0.00016418,,,,
9/10/2020 3:00,0.00024628,,,,
9/10/2020 3:15,0.00016418,,,,
9/10/2020 3:30,0.00016418,,,,
9/10/2020 3:45,0.00024628,,,,
9/10/2020 4:00,0.00024628,,,,
9/10/2020 4:15,0.00024628,,,,
9/10/2020 4:30,0.00024628,,,,
9/10/2020 4:45,0.00024628,,,,
9/10/2020 5:00,0.00024628,,,,
9/10/2020 5:15,0.00032837,,,,
9/10/2020 5:30,0.00032837,,,,
9/10/2020 5:45,0.00032837,,,,
9/10/2020 6:00,0.0010672,,,,
9/10/2020 6:15,0.017486,,,,
9/10/2020 6:30,0.69237,,,,
9/10/2020 6:45,4.089,,,,
9/10/2020 7:00,10.629,,,,
9/10/2020 7:15,16.532,,,,
9/10/2020 7:30,22.304,,,,
9/10/2020 7:45,27.066,,,,
9/10/2020 8:00,32.944,,,,
9/10/2020 8:15,43.895,,,,
9/10/2020 8:30,55.297,,,,
9/10/2020 8:45,89.333,,,,
9/10/2020 9:00,485.58,,,,
9/10/2020 9:15,538.94,,,,
9/10/2020 9:30,582.53,,,,
9/10/2020 9:45,629.32,,,,
9/10/2020 10:00,681.69,,,,
9/10/2020 10:15,735.22,,,,
9/10/2020 10:30,759.35,,,,
9/10/2020 10:45,805.49,,,,
9/10/2020 11:00,846.29,,,,
9/10/2020 11:15,875.6,,,,
9/10/2020 11:30,846.21,,,,
9/10/2020 11:45,800.15,,,,
9/10/2020 12:00,728.08,,,,
9/10/2020 12:15,706.08,,,,
9/10/2020 12:30,641.06,,,,
9/10/2020 12:45,705.5,,,,
9/10/2020 13:00,708.78,,,,
9/10/2020 13:15,702.38,,,,
9/10/2020 13:30,704.02,,,,
9/10/2020 13:45,665.36,,,,
9/10/2020 14:00,640.65,,,,
9/10/2020 14:15,429.42,,,,
9/10/2020 14:30,417.19,,,,
9/10/2020 14:45,633.75,,,,
9/10/2020 15:00,695.49,,,,
9/10/2020 15:15,641.88,,,,
9/10/2020 15:30,568.98,,,,
9/10/2020 15:45,496.08,,,,
9/10/2020 16:00,434.19,,,,
9/10/2020 16:15,418.83,,,,
9/10/2020 16:30,369,,,,
9/10/2020 16:45,310.88,,,,
9/10/2020 17:00,281.41,,,,
9/10/2020 17:15,180.6,,,,
9/10/2020 17:30,149.65,,,,
9/10/2020 17:45,120.29,,,,
9/10/2020 18:00,94.324,,,,
9/10/2020 18:15,73.965,,,,
9/10/2020 18:30,59.394,,,,
9/10/2020 18:45,40.882,,,,
9/10/2020 19:00,20.634,,,,
9/10/2020 19:15,8.6074,,,,
9/10/2020 19:30,2.2081,,,,
9/10/2020 19:45,0.14481,,,,
9/10/2020 20:00,0.0038583,,,,
9/10/2020 20:15,0.00024628,,,,
9/10/2020 20:30,0,,,,
9/10/2020 20:45,0,,,,
9/10/2020 21:00,0,,,,
9/10/2020 21:15,0,,,,
9/10/2020 21:30,0,,,,
9/10/2020 21:45,0,,,,
9/10/2020 22:00,0,,,,
9/10/2020 22:15,0,,,,
9/10/2020 22:30,0,,,,
9/10/2020 22:45,0,,,,
9/10/2020 23:00,0,,,,
9/10/2020 23:15,0,,,,
9/10/2020 23:30,0,,,,
9/10/2020 23:45,0,,,,
9/11/2020 0:00,0,,,,
9/11/2020 0:15,0,,,,
9/11/2020 0:30,0,,,,
9/11/2020 0:45,8.21E-05,,,,
9/11/2020 1:00,8.21E-05,,,,
9/11/2020 1:15,8.21E-05,,,,
9/11/2020 1:30,8.21E-05,,,,
9/11/2020 1:45,8.21E-05,,,,
9/11/2020 2:00,8.21E-05,,,,
9/11/2020 2:15,0,,,,
9/11/2020 2:30,8.21E-05,,,,
9/11/2020 2:45,8.21E-05,,,,
9/11/2020 3:00,8.21E-05,,,,
9/11/2020 3:15,0.00016418,,,,
9/11/2020 3:30,8.21E-05,,,,
9/11/2020 3:45,8.21E-05,,,,
9/11/2020 4:00,0.00016418,,,,
9/11/2020 4:15,0.00016418,,,,
9/11/2020 4:30,0.00016418,,,,
9/11/2020 4:45,0.00016418,,,,
9/11/2020 5:00,0.00016418,,,,
9/11/2020 5:15,0.00016418,,,,
9/11/2020 5:30,0.00016418,,,,
9/11/2020 5:45,0.00024628,,,,
9/11/2020 6:00,0.00065674,,,,
9/11/2020 6:15,0.011657,,,,
9/11/2020 6:30,0.35965,,,,
9/11/2020 6:45,2.6163,,,,
9/11/2020 7:00,12.123,,,,
9/11/2020 7:15,34.315,,,,
9/11/2020 7:30,54.559,,,,
9/11/2020 7:45,75.385,,,,
9/11/2020 8:00,95.761,,,,
9/11/2020 8:15,134.41,,,,
9/11/2020 8:30,142.33,,,,
9/11/2020 8:45,167.23,,,,
9/11/2020 9:00,327.55,,,,
9/11/2020 9:15,382.96,,,,
9/11/2020 9:30,429.34,,,,
9/11/2020 9:45,482.95,,,,
9/11/2020 10:00,530.32,,,,
9/11/2020 10:15,578.75,,,,
9/11/2020 10:30,623.74,,,,
9/11/2020 10:45,677.18,,,,
9/11/2020 11:00,698.36,,,,
9/11/2020 11:15,737.35,,,,
9/11/2020 11:30,755.41,,,,
9/11/2020 11:45,808.94,,,,
9/11/2020 12:00,831.51,,,,
9/11/2020 12:15,848.75,,,,
9/11/2020 12:30,861.39,,,,
9/11/2020 12:45,882.74,,,,
9/11/2020 13:00,884.05,,,,
9/11/2020 13:15,869.03,,,,
9/11/2020 13:30,861.15,,,,
9/11/2020 13:45,851.54,,,,
9/11/2020 14:00,826.92,,,,
9/11/2020 14:15,281.33,,,,
9/11/2020 14:30,283.96,,,,
9/11/2020 14:45,745.89,,,,
9/11/2020 15:00,725.53,,,,
9/11/2020 15:15,673.4,,,,
9/11/2020 15:30,636.38,,,,
9/11/2020 15:45,599.93,,,,
9/11/2020 16:00,557.16,,,,
9/11/2020 16:15,515.87,,,,
9/11/2020 16:30,471.05,,,,
9/11/2020 16:45,446.42,,,,
9/11/2020 17:00,400.53,,,,
9/11/2020 17:15,136.33,,,,
9/11/2020 17:30,116.36,,,,
9/11/2020 17:45,102.6,,,,
9/11/2020 18:00,87.97,,,,
9/11/2020 18:15,71.19,,,,
9/11/2020 18:30,55.133,,,,
9/11/2020 18:45,39.963,,,,
9/11/2020 19:00,20.649,,,,
9/11/2020 19:15,8.3488,,,,
9/11/2020 19:30,2.0309,,,,
9/11/2020 19:45,0.075197,,,,
9/11/2020 20:00,0.0032016,,,,
9/11/2020 20:15,0.00024628,,,,
9/11/2020 20:30,8.21E-05,,,,
9/11/2020 20:45,8.21E-05,,,,
9/11/2020 21:00,8.21E-05,,,,
9/11/2020 21:15,0,,,,
9/11/2020 21:30,0,,,,
9/11/2020 21:45,8.21E-05,,,,
9/11/2020 22:00,0,,,,
9/11/2020 22:15,0,,,,
9/11/2020 22:30,0,,,,
9/11/2020 22:45,0,,,,
9/11/2020 23:00,0,,,,
9/11/2020 23:15,0,,,,
9/11/2020 23:30,8.21E-05,,,,
9/11/2020 23:45,8.21E-05,,,,
9/12/2020 0:00,8.21E-05,,,,
9/12/2020 0:15,8.21E-05,,,,
9/12/2020 0:30,0,,,,
9/12/2020 0:45,0,,,,
9/12/2020 1:00,8.21E-05,,,,
9/12/2020 1:15,8.21E-05,,,,
9/12/2020 1:30,8.21E-05,,,,
9/12/2020 1:45,0,,,,
9/12/2020 2:00,8.21E-05,,,,
9/12/2020 2:15,0,,,,
9/12/2020 2:30,0,,,,
9/12/2020 2:45,8.21E-05,,,,
9/12/2020 3:00,0,,,,
9/12/2020 3:15,0,,,,
9/12/2020 3:30,0,,,,
9/12/2020 3:45,0,,,,
9/12/2020 4:00,8.21E-05,,,,
9/12/2020 4:15,8.21E-05,,,,
9/12/2020 4:30,8.21E-05,,,,
9/12/2020 4:45,8.21E-05,,,,
9/12/2020 5:00,8.21E-05,,,,
9/12/2020 5:15,8.21E-05,,,,
9/12/2020 5:30,8.21E-05,,,,
9/12/2020 5:45,0.00016418,,,,
9/12/2020 6:00,0.00057465,,,,
9/12/2020 6:15,0.0089481,,,,
9/12/2020 6:30,0.29931,,,,
9/12/2020 6:45,3.1154,,,,
9/12/2020 7:00,13.419,,,,
9/12/2020 7:15,31.343,,,,
9/12/2020 7:30,50.856,,,,
9/12/2020 7:45,72.734,,,,
9/12/2020 8:00,95.572,,,,
9/12/2020 8:15,138.97,,,,
9/12/2020 8:30,146.77,,,,
9/12/2020 8:45,174.2,,,,
9/12/2020 9:00,319.17,,,,
9/12/2020 9:15,366.62,,,,
9/12/2020 9:30,415.72,,,,
9/12/2020 9:45,465.38,,,,
9/12/2020 10:00,497.89,,,,
9/12/2020 10:15,553.79,,,,
9/12/2020 10:30,588.52,,,,
9/12/2020 10:45,622.92,,,,
9/12/2020 11:00,666.1,,,,
9/12/2020 11:15,718.96,,,,
9/12/2020 11:30,724.55,,,,
9/12/2020 11:45,761.16,,,,
9/12/2020 12:00,778.07,,,,
9/12/2020 12:15,777.5,,,,
9/12/2020 12:30,789.73,,,,
9/12/2020 12:45,811.81,,,,
9/12/2020 13:00,821.17,,,,
9/12/2020 13:15,817.47,,,,
9/12/2020 13:30,792.44,,,,
9/12/2020 13:45,760.59,,,,
9/12/2020 14:00,733.33,,,,
9/12/2020 14:15,342.74,,,,
9/12/2020 14:30,351.11,,,,
9/12/2020 14:45,681.28,,,,
9/12/2020 15:00,669.79,,,,
9/12/2020 15:15,592.05,,,,
9/12/2020 15:30,585.56,,,,
9/12/2020 15:45,529.25,,,,
9/12/2020 16:00,484.18,,,,
9/12/2020 16:15,458.9,,,,
9/12/2020 16:30,415.14,,,,
9/12/2020 16:45,343.97,,,,
9/12/2020 17:00,272.3,,,,
9/12/2020 17:15,172.48,,,,
9/12/2020 17:30,142.05,,,,
9/12/2020 17:45,119.63,,,,
9/12/2020 18:00,102.43,,,,
9/12/2020 18:15,79.104,,,,
9/12/2020 18:30,54.772,,,,
9/12/2020 18:45,33.691,,,,
9/12/2020 19:00,17.053,,,,
9/12/2020 19:15,5.7424,,,,
9/12/2020 19:30,1.0211,,,,
9/12/2020 19:45,0.044001,,,,
9/12/2020 20:00,0.0015598,,,,
9/12/2020 20:15,0.00016418,,,,
9/12/2020 20:30,8.21E-05,,,,
9/12/2020 20:45,0,,,,
9/12/2020 21:00,0,,,,
9/12/2020 21:15,0,,,,
9/12/2020 21:30,0,,,,
9/12/2020 21:45,0,,,,
9/12/2020 22:00,0,,,,
9/12/2020 22:15,0,,,,
9/12/2020 22:30,0,,,,
9/12/2020 22:45,0,,,,
9/12/2020 23:00,0,,,,
9/12/2020 23:15,0,,,,
9/12/2020 23:30,0,,,,
9/12/2020 23:45,8.21E-05,,,,
9/13/2020 0:00,0,,,,
9/13/2020 0:15,0,,,,
9/13/2020 0:30,8.21E-05,,,,
9/13/2020 0:45,0,,,,
9/13/2020 1:00,8.21E-05,,,,
9/13/2020 1:15,0,,,,
9/13/2020 1:30,0,,,,
9/13/2020 1:45,0,,,,
9/13/2020 2:00,0,,,,
9/13/2020 2:15,0,,,,
9/13/2020 2:30,0,,,,
9/13/2020 2:45,0,,,,
9/13/2020 3:00,8.21E-05,,,,
9/13/2020 3:15,0.00016418,,,,
9/13/2020 3:30,0,,,,
9/13/2020 3:45,0,,,,
9/13/2020 4:00,8.21E-05,,,,
9/13/2020 4:15,8.21E-05,,,,
9/13/2020 4:30,8.21E-05,,,,
9/13/2020 4:45,0,,,,
9/13/2020 5:00,8.21E-05,,,,
9/13/2020 5:15,0,,,,
9/13/2020 5:30,8.21E-05,,,,
9/13/2020 5:45,8.21E-05,,,,
9/13/2020 6:00,0.00024628,,,,
9/13/2020 6:15,0.0033658,,,,
9/13/2020 6:30,0.1169,,,,
9/13/2020 6:45,1.145,,,,
9/13/2020 7:00,5.657,,,,
9/13/2020 7:15,19.526,,,,
9/13/2020 7:30,34.725,,,,
9/13/2020 7:45,60.165,,,,
9/13/2020 8:00,86.665,,,,
9/13/2020 8:15,116.07,,,,
9/13/2020 8:30,144.4,,,,
9/13/2020 8:45,180.69,,,,
9/13/2020 9:00,323.53,,,,
9/13/2020 9:15,335.92,,,,
9/13/2020 9:30,395.93,,,,
9/13/2020 9:45,505.11,,,,
9/13/2020 10:00,569.15,,,,
9/13/2020 10:15,599.11,,,,
9/13/2020 10:30,687.36,,,,
9/13/2020 10:45,700,,,,
9/13/2020 11:00,738.75,,,,
9/13/2020 11:15,749.34,,,,
9/13/2020 11:30,740.88,,,,
9/13/2020 11:45,829.87,,,,
9/13/2020 12:00,822.98,,,,
9/13/2020 12:15,859.42,,,,
9/13/2020 12:30,861.23,,,,
9/13/2020 12:45,892.59,,,,
9/13/2020 13:00,918.78,,,,
9/13/2020 13:15,922.47,,,,
9/13/2020 13:30,901.78,,,,
9/13/2020 13:45,911.72,,,,
9/13/2020 14:00,875.02,,,,
9/13/2020 14:15,145.95,,,,
9/13/2020 14:30,162.32,,,,
9/13/2020 14:45,792.93,,,,
9/13/2020 15:00,767.56,,,,
9/13/2020 15:15,719.21,,,,
9/13/2020 15:30,616.1,,,,
9/13/2020 15:45,517.1,,,,
9/13/2020 16:00,371.14,,,,
9/13/2020 16:15,289.46,,,,
9/13/2020 16:30,540.33,,,,
9/13/2020 16:45,234.37,,,,
9/13/2020 17:00,124.93,,,,
9/13/2020 17:15,183.15,,,,
9/13/2020 17:30,179.62,,,,
9/13/2020 17:45,157.03,,,,
9/13/2020 18:00,93.503,,,,
9/13/2020 18:15,63.227,,,,
9/13/2020 18:30,45.881,,,,
9/13/2020 18:45,26.746,,,,
9/13/2020 19:00,15.242,,,,
9/13/2020 19:15,3.8485,,,,
9/13/2020 19:30,1.361,,,,
9/13/2020 19:45,0.033329,,,,
9/13/2020 20:00,0.0013956,,,,
9/13/2020 20:15,8.21E-05,,,,
9/13/2020 20:30,0,,,,
9/13/2020 20:45,0,,,,
9/13/2020 21:00,0,,,,
9/13/2020 21:15,8.21E-05,,,,
9/13/2020 21:30,0,,,,
9/13/2020 21:45,8.21E-05,,,,
9/13/2020 22:00,0,,,,
9/13/2020 22:15,0,,,,
9/13/2020 22:30,8.21E-05,,,,
9/13/2020 22:45,0,,,,
9/13/2020 23:00,8.21E-05,,,,
9/13/2020 23:15,8.21E-05,,,,
9/13/2020 23:30,0,,,,
9/13/2020 23:45,8.21E-05,,,,
9/14/2020 0:00,0,,,,
9/14/2020 0:15,8.21E-05,,,,
9/14/2020 0:30,0,,,,
9/14/2020 0:45,8.21E-05,,,,
9/14/2020 1:00,0,,,,
9/14/2020 1:15,0,,,,
9/14/2020 1:30,0,,,,
9/14/2020 1:45,8.21E-05,,,,
9/14/2020 2:00,0,,,,
9/14/2020 2:15,0,,,,
9/14/2020 2:30,0,,,,
9/14/2020 2:45,0,,,,
9/14/2020 3:00,0,,,,
9/14/2020 3:15,0,,,,
9/14/2020 3:30,8.21E-05,,,,
9/14/2020 3:45,0,,,,
9/14/2020 4:00,0,,,,
9/14/2020 4:15,0,,,,
9/14/2020 4:30,0,,,,
9/14/2020 4:45,0,,,,
9/14/2020 5:00,0,,,,
9/14/2020 5:15,8.21E-05,,,,
9/14/2020 5:30,0,,,,
9/14/2020 5:45,0,,,,
9/14/2020 6:00,0.00032837,,,,
9/14/2020 6:15,0.0046793,,,,
9/14/2020 6:30,0.12232,,,,
9/14/2020 6:45,3.0916,,,,
9/14/2020 7:00,14.537,,,,
9/14/2020 7:15,38.033,,,,
9/14/2020 7:30,50.544,,,,
9/14/2020 7:45,66.142,,,,
9/14/2020 8:00,92.378,,,,
9/14/2020 8:15,168.95,,,,
9/14/2020 8:30,209.01,,,,
9/14/2020 8:45,236.67,,,,
9/14/2020 9:00,294.79,,,,
9/14/2020 9:15,369.83,,,,
9/14/2020 9:30,344.3,,,,
9/14/2020 9:45,411.77,,,,
9/14/2020 10:00,566.44,,,,
9/14/2020 10:15,662.32,,,,
9/14/2020 10:30,677.26,,,,
9/14/2020 10:45,755.08,,,,
9/14/2020 11:00,792.03,,,,
9/14/2020 11:15,839.72,,,,
9/14/2020 11:30,850.89,,,,
9/14/2020 11:45,893.98,,,,
9/14/2020 12:00,901.78,,,,
9/14/2020 12:15,927.15,,,,
9/14/2020 12:30,946.52,,,,
9/14/2020 12:45,976.98,,,,
9/14/2020 13:00,975.58,,,,
9/14/2020 13:15,950.05,,,,
9/14/2020 13:30,916.31,,,,
9/14/2020 13:45,883.72,,,,
9/14/2020 14:00,863.94,,,,
9/14/2020 14:15,505.28,,,,
9/14/2020 14:30,262.04,,,,
9/14/2020 14:45,708.05,,,,
9/14/2020 15:00,671.19,,,,
9/14/2020 15:15,549.53,,,,
9/14/2020 15:30,528.76,,,,
9/14/2020 15:45,545.34,,,,
9/14/2020 16:00,425.57,,,,
9/14/2020 16:15,381.07,,,,
9/14/2020 16:30,269.34,,,,
9/14/2020 16:45,210.57,,,,
9/14/2020 17:00,197.1,,,,
9/14/2020 17:15,183.72,,,,
9/14/2020 17:30,148.14,,,,
9/14/2020 17:45,116.01,,,,
9/14/2020 18:00,95.818,,,,
9/14/2020 18:15,64.672,,,,
9/14/2020 18:30,43.731,,,,
9/14/2020 18:45,28.355,,,,
9/14/2020 19:00,15.63,,,,
9/14/2020 19:15,3.1433,,,,
9/14/2020 19:30,0.81107,,,,
9/14/2020 19:45,0.029389,,,,
9/14/2020 20:00,0.0010672,,,,
9/14/2020 20:15,8.21E-05,,,,
9/14/2020 20:30,0,,,,
9/14/2020 20:45,0,,,,
9/14/2020 21:00,0,,,,
9/14/2020 21:15,0,,,,
9/14/2020 21:30,0,,,,
9/14/2020 21:45,0,,,,
9/14/2020 22:00,0,,,,
9/14/2020 22:15,0,,,,
9/14/2020 22:30,8.21E-05,,,,
9/14/2020 22:45,0,,,,
9/14/2020 23:00,0,,,,
9/14/2020 23:15,0,,,,
9/14/2020 23:30,0,,,,
9/14/2020 23:45,8.21E-05,,,,
9/15/2020 0:00,8.21E-05,,,,
9/15/2020 0:15,0,,,,
9/15/2020 0:30,8.21E-05,,,,
9/15/2020 0:45,0,,,,
9/15/2020 1:00,8.21E-05,,,,
9/15/2020 1:15,0,,,,
9/15/2020 1:30,0,,,,
9/15/2020 1:45,0,,,,
9/15/2020 2:00,0,,,,
9/15/2020 2:15,0,,,,
9/15/2020 2:30,0,,,,
9/15/2020 2:45,8.21E-05,,,,
9/15/2020 3:00,0,,,,
9/15/2020 3:15,0,,,,
9/15/2020 3:30,0,,,,
9/15/2020 3:45,0,,,,
9/15/2020 4:00,0,,,,
9/15/2020 4:15,0,,,,
9/15/2020 4:30,0,,,,
9/15/2020 4:45,0,,,,
9/15/2020 5:00,8.21E-05,,,,
9/15/2020 5:15,0,,,,
9/15/2020 5:30,0,,,,
9/15/2020 5:45,0,,,,
9/15/2020 6:00,0.00024628,,,,
9/15/2020 6:15,0.0041046,,,,
9/15/2020 6:30,0.13734,,,,
9/15/2020 6:45,2.2591,,,,
9/15/2020 7:00,8.5335,,,,
9/15/2020 7:15,18.505,,,,
9/15/2020 7:30,26.992,,,,
9/15/2020 7:45,34.7,,,,
9/15/2020 8:00,44.248,,,,
9/15/2020 8:15,56.931,,,,
9/15/2020 8:30,69.77,,,,
9/15/2020 8:45,146.72,,,,
9/15/2020 9:00,411.04,,,,
9/15/2020 9:15,437.47,,,,
9/15/2020 9:30,503.88,,,,
9/15/2020 9:45,531.22,,,,
9/15/2020 10:00,574.81,,,,
9/15/2020 10:15,604.77,,,,
9/15/2020 10:30,616.18,,,,
9/15/2020 10:45,678,,,,
9/15/2020 11:00,727.67,,,,
9/15/2020 11:15,778.23,,,,
9/15/2020 11:30,800.32,,,,
9/15/2020 11:45,847.03,,,,
9/15/2020 12:00,876.66,,,,
9/15/2020 12:15,893.66,,,,
9/15/2020 12:30,919.35,,,,
9/15/2020 12:45,918.94,,,,
9/15/2020 13:00,932.24,,,,
9/15/2020 13:15,941.6,,,,
9/15/2020 13:30,940.2,,,,
9/15/2020 13:45,929.53,,,,
9/15/2020 14:00,909.83,,,,
9/15/2020 14:15,829.54,,,,
9/15/2020 14:30,104.57,,,,
9/15/2020 14:45,844.48,,,,
9/15/2020 15:00,807.79,,,,
9/15/2020 15:15,776.76,,,,
9/15/2020 15:30,745.48,,,,
9/15/2020 15:45,706.65,,,,
9/15/2020 16:00,651.07,,,,
9/15/2020 16:15,608.55,,,,
9/15/2020 16:30,559.62,,,,
9/15/2020 16:45,511.52,,,,
9/15/2020 17:00,195.38,,,,
9/15/2020 17:15,66.733,,,,
9/15/2020 17:30,54.32,,,,
9/15/2020 17:45,56.693,,,,
9/15/2020 18:00,45.512,,,,
9/15/2020 18:15,47.236,,,,
9/15/2020 18:30,32.935,,,,
9/15/2020 18:45,24.661,,,,
9/15/2020 19:00,11.15,,,,
9/15/2020 19:15,5.9673,,,,
9/15/2020 19:30,0.64795,,,,
9/15/2020 19:45,0.024874,,,,
9/15/2020 20:00,0.00082092,,,,
9/15/2020 20:15,8.21E-05,,,,
9/15/2020 20:30,8.21E-05,,,,
9/15/2020 20:45,8.21E-05,,,,
9/15/2020 21:00,0,,,,
9/15/2020 21:15,8.21E-05,,,,
9/15/2020 21:30,8.21E-05,,,,
9/15/2020 21:45,8.21E-05,,,,
9/15/2020 22:00,0,,,,
9/15/2020 22:15,8.21E-05,,,,
9/15/2020 22:30,0,,,,
9/15/2020 22:45,8.21E-05,,,,
9/15/2020 23:00,0,,,,
9/15/2020 23:15,8.21E-05,,,,
9/15/2020 23:30,8.21E-05,,,,
9/15/2020 23:45,0,,,,
9/16/2020 0:00,8.21E-05,,,,
9/16/2020 0:15,8.21E-05,,,,
9/16/2020 0:30,8.21E-05,,,,
9/16/2020 0:45,0,,,,
9/16/2020 1:00,0,,,,
9/16/2020 1:15,0,,,,
9/16/2020 1:30,0,,,,
9/16/2020 1:45,8.21E-05,,,,
9/16/2020 2:00,0,,,,
9/16/2020 2:15,8.21E-05,,,,
9/16/2020 2:30,8.21E-05,,,,
9/16/2020 2:45,8.21E-05,,,,
9/16/2020 3:00,0,,,,
9/16/2020 3:15,0,,,,
9/16/2020 3:30,0,,,,
9/16/2020 3:45,0,,,,
9/16/2020 4:00,0,,,,
9/16/2020 4:15,0,,,,
9/16/2020 4:30,0,,,,
9/16/2020 4:45,0,,,,
9/16/2020 5:00,0,,,,
9/16/2020 5:15,0,,,,
9/16/2020 5:30,0,,,,
9/16/2020 5:45,0,,,,
9/16/2020 6:00,0.00016418,,,,
9/16/2020 6:15,0.0031195,,,,
9/16/2020 6:30,0.10771,,,,
9/16/2020 6:45,1.9872,,,,
9/16/2020 7:00,7.3226,,,,
9/16/2020 7:15,20.542,,,,
9/16/2020 7:30,35.735,,,,
9/16/2020 7:45,50.298,,,,
9/16/2020 8:00,62.357,,,,
9/16/2020 8:15,74.605,,,,
9/16/2020 8:30,95.276,,,,
9/16/2020 8:45,168.54,,,,
9/16/2020 9:00,412.51,,,,
9/16/2020 9:15,461.77,,,,
9/16/2020 9:30,508.64,,,,
9/16/2020 9:45,565.78,,,,
9/16/2020 10:00,609.86,,,,
9/16/2020 10:15,655.01,,,,
9/16/2020 10:30,689.41,,,,
9/16/2020 10:45,733.41,,,,
9/16/2020 11:00,769.62,,,,
9/16/2020 11:15,796.79,,,,
9/16/2020 11:30,837.83,,,,
9/16/2020 11:45,871.98,,,,
9/16/2020 12:00,887.25,,,,
9/16/2020 12:15,899.34,,,,
9/16/2020 12:30,894.97,,,,
9/16/2020 12:45,906.13,,,,
9/16/2020 13:00,910.08,,,,
9/16/2020 13:15,922.64,,,,
9/16/2020 13:30,896.78,,,,
9/16/2020 13:45,887.17,,,,
9/16/2020 14:00,849.74,,,,
9/16/2020 14:15,861.31,,,,
9/16/2020 14:30,220.34,,,,
9/16/2020 14:45,778.23,,,,
9/16/2020 15:00,680.22,,,,
9/16/2020 15:15,616.68,,,,
9/16/2020 15:30,530.07,,,,
9/16/2020 15:45,538.94,,,,
9/16/2020 16:00,474.82,,,,
9/16/2020 16:15,417.52,,,,
9/16/2020 16:30,322.13,,,,
9/16/2020 16:45,302.43,,,,
9/16/2020 17:00,324.84,,,,
9/16/2020 17:15,123.85,,,,
9/16/2020 17:30,91.27,,,,
9/16/2020 17:45,76.879,,,,
9/16/2020 18:00,61.881,,,,
9/16/2020 18:15,42.614,,,,
9/16/2020 18:30,29.315,,,,
9/16/2020 18:45,22.863,,,,
9/16/2020 19:00,11.309,,,,
9/16/2020 19:15,3.8961,,,,
9/16/2020 19:30,0.56956,,,,
9/16/2020 19:45,0.013709,,,,
9/16/2020 20:00,0.00057465,,,,
9/16/2020 20:15,8.21E-05,,,,
9/16/2020 20:30,8.21E-05,,,,
9/16/2020 20:45,8.21E-05,,,,
9/16/2020 21:00,0,,,,
9/16/2020 21:15,8.21E-05,,,,
9/16/2020 21:30,8.21E-05,,,,
9/16/2020 21:45,0,,,,
9/16/2020 22:00,0,,,,
9/16/2020 22:15,0,,,,
9/16/2020 22:30,0,,,,
9/16/2020 22:45,0,,,,
9/16/2020 23:00,8.21E-05,,,,
9/16/2020 23:15,0,,,,
9/16/2020 23:30,0,,,,
9/16/2020 23:45,0,,,,
9/17/2020 0:00,0,,,,
9/17/2020 0:15,0,,,,
9/17/2020 0:30,0,,,,
9/17/2020 0:45,0,,,,
9/17/2020 1:00,0,,,,
9/17/2020 1:15,0,,,,
9/17/2020 1:30,0,,,,
9/17/2020 1:45,0,,,,
9/17/2020 2:00,0,,,,
9/17/2020 2:15,0,,,,
9/17/2020 2:30,0,,,,
9/17/2020 2:45,0,,,,
9/17/2020 3:00,0,,,,
9/17/2020 3:15,0,,,,
9/17/2020 3:30,0,,,,
9/17/2020 3:45,0,,,,
9/17/2020 4:00,8.21E-05,,,,
9/17/2020 4:15,0,,,,
9/17/2020 4:30,0,,,,
9/17/2020 4:45,0,,,,
9/17/2020 5:00,0,,,,
9/17/2020 5:15,0,,,,
9/17/2020 5:30,0,,,,
9/17/2020 5:45,0,,,,
9/17/2020 6:00,0.00016418,,,,
9/17/2020 6:15,0.0029553,,,,
9/17/2020 6:30,0.089399,,,,
9/17/2020 6:45,1.785,,,,
9/17/2020 7:00,8.1042,,,,
9/17/2020 7:15,17.689,,,,
9/17/2020 7:30,26.22,,,,
9/17/2020 7:45,33.1,,,,
9/17/2020 8:00,39.831,,,,
9/17/2020 8:15,46.448,,,,
9/17/2020 8:30,64.434,,,,
9/17/2020 8:45,240.37,,,,
9/17/2020 9:00,428.36,,,,
9/17/2020 9:15,474.33,,,,
9/17/2020 9:30,507,,,,
9/17/2020 9:45,561.43,,,,
9/17/2020 10:00,609.54,,,,
9/17/2020 10:15,649.51,,,,
9/17/2020 10:30,684.49,,,,
9/17/2020 10:45,716.99,,,,
9/17/2020 11:00,753.28,,,,
9/17/2020 11:15,789.32,,,,
9/17/2020 11:30,834.06,,,,
9/17/2020 11:45,846.78,,,,
9/17/2020 12:00,870.1,,,,
9/17/2020 12:15,875.02,,,,
9/17/2020 12:30,875.51,,,,
9/17/2020 12:45,919.68,,,,
9/17/2020 13:00,888.32,,,,
9/17/2020 13:15,898.66,,,,
9/17/2020 13:30,908.19,,,,
9/17/2020 13:45,912.37,,,,
9/17/2020 14:00,876.42,,,,
9/17/2020 14:15,858.77,,,,
9/17/2020 14:30,119.89,,,,
9/17/2020 14:45,803.93,,,,
9/17/2020 15:00,741.79,,,,
9/17/2020 15:15,673.98,,,,
9/17/2020 15:30,631.95,,,,
9/17/2020 15:45,571.77,,,,
9/17/2020 16:00,457.09,,,,
9/17/2020 16:15,148.79,,,,
9/17/2020 16:30,171.08,,,,
9/17/2020 16:45,140.67,,,,
9/17/2020 17:00,164.14,,,,
9/17/2020 17:15,122.66,,,,
9/17/2020 17:30,109.58,,,,
9/17/2020 17:45,91.902,,,,
9/17/2020 18:00,67.677,,,,
9/17/2020 18:15,47.893,,,,
9/17/2020 18:30,39.109,,,,
9/17/2020 18:45,25.046,,,,
9/17/2020 19:00,11.612,,,,
9/17/2020 19:15,2.2617,,,,
9/17/2020 19:30,0.18512,,,,
9/17/2020 19:45,0.0060748,,,,
9/17/2020 20:00,0.00024628,,,,
9/17/2020 20:15,8.21E-05,,,,
9/17/2020 20:30,0,,,,
9/17/2020 20:45,8.21E-05,,,,
9/17/2020 21:00,0,,,,
9/17/2020 21:15,0,,,,
9/17/2020 21:30,8.21E-05,,,,
9/17/2020 21:45,0,,,,
9/17/2020 22:00,0,,,,
9/17/2020 22:15,-8.21E-05,,,,
9/17/2020 22:30,0,,,,
9/17/2020 22:45,0,,,,
9/17/2020 23:00,0,,,,
9/17/2020 23:15,0,,,,
9/17/2020 23:30,8.21E-05,,,,
9/17/2020 23:45,0,,,,
9/18/2020 0:00,0,,,,
9/18/2020 0:15,8.21E-05,,,,
9/18/2020 0:30,0,,,,
9/18/2020 0:45,0,,,,
9/18/2020 1:00,0,,,,
9/18/2020 1:15,0,,,,
9/18/2020 1:30,0,,,,
9/18/2020 1:45,0,,,,
9/18/2020 2:00,0,,,,
9/18/2020 2:15,0,,,,
9/18/2020 2:30,8.21E-05,,,,
9/18/2020 2:45,0,,,,
9/18/2020 3:00,0,,,,
9/18/2020 3:15,8.21E-05,,,,
9/18/2020 3:30,0,,,,
9/18/2020 3:45,0,,,,
9/18/2020 4:00,0,,,,
9/18/2020 4:15,0,,,,
9/18/2020 4:30,0,,,,
9/18/2020 4:45,0,,,,
9/18/2020 5:00,0,,,,
9/18/2020 5:15,0,,,,
9/18/2020 5:30,0,,,,
9/18/2020 5:45,0,,,,
9/18/2020 6:00,8.21E-05,,,,
9/18/2020 6:15,0.0010672,,,,
9/18/2020 6:30,0.028158,,,,
9/18/2020 6:45,0.89177,,,,
9/18/2020 7:00,5.272,,,,
9/18/2020 7:15,18.993,,,,
9/18/2020 7:30,33.206,,,,
9/18/2020 7:45,50.946,,,,
9/18/2020 8:00,53.639,,,,
9/18/2020 8:15,66.068,,,,
9/18/2020 8:30,94.833,,,,
9/18/2020 8:45,181.01,,,,
9/18/2020 9:00,330.5,,,,
9/18/2020 9:15,201.37,,,,
9/18/2020 9:30,243.24,,,,
9/18/2020 9:45,163.77,,,,
9/18/2020 10:00,614.05,,,,
9/18/2020 10:15,660.1,,,,
9/18/2020 10:30,309.41,,,,
9/18/2020 10:45,783.82,,,,
9/18/2020 11:00,310.64,,,,
9/18/2020 11:15,341.83,,,,
9/18/2020 11:30,751.72,,,,
9/18/2020 11:45,276.16,,,,
9/18/2020 12:00,236.26,,,,
9/18/2020 12:15,146.47,,,,
9/18/2020 12:30,227.81,,,,
9/18/2020 12:45,261.14,,,,
9/18/2020 13:00,1023.2,,,,
9/18/2020 13:15,197.68,,,,
9/18/2020 13:30,912.7,,,,
9/18/2020 13:45,908.68,,,,
9/18/2020 14:00,215.57,,,,
9/18/2020 14:15,333.79,,,,
9/18/2020 14:30,334.77,,,,
9/18/2020 14:45,314.5,,,,
9/18/2020 15:00,370.32,,,,
9/18/2020 15:15,547.88,,,,
9/18/2020 15:30,247.26,,,,
9/18/2020 15:45,374.92,,,,
9/18/2020 16:00,296.93,,,,
9/18/2020 16:15,199.16,,,,
9/18/2020 16:30,135.59,,,,
9/18/2020 16:45,203.18,,,,
9/18/2020 17:00,259.9,,,,
9/18/2020 17:15,89.842,,,,
9/18/2020 17:30,70.821,,,,
9/18/2020 17:45,86.657,,,,
9/18/2020 18:00,73.604,,,,
9/18/2020 18:15,35.382,,,,
9/18/2020 18:30,42.737,,,,
9/18/2020 18:45,33.059,,,,
9/18/2020 19:00,9.7058,,,,
9/18/2020 19:15,2.6672,,,,
9/18/2020 19:30,0.26483,,,,
9/18/2020 19:45,0.0072241,,,,
9/18/2020 20:00,0.00041046,,,,
9/18/2020 20:15,8.21E-05,,,,
9/18/2020 20:30,0,,,,
9/18/2020 20:45,8.21E-05,,,,
9/18/2020 21:00,8.21E-05,,,,
9/18/2020 21:15,0,,,,
9/18/2020 21:30,0,,,,
9/18/2020 21:45,0,,,,
9/18/2020 22:00,0,,,,
9/18/2020 22:15,0,,,,
9/18/2020 22:30,0,,,,
9/18/2020 22:45,0,,,,
9/18/2020 23:00,0,,,,
9/18/2020 23:15,8.21E-05,,,,
9/18/2020 23:30,0,,,,
9/18/2020 23:45,0,,,,
9/19/2020 0:00,0,,,,
9/19/2020 0:15,8.21E-05,,,,
9/19/2020 0:30,8.21E-05,,,,
9/19/2020 0:45,8.21E-05,,,,
9/19/2020 1:00,0,,,,
9/19/2020 1:15,8.21E-05,,,,
9/19/2020 1:30,8.21E-05,,,,
9/19/2020 1:45,8.21E-05,,,,
9/19/2020 2:00,8.21E-05,,,,
9/19/2020 2:15,0,,,,
9/19/2020 2:30,8.21E-05,,,,
9/19/2020 2:45,8.21E-05,,,,
9/19/2020 3:00,0,,,,
9/19/2020 3:15,0,,,,
9/19/2020 3:30,0,,,,
9/19/2020 3:45,0,,,,
9/19/2020 4:00,0,,,,
9/19/2020 4:15,0,,,,
9/19/2020 4:30,8.21E-05,,,,
9/19/2020 4:45,8.21E-05,,,,
9/19/2020 5:00,0,,,,
9/19/2020 5:15,0,,,,
9/19/2020 5:30,0,,,,
9/19/2020 5:45,0,,,,
9/19/2020 6:00,0.00016418,,,,
9/19/2020 6:15,0.0016418,,,,
9/19/2020 6:30,0.048106,,,,
9/19/2020 6:45,1.2657,,,,
9/19/2020 7:00,6.8539,,,,
9/19/2020 7:15,17.533,,,,
9/19/2020 7:30,27.246,,,,
9/19/2020 7:45,35.374,,,,
9/19/2020 8:00,42.934,,,,
9/19/2020 8:15,49.846,,,,
9/19/2020 8:30,127.78,,,,
9/19/2020 8:45,355.87,,,,
9/19/2020 9:00,419.98,,,,
9/19/2020 9:15,478.6,,,,
9/19/2020 9:30,395.44,,,,
9/19/2020 9:45,556.75,,,,
9/19/2020 10:00,104.28,,,,
9/19/2020 10:15,758.2,,,,
9/19/2020 10:30,157.44,,,,
9/19/2020 10:45,231.75,,,,
9/19/2020 11:00,212.37,,,,
9/19/2020 11:15,288.39,,,,
9/19/2020 11:30,875.92,,,,
9/19/2020 11:45,959.17,,,,
9/19/2020 12:00,952.76,,,,
9/19/2020 12:15,271.81,,,,
9/19/2020 12:30,887.17,,,,
9/19/2020 12:45,295.53,,,,
9/19/2020 13:00,228.05,,,,
9/19/2020 13:15,736.29,,,,
9/19/2020 13:30,945.13,,,,
9/19/2020 13:45,913.19,,,,
9/19/2020 14:00,862.46,,,,
9/19/2020 14:15,258.26,,,,
9/19/2020 14:30,193.49,,,,
9/19/2020 14:45,778.89,,,,
9/19/2020 15:00,749.5,,,,
9/19/2020 15:15,718.96,,,,
9/19/2020 15:30,675.95,,,,
9/19/2020 15:45,637.94,,,,
9/19/2020 16:00,586.71,,,,
9/19/2020 16:15,534.09,,,,
9/19/2020 16:30,485.25,,,,
9/19/2020 16:45,432.3,,,,
9/19/2020 17:00,373.44,,,,
9/19/2020 17:15,101.7,,,,
9/19/2020 17:30,57.859,,,,
9/19/2020 17:45,48.878,,,,
9/19/2020 18:00,41.539,,,,
9/19/2020 18:15,35.111,,,,
9/19/2020 18:30,28.281,,,,
9/19/2020 18:45,19.755,,,,
9/19/2020 19:00,10.358,,,,
9/19/2020 19:15,2.5678,,,,
9/19/2020 19:30,0.21278,,,,
9/19/2020 19:45,0.0054181,,,,
9/19/2020 20:00,0.00032837,,,,
9/19/2020 20:15,8.21E-05,,,,
9/19/2020 20:30,8.21E-05,,,,
9/19/2020 20:45,8.21E-05,,,,
9/19/2020 21:00,8.21E-05,,,,
9/19/2020 21:15,0,,,,
9/19/2020 21:30,0,,,,
9/19/2020 21:45,0,,,,
9/19/2020 22:00,0,,,,
9/19/2020 22:15,8.21E-05,,,,
9/19/2020 22:30,0,,,,
9/19/2020 22:45,0,,,,
9/19/2020 23:00,8.21E-05,,,,
9/19/2020 23:15,8.21E-05,,,,
9/19/2020 23:30,8.21E-05,,,,
9/19/2020 23:45,8.21E-05,,,,
9/20/2020 0:00,0,,,,
9/20/2020 0:15,8.21E-05,,,,
9/20/2020 0:30,8.21E-05,,,,
9/20/2020 0:45,8.21E-05,,,,
9/20/2020 1:00,8.21E-05,,,,
9/20/2020 1:15,8.21E-05,,,,
9/20/2020 1:30,8.21E-05,,,,
9/20/2020 1:45,0,,,,
9/20/2020 2:00,0,,,,
9/20/2020 2:15,8.21E-05,,,,
9/20/2020 2:30,0,,,,
9/20/2020 2:45,8.21E-05,,,,
9/20/2020 3:00,0,,,,
9/20/2020 3:15,8.21E-05,,,,
9/20/2020 3:30,0,,,,
9/20/2020 3:45,8.21E-05,,,,
9/20/2020 4:00,8.21E-05,,,,
9/20/2020 4:15,0,,,,
9/20/2020 4:30,0,,,,
9/20/2020 4:45,0,,,,
9/20/2020 5:00,0,,,,
9/20/2020 5:15,0,,,,
9/20/2020 5:30,0,,,,
9/20/2020 5:45,8.21E-05,,,,
9/20/2020 6:00,0.00016418,,,,
9/20/2020 6:15,0.0016418,,,,
9/20/2020 6:30,0.0463,,,,
9/20/2020 6:45,1.2636,,,,
9/20/2020 7:00,6.1101,,,,
9/20/2020 7:15,13.39,,,,
9/20/2020 7:30,18.958,,,,
9/20/2020 7:45,23.602,,,,
9/20/2020 8:00,27.197,,,,
9/20/2020 8:15,31.482,,,,
9/20/2020 8:30,182,,,,
9/20/2020 8:45,390.6,,,,
9/20/2020 9:00,435.17,,,,
9/20/2020 9:15,487.46,,,,
9/20/2020 9:30,540.66,,,,
9/20/2020 9:45,587.78,,,,
9/20/2020 10:00,632.36,,,,
9/20/2020 10:15,679.72,,,,
9/20/2020 10:30,719.37,,,,
9/20/2020 10:45,753.61,,,,
9/20/2020 11:00,785.87,,,,
9/20/2020 11:15,811.89,,,,
9/20/2020 11:30,833.65,,,,
9/20/2020 11:45,859.18,,,,
9/20/2020 12:00,878.47,,,,
9/20/2020 12:15,888.81,,,,
9/20/2020 12:30,901.46,,,,
9/20/2020 12:45,904.82,,,,
9/20/2020 13:00,903.51,,,,
9/20/2020 13:15,901.62,,,,
9/20/2020 13:30,895.22,,,,
9/20/2020 13:45,880.77,,,,
9/20/2020 14:00,861.97,,,,
9/20/2020 14:15,840.79,,,,
9/20/2020 14:30,70.895,,,,
9/20/2020 14:45,793.5,,,,
9/20/2020 15:00,764.03,,,,
9/20/2020 15:15,732.02,,,,
9/20/2020 15:30,689.66,,,,
9/20/2020 15:45,648.86,,,,
9/20/2020 16:00,605.02,,,,
9/20/2020 16:15,559.54,,,,
9/20/2020 16:30,506.76,,,,
9/20/2020 16:45,461.85,,,,
9/20/2020 17:00,407.83,,,,
9/20/2020 17:15,79.679,,,,
9/20/2020 17:30,39.454,,,,
9/20/2020 17:45,33.756,,,,
9/20/2020 18:00,29.832,,,,
9/20/2020 18:15,26.565,,,,
9/20/2020 18:30,25.194,,,,
9/20/2020 18:45,17.389,,,,
9/20/2020 19:00,8.0828,,,,
9/20/2020 19:15,2.155,,,,
9/20/2020 19:30,0.092272,,,,
9/20/2020 19:45,0.0022986,,,,
9/20/2020 20:00,0.00016418,,,,
9/20/2020 20:15,8.21E-05,,,,
9/20/2020 20:30,0,,,,
9/20/2020 20:45,0,,,,
9/20/2020 21:00,0,,,,
9/20/2020 21:15,8.21E-05,,,,
9/20/2020 21:30,0,,,,
9/20/2020 21:45,0,,,,
9/20/2020 22:00,0,,,,
9/20/2020 22:15,8.21E-05,,,,
9/20/2020 22:30,8.21E-05,,,,
9/20/2020 22:45,8.21E-05,,,,
9/20/2020 23:00,0,,,,
9/20/2020 23:15,8.21E-05,,,,
9/20/2020 23:30,8.21E-05,,,,
9/20/2020 23:45,8.21E-05,,,,
9/21/2020 0:00,0,,,,
9/21/2020 0:15,0,,,,
9/21/2020 0:30,8.21E-05,,,,
9/21/2020 0:45,0,,,,
9/21/2020 1:00,0,,,,
9/21/2020 1:15,8.21E-05,,,,
9/21/2020 1:30,8.21E-05,,,,
9/21/2020 1:45,8.21E-05,,,,
9/21/2020 2:00,8.21E-05,,,,
9/21/2020 2:15,0,,,,
9/21/2020 2:30,0,,,,
9/21/2020 2:45,8.21E-05,,,,
9/21/2020 3:00,0,,,,
9/21/2020 3:15,0,,,,
9/21/2020 3:30,0,,,,
9/21/2020 3:45,8.21E-05,,,,
9/21/2020 4:00,0,,,,
9/21/2020 4:15,0,,,,
9/21/2020 4:30,8.21E-05,,,,
9/21/2020 4:45,0,,,,
9/21/2020 5:00,0,,,,
9/21/2020 5:15,0,,,,
9/21/2020 5:30,8.21E-05,,,,
9/21/2020 5:45,0,,,,
9/21/2020 6:00,0.00016418,,,,
9/21/2020 6:15,0.0014777,,,,
9/21/2020 6:30,0.036859,,,,
9/21/2020 6:45,1.1238,,,,
9/21/2020 7:00,5.2441,,,,
9/21/2020 7:15,14.306,,,,
9/21/2020 7:30,35.275,,,,
9/21/2020 7:45,50.971,,,,
9/21/2020 8:00,73.046,,,,
9/21/2020 8:15,93.963,,,,
9/21/2020 8:30,214.1,,,,
9/21/2020 8:45,243.81,,,,
9/21/2020 9:00,294.63,,,,
9/21/2020 9:15,344.05,,,,
9/21/2020 9:30,426.88,,,,
9/21/2020 9:45,432.71,,,,
9/21/2020 10:00,531.22,,,,
9/21/2020 10:15,553.79,,,,
9/21/2020 10:30,577.93,,,,
9/21/2020 10:45,646.72,,,,
9/21/2020 11:00,633.01,,,,
9/21/2020 11:15,704.6,,,,
9/21/2020 11:30,708.21,,,,
9/21/2020 11:45,762.72,,,,
9/21/2020 12:00,758.2,,,,
9/21/2020 12:15,699.18,,,,
9/21/2020 12:30,722.9,,,,
9/21/2020 12:45,815.67,,,,
9/21/2020 13:00,807.38,,,,
9/21/2020 13:15,800.97,,,,
9/21/2020 13:30,772,,,,
9/21/2020 13:45,762.56,,,,
9/21/2020 14:00,789.4,,,,
9/21/2020 14:15,737.6,,,,
9/21/2020 14:30,178.55,,,,
9/21/2020 14:45,711,,,,
9/21/2020 15:00,662.07,,,,
9/21/2020 15:15,478.35,,,,
9/21/2020 15:30,656.82,,,,
9/21/2020 15:45,610.52,,,,
9/21/2020 15:59,NOTIFY =,LOGGING OFF, =,, =
