lake,date_time,temp_c,light_intensity_lux,depth
cedar,2020-07-17T18:00:00Z,26.097,15844.5,2.5m
cedar,2020-07-17T19:00:00Z,25.416,2152.8,2.5m
cedar,2020-07-17T20:00:00Z,25.416,1151.7,2.5m
cedar,2020-07-17T21:00:00Z,25.319,0,2.5m
cedar,2020-07-17T22:00:00Z,25.222,0,2.5m
cedar,2020-07-17T23:00:00Z,25.222,0,2.5m
cedar,2020-07-18T00:00:00Z,24.931,0,2.5m
cedar,2020-07-18T01:00:00Z,24.835,0,2.5m
cedar,2020-07-18T02:00:00Z,24.641,0,2.5m
cedar,2020-07-18T03:00:00Z,24.448,0,2.5m
cedar,2020-07-18T04:00:00Z,24.255,0,2.5m
cedar,2020-07-18T05:00:00Z,24.062,0,2.5m
cedar,2020-07-18T06:00:00Z,23.966,290.6,2.5m
cedar,2020-07-18T07:00:00Z,23.869,1722.2,2.5m
cedar,2020-07-18T08:00:00Z,24.255,10677.8,2.5m
cedar,2020-07-18T09:00:00Z,24.545,17222.3,2.5m
cedar,2020-07-18T10:00:00Z,25.028,37200.2,2.5m
cedar,2020-07-18T11:00:00Z,25.416,57867,2.5m
cedar,2020-07-18T12:00:00Z,26,57867,2.5m
cedar,2020-07-18T13:00:00Z,26.292,49600.3,2.5m
cedar,2020-07-18T14:00:00Z,26.683,44089.2,2.5m
cedar,2020-07-18T15:00:00Z,26.683,60622.6,2.5m
cedar,2020-07-18T16:00:00Z,27.075,49600.3,2.5m
cedar,2020-07-18T17:00:00Z,26.879,41333.6,2.5m
cedar,2020-07-18T18:00:00Z,26.488,11711.2,2.5m
cedar,2020-07-18T19:00:00Z,25.805,2755.6,2.5m
cedar,2020-07-18T20:00:00Z,25.708,1463.9,2.5m
cedar,2020-07-18T21:00:00Z,25.513,0,2.5m
cedar,2020-07-18T22:00:00Z,25.513,0,2.5m
cedar,2020-07-18T23:00:00Z,25.513,0,2.5m
cedar,2020-07-19T00:00:00Z,25.319,0,2.5m
cedar,2020-07-19T01:00:00Z,25.125,0,2.5m
cedar,2020-07-19T02:00:00Z,24.931,0,2.5m
cedar,2020-07-19T03:00:00Z,24.738,0,2.5m
cedar,2020-07-19T04:00:00Z,24.545,0,2.5m
cedar,2020-07-19T05:00:00Z,24.448,0,2.5m
cedar,2020-07-19T06:00:00Z,24.255,279.9,2.5m
cedar,2020-07-19T07:00:00Z,24.255,2583.4,2.5m
cedar,2020-07-19T08:00:00Z,24.448,10333.4,2.5m
cedar,2020-07-19T09:00:00Z,24.835,22044.6,2.5m
cedar,2020-07-19T10:00:00Z,25.222,37200.2,2.5m
cedar,2020-07-19T11:00:00Z,25.708,27555.7,2.5m
cedar,2020-07-19T12:00:00Z,26.097,49600.3,2.5m
cedar,2020-07-19T13:00:00Z,26.585,60622.6,2.5m
cedar,2020-07-19T14:00:00Z,26.195,11711.2,2.5m
cedar,2020-07-19T15:00:00Z,26.977,52355.9,2.5m
cedar,2020-07-19T16:00:00Z,27.272,28933.5,2.5m
cedar,2020-07-19T17:00:00Z,26.781,10333.4,2.5m
cedar,2020-07-19T18:00:00Z,26.097,5511.1,2.5m
cedar,2020-07-19T19:00:00Z,26,2583.4,2.5m
cedar,2020-07-19T20:00:00Z,25.902,1076.4,2.5m
cedar,2020-07-19T21:00:00Z,25.708,0,2.5m
cedar,2020-07-19T22:00:00Z,25.805,0,2.5m
cedar,2020-07-19T23:00:00Z,25.708,0,2.5m
cedar,2020-07-20T00:00:00Z,25.513,0,2.5m
cedar,2020-07-20T01:00:00Z,25.319,0,2.5m
cedar,2020-07-20T02:00:00Z,25.125,0,2.5m
cedar,2020-07-20T03:00:00Z,24.931,0,2.5m
cedar,2020-07-20T04:00:00Z,24.835,0,2.5m
cedar,2020-07-20T05:00:00Z,24.641,0,2.5m
cedar,2020-07-20T06:00:00Z,24.448,258.3,2.5m
cedar,2020-07-20T07:00:00Z,24.351,1808.3,2.5m
cedar,2020-07-20T08:00:00Z,24.641,10333.4,2.5m
cedar,2020-07-20T09:00:00Z,25.028,22044.6,2.5m
cedar,2020-07-20T10:00:00Z,25.416,34444.7,2.5m
cedar,2020-07-20T11:00:00Z,25.902,41333.6,2.5m
cedar,2020-07-20T12:00:00Z,26.488,52355.9,2.5m
cedar,2020-07-20T13:00:00Z,26.683,57867,2.5m
cedar,2020-07-20T14:00:00Z,27.173,66133.8,2.5m
cedar,2020-07-20T15:00:00Z,27.272,52355.9,2.5m
cedar,2020-07-20T16:00:00Z,27.468,41333.6,2.5m
cedar,2020-07-20T17:00:00Z,27.173,27555.7,2.5m
cedar,2020-07-20T18:00:00Z,27.173,18600.1,2.5m
cedar,2020-07-20T19:00:00Z,26.39,2411.1,2.5m
cedar,2020-07-20T20:00:00Z,26.195,1205.6,2.5m
cedar,2020-07-20T21:00:00Z,26.097,0,2.5m
cedar,2020-07-20T22:00:00Z,26.195,0,2.5m
cedar,2020-07-20T23:00:00Z,25.902,0,2.5m
cedar,2020-07-21T00:00:00Z,25.708,0,2.5m
cedar,2020-07-21T01:00:00Z,25.513,0,2.5m
cedar,2020-07-21T02:00:00Z,25.319,0,2.5m
cedar,2020-07-21T03:00:00Z,25.125,0,2.5m
cedar,2020-07-21T04:00:00Z,24.931,0,2.5m
cedar,2020-07-21T05:00:00Z,24.738,0,2.5m
cedar,2020-07-21T06:00:00Z,24.545,279.9,2.5m
cedar,2020-07-21T07:00:00Z,24.545,2497.2,2.5m
cedar,2020-07-21T08:00:00Z,24.545,6200,2.5m
cedar,2020-07-21T09:00:00Z,25.222,22044.6,2.5m
cedar,2020-07-21T10:00:00Z,25.416,31689.1,2.5m
cedar,2020-07-21T11:00:00Z,25.902,44089.2,2.5m
cedar,2020-07-21T12:00:00Z,26.39,37200.2,2.5m
cedar,2020-07-21T13:00:00Z,26.781,26178,2.5m
cedar,2020-07-21T14:00:00Z,27.173,63378.2,2.5m
cedar,2020-07-21T15:00:00Z,26.879,63378.2,2.5m
cedar,2020-07-21T16:00:00Z,27.37,33066.9,2.5m
cedar,2020-07-21T17:00:00Z,27.075,26178,2.5m
cedar,2020-07-21T18:00:00Z,26.879,14466.8,2.5m
cedar,2020-07-21T19:00:00Z,26.292,3272.2,2.5m
cedar,2020-07-21T20:00:00Z,26.097,1205.6,2.5m
cedar,2020-07-21T21:00:00Z,26.195,0,2.5m
cedar,2020-07-21T22:00:00Z,26.097,0,2.5m
cedar,2020-07-21T23:00:00Z,25.902,0,2.5m
cedar,2020-07-22T00:00:00Z,25.708,0,2.5m
cedar,2020-07-22T01:00:00Z,25.61,0,2.5m
cedar,2020-07-22T02:00:00Z,25.416,0,2.5m
cedar,2020-07-22T03:00:00Z,25.222,0,2.5m
cedar,2020-07-22T04:00:00Z,25.125,0,2.5m
cedar,2020-07-22T05:00:00Z,24.931,0,2.5m
cedar,2020-07-22T06:00:00Z,24.738,215.3,2.5m
cedar,2020-07-22T07:00:00Z,24.738,2927.8,2.5m
cedar,2020-07-22T08:00:00Z,24.835,8266.7,2.5m
cedar,2020-07-22T09:00:00Z,25.222,16533.4,2.5m
cedar,2020-07-22T10:00:00Z,25.416,15155.7,2.5m
cedar,2020-07-22T11:00:00Z,26,42711.4,2.5m
cedar,2020-07-22T12:00:00Z,26.488,49600.3,2.5m
cedar,2020-07-22T13:00:00Z,26.585,17911.2,2.5m
cedar,2020-07-22T14:00:00Z,27.468,85422.8,2.5m
cedar,2020-07-22T15:00:00Z,26.781,35822.5,2.5m
cedar,2020-07-22T16:00:00Z,26.292,13777.9,2.5m
cedar,2020-07-22T17:00:00Z,26.39,11022.3,2.5m
cedar,2020-07-22T18:00:00Z,26.097,3100,2.5m
cedar,2020-07-22T19:00:00Z,26,516.7,2.5m
cedar,2020-07-22T20:00:00Z,25.61,183,2.5m
cedar,2020-07-22T21:00:00Z,25.416,0,2.5m
cedar,2020-07-22T22:00:00Z,25.222,0,2.5m
cedar,2020-07-22T23:00:00Z,24.931,0,2.5m
cedar,2020-07-23T00:00:00Z,24.835,0,2.5m
cedar,2020-07-23T01:00:00Z,24.641,0,2.5m
cedar,2020-07-23T02:00:00Z,24.448,0,2.5m
cedar,2020-07-23T03:00:00Z,24.255,0,2.5m
cedar,2020-07-23T04:00:00Z,24.062,0,2.5m
cedar,2020-07-23T05:00:00Z,23.869,0,2.5m
cedar,2020-07-23T06:00:00Z,23.773,172.2,2.5m
cedar,2020-07-23T07:00:00Z,23.677,1377.8,2.5m
cedar,2020-07-23T08:00:00Z,23.869,9644.5,2.5m
cedar,2020-07-23T09:00:00Z,24.255,19289,2.5m
cedar,2020-07-23T10:00:00Z,24.545,33066.9,2.5m
cedar,2020-07-23T11:00:00Z,24.738,28933.5,2.5m
cedar,2020-07-23T12:00:00Z,25.222,13777.9,2.5m
cedar,2020-07-23T13:00:00Z,25.319,60622.6,2.5m
cedar,2020-07-23T14:00:00Z,26.195,71644.9,2.5m
cedar,2020-07-23T15:00:00Z,25.805,20666.8,2.5m
cedar,2020-07-23T16:00:00Z,26,11022.3,2.5m
cedar,2020-07-23T17:00:00Z,25.902,28933.5,2.5m
cedar,2020-07-23T18:00:00Z,25.416,6200,2.5m
cedar,2020-07-23T19:00:00Z,25.028,4133.4,2.5m
cedar,2020-07-23T20:00:00Z,24.931,1808.3,2.5m
cedar,2020-07-23T21:00:00Z,24.738,0,2.5m
cedar,2020-07-23T22:00:00Z,24.641,0,2.5m
cedar,2020-07-23T23:00:00Z,24.448,0,2.5m
cedar,2020-07-24T00:00:00Z,24.255,0,2.5m
cedar,2020-07-24T01:00:00Z,24.158,0,2.5m
cedar,2020-07-24T02:00:00Z,23.966,0,2.5m
cedar,2020-07-24T03:00:00Z,23.773,0,2.5m
cedar,2020-07-24T04:00:00Z,23.581,0,2.5m
cedar,2020-07-24T05:00:00Z,23.388,0,2.5m
cedar,2020-07-24T06:00:00Z,23.196,193.8,2.5m
cedar,2020-07-24T07:00:00Z,23.1,1550,2.5m
cedar,2020-07-24T08:00:00Z,23.292,10677.8,2.5m
cedar,2020-07-24T09:00:00Z,23.773,27555.7,2.5m
cedar,2020-07-24T10:00:00Z,23.869,17222.3,2.5m
cedar,2020-07-24T11:00:00Z,24.545,42711.4,2.5m
cedar,2020-07-24T12:00:00Z,25.125,60622.6,2.5m
cedar,2020-07-24T13:00:00Z,25.513,52355.9,2.5m
cedar,2020-07-24T14:00:00Z,25.61,60622.6,2.5m
cedar,2020-07-24T15:00:00Z,25.416,63378.2,2.5m
cedar,2020-07-24T16:00:00Z,26.097,13777.9,2.5m
cedar,2020-07-24T17:00:00Z,26.097,52355.9,2.5m
cedar,2020-07-24T18:00:00Z,25.805,19977.9,2.5m
cedar,2020-07-24T19:00:00Z,25.125,3788.9,2.5m
cedar,2020-07-24T20:00:00Z,24.931,1377.8,2.5m
cedar,2020-07-24T21:00:00Z,24.835,0,2.5m
cedar,2020-07-24T22:00:00Z,24.835,0,2.5m
cedar,2020-07-24T23:00:00Z,24.738,0,2.5m
cedar,2020-07-25T00:00:00Z,24.545,0,2.5m
cedar,2020-07-25T01:00:00Z,24.351,0,2.5m
cedar,2020-07-25T02:00:00Z,24.158,0,2.5m
cedar,2020-07-25T03:00:00Z,23.966,0,2.5m
cedar,2020-07-25T04:00:00Z,23.773,0,2.5m
cedar,2020-07-25T05:00:00Z,23.677,0,2.5m
cedar,2020-07-25T06:00:00Z,23.484,183,2.5m
cedar,2020-07-25T07:00:00Z,23.388,1463.9,2.5m
cedar,2020-07-25T08:00:00Z,23.677,9300.1,2.5m
cedar,2020-07-25T09:00:00Z,23.966,12400.1,2.5m
cedar,2020-07-25T10:00:00Z,24.448,30311.3,2.5m
cedar,2020-07-25T11:00:00Z,24.931,28933.5,2.5m
cedar,2020-07-25T12:00:00Z,25.319,49600.3,2.5m
cedar,2020-07-25T13:00:00Z,25.805,57867,2.5m
cedar,2020-07-25T14:00:00Z,26,12400.1,2.5m
cedar,2020-07-25T15:00:00Z,26,46844.8,2.5m
cedar,2020-07-25T16:00:00Z,26.585,66133.8,2.5m
cedar,2020-07-25T17:00:00Z,26.39,28933.5,2.5m
cedar,2020-07-25T18:00:00Z,25.902,13777.9,2.5m
cedar,2020-07-25T19:00:00Z,25.319,2238.9,2.5m
cedar,2020-07-25T20:00:00Z,25.222,925.7,2.5m
cedar,2020-07-25T21:00:00Z,25.222,0,2.5m
cedar,2020-07-25T22:00:00Z,25.125,0,2.5m
cedar,2020-07-25T23:00:00Z,24.931,0,2.5m
cedar,2020-07-26T00:00:00Z,24.738,0,2.5m
cedar,2020-07-26T01:00:00Z,24.545,0,2.5m
cedar,2020-07-26T02:00:00Z,24.351,0,2.5m
cedar,2020-07-26T03:00:00Z,24.158,0,2.5m
cedar,2020-07-26T04:00:00Z,23.966,0,2.5m
cedar,2020-07-26T05:00:00Z,23.869,0,2.5m
cedar,2020-07-26T06:00:00Z,23.677,161.5,2.5m
cedar,2020-07-26T07:00:00Z,23.581,1722.2,2.5m
cedar,2020-07-26T08:00:00Z,23.869,9300.1,2.5m
cedar,2020-07-26T09:00:00Z,24.158,20666.8,2.5m
cedar,2020-07-26T10:00:00Z,24.545,8611.2,2.5m
cedar,2020-07-26T11:00:00Z,25.125,44089.2,2.5m
cedar,2020-07-26T12:00:00Z,25.708,41333.6,2.5m
cedar,2020-07-26T13:00:00Z,26,55111.5,2.5m
cedar,2020-07-26T14:00:00Z,26.195,23422.4,2.5m
cedar,2020-07-26T15:00:00Z,26.097,74400.5,2.5m
cedar,2020-07-26T16:00:00Z,26.488,37200.2,2.5m
cedar,2020-07-26T17:00:00Z,26.195,15155.7,2.5m
cedar,2020-07-26T18:00:00Z,25.222,1636.1,2.5m
cedar,2020-07-26T19:00:00Z,25.222,3100,2.5m
cedar,2020-07-26T20:00:00Z,25.319,699.7,2.5m
cedar,2020-07-26T21:00:00Z,25.319,0,2.5m
cedar,2020-07-26T22:00:00Z,25.125,0,2.5m
cedar,2020-07-26T23:00:00Z,24.931,0,2.5m
cedar,2020-07-27T00:00:00Z,24.835,0,2.5m
cedar,2020-07-27T01:00:00Z,24.641,0,2.5m
cedar,2020-07-27T02:00:00Z,24.448,0,2.5m
cedar,2020-07-27T03:00:00Z,24.351,0,2.5m
cedar,2020-07-27T04:00:00Z,24.158,0,2.5m
cedar,2020-07-27T05:00:00Z,24.062,0,2.5m
cedar,2020-07-27T06:00:00Z,23.869,75.3,2.5m
cedar,2020-07-27T07:00:00Z,23.869,2927.8,2.5m
cedar,2020-07-27T08:00:00Z,23.966,5511.1,2.5m
cedar,2020-07-27T09:00:00Z,24.255,12400.1,2.5m
cedar,2020-07-27T10:00:00Z,24.641,21355.7,2.5m
cedar,2020-07-27T11:00:00Z,24.931,17911.2,2.5m
cedar,2020-07-27T12:00:00Z,25.319,42711.4,2.5m
cedar,2020-07-27T13:00:00Z,25.902,33066.9,2.5m
cedar,2020-07-27T14:00:00Z,25.513,37200.2,2.5m
cedar,2020-07-27T15:00:00Z,25.222,20666.8,2.5m
cedar,2020-07-27T16:00:00Z,24.931,5166.7,2.5m
cedar,2020-07-27T17:00:00Z,25.61,23422.4,2.5m
cedar,2020-07-27T18:00:00Z,24.835,1636.1,2.5m
cedar,2020-07-27T19:00:00Z,24.738,53.8,2.5m
cedar,2020-07-27T20:00:00Z,24.545,10.8,2.5m
cedar,2020-07-27T21:00:00Z,24.448,0,2.5m
cedar,2020-07-27T22:00:00Z,24.255,0,2.5m
cedar,2020-07-27T23:00:00Z,24.062,0,2.5m
cedar,2020-07-28T00:00:00Z,23.869,0,2.5m
cedar,2020-07-28T01:00:00Z,23.677,0,2.5m
cedar,2020-07-28T02:00:00Z,23.581,0,2.5m
cedar,2020-07-28T03:00:00Z,23.388,0,2.5m
cedar,2020-07-28T04:00:00Z,23.196,0,2.5m
cedar,2020-07-28T05:00:00Z,23.004,0,2.5m
cedar,2020-07-28T06:00:00Z,22.908,96.9,2.5m
cedar,2020-07-28T07:00:00Z,22.812,1808.3,2.5m
cedar,2020-07-28T08:00:00Z,23.1,7577.8,2.5m
cedar,2020-07-28T09:00:00Z,23.388,9300.1,2.5m
cedar,2020-07-28T10:00:00Z,23.773,30311.3,2.5m
cedar,2020-07-28T11:00:00Z,24.255,38578,2.5m
cedar,2020-07-28T12:00:00Z,24.641,74400.5,2.5m
cedar,2020-07-28T13:00:00Z,25.125,52355.9,2.5m
cedar,2020-07-28T14:00:00Z,25.416,15155.7,2.5m
cedar,2020-07-28T15:00:00Z,25.416,31689.1,2.5m
cedar,2020-07-28T16:00:00Z,24.545,7577.8,2.5m
cedar,2020-07-28T17:00:00Z,25.513,11022.3,2.5m
cedar,2020-07-28T18:00:00Z,25.319,8266.7,2.5m
cedar,2020-07-28T19:00:00Z,24.351,2152.8,2.5m
cedar,2020-07-28T20:00:00Z,24.448,807.3,2.5m
cedar,2020-07-28T21:00:00Z,24.255,0,2.5m
cedar,2020-07-28T22:00:00Z,24.545,0,2.5m
cedar,2020-07-28T23:00:00Z,24.351,0,2.5m
cedar,2020-07-29T00:00:00Z,24.158,0,2.5m
cedar,2020-07-29T01:00:00Z,23.966,0,2.5m
cedar,2020-07-29T02:00:00Z,23.773,0,2.5m
cedar,2020-07-29T03:00:00Z,23.677,0,2.5m
cedar,2020-07-29T04:00:00Z,23.484,0,2.5m
cedar,2020-07-29T05:00:00Z,23.292,0,2.5m
cedar,2020-07-29T06:00:00Z,23.196,118.4,2.5m
cedar,2020-07-29T07:00:00Z,23.1,1345.5,2.5m
cedar,2020-07-29T08:00:00Z,23.388,8266.7,2.5m
cedar,2020-07-29T09:00:00Z,23.677,17911.2,2.5m
cedar,2020-07-29T10:00:00Z,24.158,14466.8,2.5m
cedar,2020-07-29T11:00:00Z,24.641,37200.2,2.5m
cedar,2020-07-29T12:00:00Z,25.028,49600.3,2.5m
cedar,2020-07-29T13:00:00Z,25.61,44089.2,2.5m
cedar,2020-07-29T14:00:00Z,25.708,52355.9,2.5m
cedar,2020-07-29T15:00:00Z,25.708,34444.7,2.5m
cedar,2020-07-29T16:00:00Z,26.195,38578,2.5m
cedar,2020-07-29T17:00:00Z,26.097,66133.8,2.5m
cedar,2020-07-29T18:00:00Z,25.61,5166.7,2.5m
cedar,2020-07-29T19:00:00Z,24.835,1550,2.5m
cedar,2020-07-29T20:00:00Z,24.931,764.2,2.5m
cedar,2020-07-29T21:00:00Z,24.835,0,2.5m
cedar,2020-07-29T22:00:00Z,24.641,0,2.5m
cedar,2020-07-29T23:00:00Z,24.448,0,2.5m
cedar,2020-07-30T00:00:00Z,24.158,0,2.5m
cedar,2020-07-30T01:00:00Z,23.966,0,2.5m
cedar,2020-07-30T02:00:00Z,23.773,0,2.5m
cedar,2020-07-30T03:00:00Z,23.581,0,2.5m
cedar,2020-07-30T04:00:00Z,23.388,0,2.5m
cedar,2020-07-30T05:00:00Z,23.196,0,2.5m
cedar,2020-07-30T06:00:00Z,23.004,96.9,2.5m
cedar,2020-07-30T07:00:00Z,22.908,1097.9,2.5m
cedar,2020-07-30T08:00:00Z,23.196,8266.7,2.5m
cedar,2020-07-30T09:00:00Z,23.581,12400.1,2.5m
cedar,2020-07-30T10:00:00Z,24.062,57867,2.5m
cedar,2020-07-30T11:00:00Z,24.448,37200.2,2.5m
cedar,2020-07-30T12:00:00Z,24.931,34444.7,2.5m
cedar,2020-07-30T13:00:00Z,25.319,31689.1,2.5m
cedar,2020-07-30T14:00:00Z,25.319,66133.8,2.5m
cedar,2020-07-30T15:00:00Z,25.513,20666.8,2.5m
cedar,2020-07-30T16:00:00Z,25.902,28933.5,2.5m
cedar,2020-07-30T17:00:00Z,25.902,20666.8,2.5m
cedar,2020-07-30T18:00:00Z,25.61,12400.1,2.5m
cedar,2020-07-30T19:00:00Z,24.738,1377.8,2.5m
cedar,2020-07-30T20:00:00Z,24.641,721.2,2.5m
cedar,2020-07-30T21:00:00Z,24.448,0,2.5m
cedar,2020-07-30T22:00:00Z,24.158,0,2.5m
cedar,2020-07-30T23:00:00Z,23.966,0,2.5m
cedar,2020-07-31T00:00:00Z,23.773,0,2.5m
cedar,2020-07-31T01:00:00Z,23.581,0,2.5m
cedar,2020-07-31T02:00:00Z,23.484,0,2.5m
cedar,2020-07-31T03:00:00Z,23.292,0,2.5m
cedar,2020-07-31T04:00:00Z,23.1,0,2.5m
cedar,2020-07-31T05:00:00Z,22.908,0,2.5m
cedar,2020-07-31T06:00:00Z,22.717,96.9,2.5m
cedar,2020-07-31T07:00:00Z,22.621,1076.4,2.5m
cedar,2020-07-31T08:00:00Z,22.908,8266.7,2.5m
cedar,2020-07-31T09:00:00Z,23.292,18600.1,2.5m
cedar,2020-07-31T10:00:00Z,23.773,28933.5,2.5m
cedar,2020-07-31T11:00:00Z,24.255,12400.1,2.5m
cedar,2020-07-31T12:00:00Z,24.641,42711.4,2.5m
cedar,2020-07-31T13:00:00Z,25.028,42711.4,2.5m
cedar,2020-07-31T14:00:00Z,25.513,23422.4,2.5m
cedar,2020-07-31T15:00:00Z,25.708,22044.6,2.5m
cedar,2020-07-31T16:00:00Z,25.902,31689.1,2.5m
cedar,2020-07-31T17:00:00Z,25.708,24800.2,2.5m
cedar,2020-07-31T18:00:00Z,25.222,33066.9,2.5m
cedar,2020-07-31T19:00:00Z,24.545,1550,2.5m
cedar,2020-07-31T20:00:00Z,24.545,667.4,2.5m
cedar,2020-07-31T21:00:00Z,24.351,0,2.5m
cedar,2020-07-31T22:00:00Z,24.158,0,2.5m
cedar,2020-07-31T23:00:00Z,23.966,0,2.5m
cedar,2020-08-01T00:00:00Z,23.773,0,2.5m
cedar,2020-08-01T01:00:00Z,23.581,0,2.5m
cedar,2020-08-01T02:00:00Z,23.388,0,2.5m
cedar,2020-08-01T03:00:00Z,23.196,0,2.5m
cedar,2020-08-01T04:00:00Z,23.1,0,2.5m
cedar,2020-08-01T05:00:00Z,22.908,0,2.5m
cedar,2020-08-01T06:00:00Z,22.717,53.8,2.5m
cedar,2020-08-01T07:00:00Z,22.621,1636.1,2.5m
cedar,2020-08-01T08:00:00Z,22.812,7577.8,2.5m
cedar,2020-08-01T09:00:00Z,23.292,14466.8,2.5m
cedar,2020-08-01T10:00:00Z,23.677,24800.2,2.5m
cedar,2020-08-01T11:00:00Z,24.255,22044.6,2.5m
cedar,2020-08-01T12:00:00Z,24.835,30311.3,2.5m
cedar,2020-08-01T13:00:00Z,25.222,55111.5,2.5m
cedar,2020-08-01T14:00:00Z,25.513,35822.5,2.5m
cedar,2020-08-01T15:00:00Z,25.319,27555.7,2.5m
cedar,2020-08-01T16:00:00Z,25.708,46844.8,2.5m
cedar,2020-08-01T17:00:00Z,25.61,44089.2,2.5m
cedar,2020-08-01T18:00:00Z,25.319,9300.1,2.5m
cedar,2020-08-01T19:00:00Z,24.255,1636.1,2.5m
cedar,2020-08-01T20:00:00Z,24.255,764.2,2.5m
cedar,2020-08-01T21:00:00Z,24.255,0,2.5m
cedar,2020-08-01T22:00:00Z,24.062,0,2.5m
cedar,2020-08-01T23:00:00Z,23.869,0,2.5m
cedar,2020-08-02T00:00:00Z,23.773,0,2.5m
cedar,2020-08-02T01:00:00Z,23.581,0,2.5m
cedar,2020-08-02T02:00:00Z,23.388,0,2.5m
cedar,2020-08-02T03:00:00Z,23.292,0,2.5m
cedar,2020-08-02T04:00:00Z,23.1,0,2.5m
cedar,2020-08-02T05:00:00Z,22.908,0,2.5m
cedar,2020-08-02T06:00:00Z,22.717,64.6,2.5m
cedar,2020-08-02T07:00:00Z,22.717,1270.1,2.5m
cedar,2020-08-02T08:00:00Z,22.908,7233.4,2.5m
cedar,2020-08-02T09:00:00Z,23.292,12400.1,2.5m
cedar,2020-08-02T10:00:00Z,23.773,33066.9,2.5m
cedar,2020-08-02T11:00:00Z,24.255,21355.7,2.5m
cedar,2020-08-02T12:00:00Z,24.835,115734.1,2.5m
cedar,2020-08-02T13:00:00Z,25.028,23422.4,2.5m
cedar,2020-08-02T14:00:00Z,25.319,41333.6,2.5m
cedar,2020-08-02T15:00:00Z,25.61,198401.3,2.5m
cedar,2020-08-02T16:00:00Z,25.708,26178,2.5m
cedar,2020-08-02T17:00:00Z,25.61,24800.2,2.5m
cedar,2020-08-02T18:00:00Z,25.125,10677.8,2.5m
cedar,2020-08-02T19:00:00Z,24.545,2669.5,2.5m
cedar,2020-08-02T20:00:00Z,24.545,850.4,2.5m
cedar,2020-08-02T21:00:00Z,24.255,0,2.5m
cedar,2020-08-02T22:00:00Z,24.062,0,2.5m
cedar,2020-08-02T23:00:00Z,23.869,0,2.5m
cedar,2020-08-03T00:00:00Z,23.677,0,2.5m
cedar,2020-08-03T01:00:00Z,23.581,0,2.5m
cedar,2020-08-03T02:00:00Z,23.388,0,2.5m
cedar,2020-08-03T03:00:00Z,23.196,0,2.5m
cedar,2020-08-03T04:00:00Z,23.004,0,2.5m
cedar,2020-08-03T05:00:00Z,22.908,0,2.5m
cedar,2020-08-03T06:00:00Z,22.717,53.8,2.5m
cedar,2020-08-03T07:00:00Z,22.621,1377.8,2.5m
cedar,2020-08-03T08:00:00Z,22.908,7233.4,2.5m
cedar,2020-08-03T09:00:00Z,23.292,17222.3,2.5m
cedar,2020-08-03T10:00:00Z,23.677,27555.7,2.5m
cedar,2020-08-03T11:00:00Z,24.158,33066.9,2.5m
cedar,2020-08-03T12:00:00Z,24.835,49600.3,2.5m
cedar,2020-08-03T13:00:00Z,25.319,104711.8,2.5m
cedar,2020-08-03T14:00:00Z,25.708,44089.2,2.5m
cedar,2020-08-03T15:00:00Z,25.319,42711.4,2.5m
cedar,2020-08-03T16:00:00Z,25.708,33066.9,2.5m
cedar,2020-08-03T17:00:00Z,25.708,63378.2,2.5m
cedar,2020-08-03T18:00:00Z,25.319,9644.5,2.5m
cedar,2020-08-03T19:00:00Z,24.351,1636.1,2.5m
cedar,2020-08-03T20:00:00Z,24.255,699.7,2.5m
cedar,2020-08-03T21:00:00Z,24.158,0,2.5m
cedar,2020-08-03T22:00:00Z,24.158,0,2.5m
cedar,2020-08-03T23:00:00Z,24.062,0,2.5m
cedar,2020-08-04T00:00:00Z,23.869,0,2.5m
cedar,2020-08-04T01:00:00Z,23.677,0,2.5m
cedar,2020-08-04T02:00:00Z,23.484,0,2.5m
cedar,2020-08-04T03:00:00Z,23.292,0,2.5m
cedar,2020-08-04T04:00:00Z,23.196,0,2.5m
cedar,2020-08-04T05:00:00Z,23.004,0,2.5m
cedar,2020-08-04T06:00:00Z,22.812,43.1,2.5m
cedar,2020-08-04T07:00:00Z,22.717,1184,2.5m
cedar,2020-08-04T08:00:00Z,23.004,5166.7,2.5m
cedar,2020-08-04T09:00:00Z,23.484,17911.2,2.5m
cedar,2020-08-04T10:00:00Z,23.966,23422.4,2.5m
cedar,2020-08-04T11:00:00Z,24.545,31689.1,2.5m
cedar,2020-08-04T12:00:00Z,24.738,44089.2,2.5m
cedar,2020-08-04T13:00:00Z,25.319,37200.2,2.5m
cedar,2020-08-04T14:00:00Z,25.513,11022.3,2.5m
cedar,2020-08-04T15:00:00Z,25.513,39955.8,2.5m
cedar,2020-08-04T16:00:00Z,26,38578,2.5m
cedar,2020-08-04T17:00:00Z,25.805,39955.8,2.5m
cedar,2020-08-04T18:00:00Z,25.513,6200,2.5m
cedar,2020-08-04T19:00:00Z,24.448,1463.9,2.5m
cedar,2020-08-04T20:00:00Z,24.448,602.8,2.5m
cedar,2020-08-04T21:00:00Z,24.255,0,2.5m
cedar,2020-08-04T22:00:00Z,24.255,0,2.5m
cedar,2020-08-04T23:00:00Z,24.255,0,2.5m
cedar,2020-08-05T00:00:00Z,24.158,0,2.5m
cedar,2020-08-05T01:00:00Z,23.966,0,2.5m
cedar,2020-08-05T02:00:00Z,23.773,0,2.5m
cedar,2020-08-05T03:00:00Z,23.581,0,2.5m
cedar,2020-08-05T04:00:00Z,23.388,0,2.5m
cedar,2020-08-05T05:00:00Z,23.196,0,2.5m
cedar,2020-08-05T06:00:00Z,23.1,32.3,2.5m
cedar,2020-08-05T07:00:00Z,23.004,1097.9,2.5m
cedar,2020-08-05T08:00:00Z,23.292,6544.5,2.5m
cedar,2020-08-05T09:00:00Z,23.773,57867,2.5m
cedar,2020-08-05T10:00:00Z,23.773,19977.9,2.5m
cedar,2020-08-05T11:00:00Z,24.738,20666.8,2.5m
cedar,2020-08-05T12:00:00Z,25.319,34444.7,2.5m
cedar,2020-08-05T13:00:00Z,25.61,46844.8,2.5m
cedar,2020-08-05T14:00:00Z,25.513,74400.5,2.5m
cedar,2020-08-05T15:00:00Z,24.931,8611.2,2.5m
cedar,2020-08-05T16:00:00Z,25.028,13777.9,2.5m
cedar,2020-08-05T17:00:00Z,24.351,2927.8,2.5m
cedar,2020-08-05T18:00:00Z,24.931,8266.7,2.5m
cedar,2020-08-05T19:00:00Z,24.545,4477.8,2.5m
cedar,2020-08-05T20:00:00Z,24.448,635.1,2.5m
cedar,2020-08-05T21:00:00Z,24.158,0,2.5m
cedar,2020-08-05T22:00:00Z,23.966,0,2.5m
cedar,2020-08-05T23:00:00Z,23.869,0,2.5m
cedar,2020-08-06T00:00:00Z,23.677,0,2.5m
cedar,2020-08-06T01:00:00Z,23.484,0,2.5m
cedar,2020-08-06T02:00:00Z,23.388,0,2.5m
cedar,2020-08-06T03:00:00Z,23.196,0,2.5m
cedar,2020-08-06T04:00:00Z,23.004,0,2.5m
cedar,2020-08-06T05:00:00Z,22.812,0,2.5m
cedar,2020-08-06T06:00:00Z,22.717,32.3,2.5m
cedar,2020-08-06T07:00:00Z,22.621,1313.2,2.5m
cedar,2020-08-06T08:00:00Z,22.908,6544.5,2.5m
cedar,2020-08-06T09:00:00Z,23.196,11022.3,2.5m
cedar,2020-08-06T10:00:00Z,23.773,20666.8,2.5m
cedar,2020-08-06T11:00:00Z,23.581,42711.4,2.5m
cedar,2020-08-06T12:00:00Z,24.448,37200.2,2.5m
cedar,2020-08-06T13:00:00Z,24.641,38578,2.5m
cedar,2020-08-06T14:00:00Z,25.319,55111.5,2.5m
cedar,2020-08-06T15:00:00Z,24.641,14466.8,2.5m
cedar,2020-08-06T16:00:00Z,23.677,8611.2,2.5m
cedar,2020-08-06T17:00:00Z,23.388,3100,2.5m
cedar,2020-08-06T18:00:00Z,23.581,6200,2.5m
cedar,2020-08-06T19:00:00Z,23.388,1894.5,2.5m
cedar,2020-08-06T20:00:00Z,23.1,592,2.5m
cedar,2020-08-06T21:00:00Z,22.908,0,2.5m
cedar,2020-08-06T22:00:00Z,22.812,0,2.5m
cedar,2020-08-06T23:00:00Z,22.717,0,2.5m
cedar,2020-08-07T00:00:00Z,22.621,0,2.5m
cedar,2020-08-07T01:00:00Z,22.525,0,2.5m
cedar,2020-08-07T02:00:00Z,22.333,0,2.5m
cedar,2020-08-07T03:00:00Z,22.142,0,2.5m
cedar,2020-08-07T04:00:00Z,22.046,0,2.5m
cedar,2020-08-07T05:00:00Z,21.855,0,2.5m
cedar,2020-08-07T06:00:00Z,21.664,21.5,2.5m
cedar,2020-08-07T07:00:00Z,21.569,1087.2,2.5m
cedar,2020-08-07T08:00:00Z,21.855,6544.5,2.5m
cedar,2020-08-07T09:00:00Z,22.333,17911.2,2.5m
cedar,2020-08-07T10:00:00Z,22.717,17911.2,2.5m
cedar,2020-08-07T11:00:00Z,23.196,26178,2.5m
cedar,2020-08-07T12:00:00Z,23.869,44089.2,2.5m
cedar,2020-08-07T13:00:00Z,24.351,39955.8,2.5m
cedar,2020-08-07T14:00:00Z,24.835,41333.6,2.5m
cedar,2020-08-07T15:00:00Z,24.931,41333.6,2.5m
cedar,2020-08-07T16:00:00Z,24.641,35822.5,2.5m
cedar,2020-08-07T17:00:00Z,24.641,18600.1,2.5m
cedar,2020-08-07T18:00:00Z,24.255,13777.9,2.5m
cedar,2020-08-07T19:00:00Z,23.388,1302.4,2.5m
cedar,2020-08-07T20:00:00Z,23.196,527.4,2.5m
cedar,2020-08-07T21:00:00Z,23.292,0,2.5m
cedar,2020-08-07T22:00:00Z,23.1,0,2.5m
cedar,2020-08-07T23:00:00Z,22.812,0,2.5m
cedar,2020-08-08T00:00:00Z,22.717,0,2.5m
cedar,2020-08-08T01:00:00Z,22.525,0,2.5m
cedar,2020-08-08T02:00:00Z,22.333,0,2.5m
cedar,2020-08-08T03:00:00Z,22.142,0,2.5m
cedar,2020-08-08T04:00:00Z,21.951,0,2.5m
cedar,2020-08-08T05:00:00Z,21.76,0,2.5m
cedar,2020-08-08T06:00:00Z,21.569,21.5,2.5m
cedar,2020-08-08T07:00:00Z,21.569,914.9,2.5m
cedar,2020-08-08T08:00:00Z,21.855,7233.4,2.5m
cedar,2020-08-08T09:00:00Z,22.333,15844.5,2.5m
cedar,2020-08-08T10:00:00Z,22.717,27555.7,2.5m
cedar,2020-08-08T11:00:00Z,23.196,34444.7,2.5m
cedar,2020-08-08T12:00:00Z,23.869,39955.8,2.5m
cedar,2020-08-08T13:00:00Z,24.351,44089.2,2.5m
cedar,2020-08-08T14:00:00Z,24.738,37200.2,2.5m
cedar,2020-08-08T15:00:00Z,24.931,46844.8,2.5m
cedar,2020-08-08T16:00:00Z,24.641,34444.7,2.5m
cedar,2020-08-08T17:00:00Z,24.641,9300.1,2.5m
cedar,2020-08-08T18:00:00Z,24.255,12400.1,2.5m
cedar,2020-08-08T19:00:00Z,23.292,1334.7,2.5m
cedar,2020-08-08T20:00:00Z,23.196,495.1,2.5m
cedar,2020-08-08T21:00:00Z,23.196,0,2.5m
cedar,2020-08-08T22:00:00Z,23.196,0,2.5m
cedar,2020-08-08T23:00:00Z,23.196,0,2.5m
cedar,2020-08-09T00:00:00Z,23.004,0,2.5m
cedar,2020-08-09T01:00:00Z,22.812,0,2.5m
cedar,2020-08-09T02:00:00Z,22.621,0,2.5m
cedar,2020-08-09T03:00:00Z,22.429,0,2.5m
cedar,2020-08-09T04:00:00Z,22.333,0,2.5m
cedar,2020-08-09T05:00:00Z,22.142,0,2.5m
cedar,2020-08-09T06:00:00Z,21.951,10.8,2.5m
cedar,2020-08-09T07:00:00Z,21.951,1097.9,2.5m
cedar,2020-08-09T08:00:00Z,22.238,6544.5,2.5m
cedar,2020-08-09T09:00:00Z,22.717,16533.4,2.5m
cedar,2020-08-09T10:00:00Z,23.1,28933.5,2.5m
cedar,2020-08-09T11:00:00Z,23.773,33066.9,2.5m
cedar,2020-08-09T12:00:00Z,24.351,41333.6,2.5m
cedar,2020-08-09T13:00:00Z,24.835,46844.8,2.5m
cedar,2020-08-09T14:00:00Z,25.222,49600.3,2.5m
cedar,2020-08-09T15:00:00Z,25.222,21355.7,2.5m
cedar,2020-08-09T16:00:00Z,25.125,33066.9,2.5m
cedar,2020-08-09T17:00:00Z,24.931,28933.5,2.5m
cedar,2020-08-09T18:00:00Z,24.545,10333.4,2.5m
cedar,2020-08-09T19:00:00Z,23.773,1302.4,2.5m
cedar,2020-08-09T20:00:00Z,23.581,484.4,2.5m
cedar,2020-08-09T21:00:00Z,23.581,0,2.5m
cedar,2020-08-09T22:00:00Z,23.581,0,2.5m
cedar,2020-08-09T23:00:00Z,23.581,0,2.5m
cedar,2020-08-10T00:00:00Z,23.484,0,2.5m
cedar,2020-08-10T01:00:00Z,23.292,0,2.5m
cedar,2020-08-10T02:00:00Z,23.1,0,2.5m
cedar,2020-08-10T03:00:00Z,22.908,0,2.5m
cedar,2020-08-10T04:00:00Z,22.812,0,2.5m
cedar,2020-08-10T05:00:00Z,22.621,0,2.5m
cedar,2020-08-10T06:00:00Z,22.429,10.8,2.5m
cedar,2020-08-10T07:00:00Z,22.429,1033.3,2.5m
cedar,2020-08-10T08:00:00Z,22.621,7233.4,2.5m
cedar,2020-08-10T09:00:00Z,23.1,13089,2.5m
cedar,2020-08-10T10:00:00Z,23.484,24800.2,2.5m
cedar,2020-08-10T11:00:00Z,24.158,30311.3,2.5m
cedar,2020-08-10T12:00:00Z,24.738,38578,2.5m
cedar,2020-08-10T13:00:00Z,25.222,46844.8,2.5m
cedar,2020-08-10T14:00:00Z,25.319,46844.8,2.5m
cedar,2020-08-10T15:00:00Z,25.513,44089.2,2.5m
cedar,2020-08-10T16:00:00Z,25.805,38578,2.5m
cedar,2020-08-10T17:00:00Z,24.062,5166.7,2.5m
cedar,2020-08-10T18:00:00Z,24.351,7233.4,2.5m
cedar,2020-08-10T19:00:00Z,24.448,10333.4,2.5m
cedar,2020-08-10T20:00:00Z,23.966,925.7,2.5m
cedar,2020-08-10T21:00:00Z,23.869,0,2.5m
cedar,2020-08-10T22:00:00Z,23.869,0,2.5m
cedar,2020-08-10T23:00:00Z,23.869,0,2.5m
cedar,2020-08-11T00:00:00Z,23.869,0,2.5m
cedar,2020-08-11T01:00:00Z,23.677,0,2.5m
cedar,2020-08-11T02:00:00Z,23.484,0,2.5m
cedar,2020-08-11T03:00:00Z,23.388,0,2.5m
cedar,2020-08-11T04:00:00Z,23.196,0,2.5m
cedar,2020-08-11T05:00:00Z,23.1,0,2.5m
cedar,2020-08-11T06:00:00Z,22.908,0,2.5m
cedar,2020-08-11T07:00:00Z,22.812,1087.2,2.5m
cedar,2020-08-11T08:00:00Z,23.1,11711.2,2.5m
cedar,2020-08-11T09:00:00Z,23.484,4133.4,2.5m
cedar,2020-08-11T10:00:00Z,24.062,38578,2.5m
cedar,2020-08-11T11:00:00Z,24.448,31689.1,2.5m
cedar,2020-08-11T12:00:00Z,25.125,26178,2.5m
cedar,2020-08-11T13:00:00Z,25.61,19977.9,2.5m
cedar,2020-08-11T14:00:00Z,25.708,39955.8,2.5m
cedar,2020-08-11T15:00:00Z,25.61,41333.6,2.5m
cedar,2020-08-11T16:00:00Z,25.805,38578,2.5m
cedar,2020-08-11T17:00:00Z,25.513,5511.1,2.5m
cedar,2020-08-11T18:00:00Z,24.738,10333.4,2.5m
cedar,2020-08-11T19:00:00Z,24.641,2497.2,2.5m
cedar,2020-08-11T20:00:00Z,24.351,505.9,2.5m
cedar,2020-08-11T21:00:00Z,24.351,0,2.5m
cedar,2020-08-11T22:00:00Z,24.255,0,2.5m
cedar,2020-08-11T23:00:00Z,24.062,0,2.5m
cedar,2020-08-12T00:00:00Z,23.869,0,2.5m
cedar,2020-08-12T01:00:00Z,23.677,0,2.5m
cedar,2020-08-12T02:00:00Z,23.581,0,2.5m
cedar,2020-08-12T03:00:00Z,23.388,0,2.5m
cedar,2020-08-12T04:00:00Z,23.196,0,2.5m
cedar,2020-08-12T05:00:00Z,23.004,0,2.5m
cedar,2020-08-12T06:00:00Z,22.812,0,2.5m
cedar,2020-08-12T07:00:00Z,22.812,893.4,2.5m
cedar,2020-08-12T08:00:00Z,23.004,5166.7,2.5m
cedar,2020-08-12T09:00:00Z,23.484,15844.5,2.5m
cedar,2020-08-12T10:00:00Z,23.869,23422.4,2.5m
cedar,2020-08-12T11:00:00Z,24.351,26178,2.5m
cedar,2020-08-12T12:00:00Z,24.931,44089.2,2.5m
cedar,2020-08-12T13:00:00Z,24.641,16533.4,2.5m
cedar,2020-08-12T14:00:00Z,25.319,28933.5,2.5m
cedar,2020-08-12T15:00:00Z,25.708,31689.1,2.5m
cedar,2020-08-12T16:00:00Z,25.61,41333.6,2.5m
cedar,2020-08-12T17:00:00Z,25.222,15844.5,2.5m
cedar,2020-08-12T18:00:00Z,24.931,11711.2,2.5m
cedar,2020-08-12T19:00:00Z,24.158,1980.6,2.5m
cedar,2020-08-12T20:00:00Z,23.966,409,2.5m
cedar,2020-08-12T21:00:00Z,23.773,0,2.5m
cedar,2020-08-12T22:00:00Z,23.581,0,2.5m
cedar,2020-08-12T23:00:00Z,23.484,0,2.5m
cedar,2020-08-13T00:00:00Z,23.388,0,2.5m
cedar,2020-08-13T01:00:00Z,23.196,0,2.5m
cedar,2020-08-13T02:00:00Z,23.1,0,2.5m
cedar,2020-08-13T03:00:00Z,22.908,0,2.5m
cedar,2020-08-13T04:00:00Z,22.717,0,2.5m
cedar,2020-08-13T05:00:00Z,22.621,0,2.5m
cedar,2020-08-13T06:00:00Z,22.429,0,2.5m
cedar,2020-08-13T07:00:00Z,22.333,904.2,2.5m
cedar,2020-08-13T08:00:00Z,22.525,6200,2.5m
cedar,2020-08-13T09:00:00Z,23.004,13777.9,2.5m
cedar,2020-08-13T10:00:00Z,23.484,22044.6,2.5m
cedar,2020-08-13T11:00:00Z,24.062,30311.3,2.5m
cedar,2020-08-13T12:00:00Z,24.545,42711.4,2.5m
cedar,2020-08-13T13:00:00Z,25.028,38578,2.5m
cedar,2020-08-13T14:00:00Z,25.319,60622.6,2.5m
cedar,2020-08-13T15:00:00Z,25.125,159823.3,2.5m
cedar,2020-08-13T16:00:00Z,25.61,38578,2.5m
cedar,2020-08-13T17:00:00Z,25.902,5166.7,2.5m
cedar,2020-08-13T18:00:00Z,24.835,17911.2,2.5m
cedar,2020-08-13T19:00:00Z,23.966,1377.8,2.5m
cedar,2020-08-13T20:00:00Z,23.869,366,2.5m
cedar,2020-08-13T21:00:00Z,23.869,0,2.5m
cedar,2020-08-13T22:00:00Z,23.773,0,2.5m
cedar,2020-08-13T23:00:00Z,23.581,0,2.5m
cedar,2020-08-14T00:00:00Z,23.388,0,2.5m
cedar,2020-08-14T01:00:00Z,23.196,0,2.5m
cedar,2020-08-14T02:00:00Z,23.004,0,2.5m
cedar,2020-08-14T03:00:00Z,22.812,0,2.5m
cedar,2020-08-14T04:00:00Z,22.717,0,2.5m
cedar,2020-08-14T05:00:00Z,22.525,0,2.5m
cedar,2020-08-14T06:00:00Z,22.333,0,2.5m
cedar,2020-08-14T07:00:00Z,22.333,828.8,2.5m
cedar,2020-08-14T08:00:00Z,22.525,6544.5,2.5m
cedar,2020-08-14T09:00:00Z,23.1,15155.7,2.5m
cedar,2020-08-14T10:00:00Z,23.292,26178,2.5m
cedar,2020-08-14T11:00:00Z,23.966,23422.4,2.5m
cedar,2020-08-14T12:00:00Z,24.545,26178,2.5m
cedar,2020-08-14T13:00:00Z,25.028,34444.7,2.5m
cedar,2020-08-14T14:00:00Z,25.319,38578,2.5m
cedar,2020-08-14T15:00:00Z,24.931,28933.5,2.5m
cedar,2020-08-14T16:00:00Z,24.448,16533.4,2.5m
cedar,2020-08-14T17:00:00Z,25.125,23422.4,2.5m
cedar,2020-08-14T18:00:00Z,24.255,7577.8,2.5m
cedar,2020-08-14T19:00:00Z,23.869,1259.4,2.5m
cedar,2020-08-14T20:00:00Z,23.677,290.6,2.5m
cedar,2020-08-14T21:00:00Z,23.677,0,2.5m
cedar,2020-08-14T22:00:00Z,23.677,0,2.5m
cedar,2020-08-14T23:00:00Z,23.581,0,2.5m
cedar,2020-08-15T00:00:00Z,23.484,0,2.5m
cedar,2020-08-15T01:00:00Z,23.292,0,2.5m
cedar,2020-08-15T02:00:00Z,23.196,0,2.5m
cedar,2020-08-15T03:00:00Z,23.004,0,2.5m
cedar,2020-08-15T04:00:00Z,22.908,0,2.5m
cedar,2020-08-15T05:00:00Z,22.717,0,2.5m
cedar,2020-08-15T06:00:00Z,22.621,0,2.5m
cedar,2020-08-15T07:00:00Z,22.525,850.4,2.5m
cedar,2020-08-15T08:00:00Z,22.812,6544.5,2.5m
cedar,2020-08-15T09:00:00Z,23.292,15844.5,2.5m
cedar,2020-08-15T10:00:00Z,23.773,22044.6,2.5m
cedar,2020-08-15T11:00:00Z,24.351,27555.7,2.5m
cedar,2020-08-15T12:00:00Z,24.931,37200.2,2.5m
cedar,2020-08-15T13:00:00Z,25.319,44089.2,2.5m
cedar,2020-08-15T14:00:00Z,25.61,42711.4,2.5m
cedar,2020-08-15T15:00:00Z,25.513,12400.1,2.5m
cedar,2020-08-15T16:00:00Z,25.708,12400.1,2.5m
cedar,2020-08-15T17:00:00Z,25.61,19977.9,2.5m
cedar,2020-08-15T18:00:00Z,25.125,8611.2,2.5m
cedar,2020-08-15T19:00:00Z,24.255,710.4,2.5m
cedar,2020-08-15T20:00:00Z,24.158,322.9,2.5m
cedar,2020-08-15T21:00:00Z,24.158,0,2.5m
cedar,2020-08-15T22:00:00Z,24.255,0,2.5m
cedar,2020-08-15T23:00:00Z,24.158,0,2.5m
cedar,2020-08-16T00:00:00Z,23.966,0,2.5m
cedar,2020-08-16T01:00:00Z,23.773,0,2.5m
cedar,2020-08-16T02:00:00Z,23.581,0,2.5m
cedar,2020-08-16T03:00:00Z,23.484,0,2.5m
cedar,2020-08-16T04:00:00Z,23.388,0,2.5m
cedar,2020-08-16T05:00:00Z,23.196,0,2.5m
cedar,2020-08-16T06:00:00Z,23.1,0,2.5m
cedar,2020-08-16T07:00:00Z,23.004,947.2,2.5m
cedar,2020-08-16T08:00:00Z,23.004,2927.8,2.5m
cedar,2020-08-16T09:00:00Z,23.581,7577.8,2.5m
cedar,2020-08-16T10:00:00Z,23.292,7233.4,2.5m
cedar,2020-08-16T11:00:00Z,22.812,1550,2.5m
cedar,2020-08-16T12:00:00Z,23.292,14466.8,2.5m
cedar,2020-08-16T13:00:00Z,23.773,17911.2,2.5m
cedar,2020-08-16T14:00:00Z,24.158,26178,2.5m
cedar,2020-08-16T15:00:00Z,25.416,42711.4,2.5m
cedar,2020-08-16T16:00:00Z,24.931,19289,2.5m
cedar,2020-08-16T17:00:00Z,24.931,17911.2,2.5m
cedar,2020-08-16T18:00:00Z,24.448,7233.4,2.5m
cedar,2020-08-16T19:00:00Z,23.484,882.6,2.5m
cedar,2020-08-16T20:00:00Z,23.484,236.8,2.5m
cedar,2020-08-16T21:00:00Z,23.292,0,2.5m
cedar,2020-08-16T22:00:00Z,23.196,0,2.5m
cedar,2020-08-16T23:00:00Z,23.1,0,2.5m
cedar,2020-08-17T00:00:00Z,23.004,0,2.5m
cedar,2020-08-17T01:00:00Z,22.908,0,2.5m
cedar,2020-08-17T02:00:00Z,22.812,0,2.5m
cedar,2020-08-17T03:00:00Z,22.621,0,2.5m
cedar,2020-08-17T04:00:00Z,22.525,0,2.5m
cedar,2020-08-17T05:00:00Z,22.429,0,2.5m
cedar,2020-08-17T06:00:00Z,22.238,0,2.5m
cedar,2020-08-17T07:00:00Z,22.238,904.2,2.5m
cedar,2020-08-17T08:00:00Z,22.621,5166.7,2.5m
cedar,2020-08-17T09:00:00Z,22.525,3961.1,2.5m
cedar,2020-08-17T10:00:00Z,22.621,6544.5,2.5m
cedar,2020-08-17T11:00:00Z,23.004,14466.8,2.5m
cedar,2020-08-17T12:00:00Z,23.484,22044.6,2.5m
cedar,2020-08-17T13:00:00Z,23.484,19977.9,2.5m
cedar,2020-08-17T14:00:00Z,23.004,8611.2,2.5m
cedar,2020-08-17T15:00:00Z,22.429,1550,2.5m
cedar,2020-08-17T16:00:00Z,22.812,6544.5,2.5m
cedar,2020-08-17T17:00:00Z,23.388,10333.4,2.5m
cedar,2020-08-17T18:00:00Z,22.812,3100,2.5m
cedar,2020-08-17T19:00:00Z,22.717,4133.4,2.5m
cedar,2020-08-17T20:00:00Z,22.333,538.2,2.5m
cedar,2020-08-17T21:00:00Z,22.238,0,2.5m
cedar,2020-08-17T22:00:00Z,22.142,0,2.5m
cedar,2020-08-17T23:00:00Z,22.046,0,2.5m
cedar,2020-08-18T00:00:00Z,21.951,0,2.5m
cedar,2020-08-18T01:00:00Z,21.951,0,2.5m
cedar,2020-08-18T02:00:00Z,21.855,0,2.5m
cedar,2020-08-18T03:00:00Z,21.76,0,2.5m
cedar,2020-08-18T04:00:00Z,21.569,0,2.5m
cedar,2020-08-18T05:00:00Z,21.473,0,2.5m
cedar,2020-08-18T06:00:00Z,21.378,0,2.5m
cedar,2020-08-18T07:00:00Z,21.378,1141,2.5m
cedar,2020-08-18T08:00:00Z,21.569,3100,2.5m
cedar,2020-08-18T09:00:00Z,22.238,10333.4,2.5m
cedar,2020-08-18T10:00:00Z,22.621,20666.8,2.5m
cedar,2020-08-18T11:00:00Z,23.196,30311.3,2.5m
cedar,2020-08-18T12:00:00Z,23.869,26178,2.5m
cedar,2020-08-18T13:00:00Z,23.004,12400.1,2.5m
cedar,2020-08-18T14:00:00Z,24.545,12400.1,2.5m
cedar,2020-08-18T15:00:00Z,24.641,26178,2.5m
cedar,2020-08-18T16:00:00Z,24.255,19289,2.5m
cedar,2020-08-18T17:00:00Z,23.773,7577.8,2.5m
cedar,2020-08-18T18:00:00Z,23.581,5166.7,2.5m
cedar,2020-08-18T19:00:00Z,23.004,1313.2,2.5m
cedar,2020-08-18T20:00:00Z,22.908,247.6,2.5m
cedar,2020-08-18T21:00:00Z,22.908,0,2.5m
cedar,2020-08-18T22:00:00Z,22.812,0,2.5m
cedar,2020-08-18T23:00:00Z,22.908,0,2.5m
cedar,2020-08-19T00:00:00Z,22.812,0,2.5m
cedar,2020-08-19T01:00:00Z,22.717,0,2.5m
cedar,2020-08-19T02:00:00Z,22.525,0,2.5m
cedar,2020-08-19T03:00:00Z,22.429,0,2.5m
cedar,2020-08-19T04:00:00Z,22.238,0,2.5m
cedar,2020-08-19T05:00:00Z,22.142,0,2.5m
cedar,2020-08-19T06:00:00Z,22.046,0,2.5m
cedar,2020-08-19T07:00:00Z,21.951,452.1,2.5m
cedar,2020-08-19T08:00:00Z,21.951,2497.2,2.5m
cedar,2020-08-19T09:00:00Z,22.238,8611.2,2.5m
cedar,2020-08-19T10:00:00Z,22.429,14466.8,2.5m
cedar,2020-08-19T11:00:00Z,23.388,10333.4,2.5m
cedar,2020-08-19T12:00:00Z,23.388,39955.8,2.5m
cedar,2020-08-19T13:00:00Z,24.351,28933.5,2.5m
cedar,2020-08-19T14:00:00Z,24.931,42711.4,2.5m
cedar,2020-08-19T15:00:00Z,24.835,34444.7,2.5m
cedar,2020-08-19T16:00:00Z,24.835,23422.4,2.5m
cedar,2020-08-19T17:00:00Z,24.545,19977.9,2.5m
cedar,2020-08-19T18:00:00Z,24.158,6544.5,2.5m
cedar,2020-08-19T19:00:00Z,23.196,958,2.5m
cedar,2020-08-19T20:00:00Z,23.004,172.2,2.5m
cedar,2020-08-19T21:00:00Z,22.717,0,2.5m
cedar,2020-08-19T22:00:00Z,22.525,0,2.5m
cedar,2020-08-19T23:00:00Z,22.429,0,2.5m
cedar,2020-08-20T00:00:00Z,22.333,0,2.5m
cedar,2020-08-20T01:00:00Z,22.142,0,2.5m
cedar,2020-08-20T02:00:00Z,22.046,0,2.5m
cedar,2020-08-20T03:00:00Z,21.855,0,2.5m
cedar,2020-08-20T04:00:00Z,21.664,0,2.5m
cedar,2020-08-20T05:00:00Z,21.473,0,2.5m
cedar,2020-08-20T06:00:00Z,21.378,0,2.5m
cedar,2020-08-20T07:00:00Z,21.282,925.7,2.5m
cedar,2020-08-20T08:00:00Z,21.282,2497.2,2.5m
cedar,2020-08-20T09:00:00Z,21.664,10677.8,2.5m
cedar,2020-08-20T10:00:00Z,22.046,16533.4,2.5m
cedar,2020-08-20T11:00:00Z,22.717,28933.5,2.5m
cedar,2020-08-20T12:00:00Z,23.292,44089.2,2.5m
cedar,2020-08-20T13:00:00Z,23.966,38578,2.5m
cedar,2020-08-20T14:00:00Z,24.255,24800.2,2.5m
cedar,2020-08-20T15:00:00Z,24.158,35822.5,2.5m
cedar,2020-08-20T16:00:00Z,24.062,27555.7,2.5m
cedar,2020-08-20T17:00:00Z,24.062,11711.2,2.5m
cedar,2020-08-20T18:00:00Z,23.484,5511.1,2.5m
cedar,2020-08-20T19:00:00Z,22.812,1463.9,2.5m
cedar,2020-08-20T20:00:00Z,22.717,161.5,2.5m
cedar,2020-08-20T21:00:00Z,22.525,0,2.5m
cedar,2020-08-20T22:00:00Z,22.333,0,2.5m
cedar,2020-08-20T23:00:00Z,22.238,0,2.5m
cedar,2020-08-21T00:00:00Z,22.142,0,2.5m
cedar,2020-08-21T01:00:00Z,21.951,0,2.5m
cedar,2020-08-21T02:00:00Z,21.855,0,2.5m
cedar,2020-08-21T03:00:00Z,21.664,0,2.5m
cedar,2020-08-21T04:00:00Z,21.569,0,2.5m
cedar,2020-08-21T05:00:00Z,21.378,0,2.5m
cedar,2020-08-21T06:00:00Z,21.282,0,2.5m
cedar,2020-08-21T07:00:00Z,21.187,753.5,2.5m
cedar,2020-08-21T08:00:00Z,21.282,3788.9,2.5m
cedar,2020-08-21T09:00:00Z,21.855,24800.2,2.5m
cedar,2020-08-21T10:00:00Z,22.238,16533.4,2.5m
cedar,2020-08-21T11:00:00Z,22.812,9300.1,2.5m
cedar,2020-08-21T12:00:00Z,23.388,35822.5,2.5m
cedar,2020-08-21T13:00:00Z,23.966,38578,2.5m
cedar,2020-08-21T14:00:00Z,24.351,77156.1,2.5m
cedar,2020-08-21T15:00:00Z,24.448,39955.8,2.5m
cedar,2020-08-21T16:00:00Z,24.448,44089.2,2.5m
cedar,2020-08-21T17:00:00Z,24.158,23422.4,2.5m
cedar,2020-08-21T18:00:00Z,23.677,11022.3,2.5m
cedar,2020-08-21T19:00:00Z,22.812,1108.7,2.5m
cedar,2020-08-21T20:00:00Z,22.812,172.2,2.5m
cedar,2020-08-21T21:00:00Z,22.812,0,2.5m
cedar,2020-08-21T22:00:00Z,22.621,0,2.5m
cedar,2020-08-21T23:00:00Z,22.429,0,2.5m
cedar,2020-08-22T00:00:00Z,22.333,0,2.5m
cedar,2020-08-22T01:00:00Z,22.142,0,2.5m
cedar,2020-08-22T02:00:00Z,22.046,0,2.5m
cedar,2020-08-22T03:00:00Z,21.951,0,2.5m
cedar,2020-08-22T04:00:00Z,21.76,0,2.5m
cedar,2020-08-22T05:00:00Z,21.664,0,2.5m
cedar,2020-08-22T06:00:00Z,21.473,0,2.5m
cedar,2020-08-22T07:00:00Z,21.378,1205.6,2.5m
cedar,2020-08-22T08:00:00Z,21.473,4305.6,2.5m
cedar,2020-08-22T09:00:00Z,21.951,10677.8,2.5m
cedar,2020-08-22T10:00:00Z,22.238,13089,2.5m
cedar,2020-08-22T11:00:00Z,22.717,24800.2,2.5m
cedar,2020-08-22T12:00:00Z,23.388,35822.5,2.5m
cedar,2020-08-22T13:00:00Z,23.677,41333.6,2.5m
cedar,2020-08-22T14:00:00Z,23.677,22044.6,2.5m
cedar,2020-08-22T15:00:00Z,23.869,37200.2,2.5m
cedar,2020-08-22T16:00:00Z,23.869,22044.6,2.5m
cedar,2020-08-22T17:00:00Z,23.581,13777.9,2.5m
cedar,2020-08-22T18:00:00Z,23.196,9300.1,2.5m
cedar,2020-08-22T19:00:00Z,22.812,2497.2,2.5m
cedar,2020-08-22T20:00:00Z,22.429,129.2,2.5m
cedar,2020-08-22T21:00:00Z,22.525,0,2.5m
cedar,2020-08-22T22:00:00Z,22.525,0,2.5m
cedar,2020-08-22T23:00:00Z,22.525,0,2.5m
cedar,2020-08-23T00:00:00Z,22.333,0,2.5m
cedar,2020-08-23T01:00:00Z,22.142,0,2.5m
cedar,2020-08-23T02:00:00Z,22.046,0,2.5m
cedar,2020-08-23T03:00:00Z,21.855,0,2.5m
cedar,2020-08-23T04:00:00Z,21.76,0,2.5m
cedar,2020-08-23T05:00:00Z,21.664,0,2.5m
cedar,2020-08-23T06:00:00Z,21.473,0,2.5m
cedar,2020-08-23T07:00:00Z,21.378,871.9,2.5m
cedar,2020-08-23T08:00:00Z,21.473,4305.6,2.5m
cedar,2020-08-23T09:00:00Z,21.855,9644.5,2.5m
cedar,2020-08-23T10:00:00Z,22.238,13777.9,2.5m
cedar,2020-08-23T11:00:00Z,22.621,26178,2.5m
cedar,2020-08-23T12:00:00Z,23.1,34444.7,2.5m
cedar,2020-08-23T13:00:00Z,23.196,27555.7,2.5m
cedar,2020-08-23T14:00:00Z,23.196,26178,2.5m
cedar,2020-08-23T15:00:00Z,23.388,28933.5,2.5m
cedar,2020-08-23T16:00:00Z,23.869,22044.6,2.5m
cedar,2020-08-23T17:00:00Z,23.292,14466.8,2.5m
cedar,2020-08-23T18:00:00Z,22.812,6544.5,2.5m
cedar,2020-08-23T19:00:00Z,22.621,1980.6,2.5m
cedar,2020-08-23T20:00:00Z,22.333,118.4,2.5m
cedar,2020-08-23T21:00:00Z,22.429,0,2.5m
cedar,2020-08-23T22:00:00Z,22.333,0,2.5m
cedar,2020-08-23T23:00:00Z,22.142,0,2.5m
cedar,2020-08-24T00:00:00Z,22.046,0,2.5m
cedar,2020-08-24T01:00:00Z,21.855,0,2.5m
cedar,2020-08-24T02:00:00Z,21.76,0,2.5m
cedar,2020-08-24T03:00:00Z,21.664,0,2.5m
cedar,2020-08-24T04:00:00Z,21.569,0,2.5m
cedar,2020-08-24T05:00:00Z,21.378,0,2.5m
cedar,2020-08-24T06:00:00Z,21.282,0,2.5m
cedar,2020-08-24T07:00:00Z,21.187,419.8,2.5m
cedar,2020-08-24T08:00:00Z,21.282,3444.5,2.5m
cedar,2020-08-24T09:00:00Z,21.378,3616.7,2.5m
cedar,2020-08-24T10:00:00Z,21.473,5166.7,2.5m
cedar,2020-08-24T11:00:00Z,21.569,10333.4,2.5m
cedar,2020-08-24T12:00:00Z,22.046,10677.8,2.5m
cedar,2020-08-24T13:00:00Z,22.429,13777.9,2.5m
cedar,2020-08-24T14:00:00Z,22.429,13777.9,2.5m
cedar,2020-08-24T15:00:00Z,22.621,12400.1,2.5m
cedar,2020-08-24T16:00:00Z,23.1,26178,2.5m
cedar,2020-08-24T17:00:00Z,22.621,11022.3,2.5m
cedar,2020-08-24T18:00:00Z,22.142,6200,2.5m
cedar,2020-08-24T19:00:00Z,21.855,1108.7,2.5m
cedar,2020-08-24T20:00:00Z,21.76,21.5,2.5m
cedar,2020-08-24T21:00:00Z,21.664,0,2.5m
cedar,2020-08-24T22:00:00Z,21.569,0,2.5m
cedar,2020-08-24T23:00:00Z,21.473,0,2.5m
cedar,2020-08-25T00:00:00Z,21.378,0,2.5m
cedar,2020-08-25T01:00:00Z,21.378,0,2.5m
cedar,2020-08-25T02:00:00Z,21.282,0,2.5m
cedar,2020-08-25T03:00:00Z,21.187,0,2.5m
cedar,2020-08-25T04:00:00Z,21.091,0,2.5m
cedar,2020-08-25T05:00:00Z,20.996,0,2.5m
cedar,2020-08-25T06:00:00Z,20.805,0,2.5m
cedar,2020-08-25T07:00:00Z,20.71,775,2.5m
cedar,2020-08-25T08:00:00Z,20.805,3444.5,2.5m
cedar,2020-08-25T09:00:00Z,21.091,9644.5,2.5m
cedar,2020-08-25T10:00:00Z,21.473,12400.1,2.5m
cedar,2020-08-25T11:00:00Z,21.855,18600.1,2.5m
cedar,2020-08-25T12:00:00Z,22.333,24800.2,2.5m
cedar,2020-08-25T13:00:00Z,22.717,27555.7,2.5m
cedar,2020-08-25T14:00:00Z,23.1,41333.6,2.5m
cedar,2020-08-25T15:00:00Z,23.1,16533.4,2.5m
cedar,2020-08-25T16:00:00Z,23.1,18600.1,2.5m
cedar,2020-08-25T17:00:00Z,22.812,11711.2,2.5m
cedar,2020-08-25T18:00:00Z,22.429,7577.8,2.5m
cedar,2020-08-25T19:00:00Z,21.951,1722.2,2.5m
cedar,2020-08-25T20:00:00Z,21.76,64.6,2.5m
cedar,2020-08-25T21:00:00Z,21.76,0,2.5m
cedar,2020-08-25T22:00:00Z,21.76,0,2.5m
cedar,2020-08-25T23:00:00Z,21.855,0,2.5m
cedar,2020-08-26T00:00:00Z,21.664,0,2.5m
cedar,2020-08-26T01:00:00Z,21.569,0,2.5m
cedar,2020-08-26T02:00:00Z,21.378,0,2.5m
cedar,2020-08-26T03:00:00Z,21.282,0,2.5m
cedar,2020-08-26T04:00:00Z,21.187,0,2.5m
cedar,2020-08-26T05:00:00Z,20.996,0,2.5m
cedar,2020-08-26T06:00:00Z,20.901,0,2.5m
cedar,2020-08-26T07:00:00Z,20.805,710.4,2.5m
cedar,2020-08-26T08:00:00Z,20.901,3444.5,2.5m
cedar,2020-08-26T09:00:00Z,21.187,7577.8,2.5m
cedar,2020-08-26T10:00:00Z,21.473,11022.3,2.5m
cedar,2020-08-26T11:00:00Z,21.76,14466.8,2.5m
cedar,2020-08-26T12:00:00Z,22.238,16533.4,2.5m
cedar,2020-08-26T13:00:00Z,22.429,16533.4,2.5m
cedar,2020-08-26T14:00:00Z,22.525,18600.1,2.5m
cedar,2020-08-26T15:00:00Z,22.525,20666.8,2.5m
cedar,2020-08-26T16:00:00Z,22.621,18600.1,2.5m
cedar,2020-08-26T17:00:00Z,22.333,10677.8,2.5m
cedar,2020-08-26T18:00:00Z,22.046,5511.1,2.5m
cedar,2020-08-26T19:00:00Z,21.855,2238.9,2.5m
cedar,2020-08-26T20:00:00Z,21.569,43.1,2.5m
cedar,2020-08-26T21:00:00Z,21.569,0,2.5m
cedar,2020-08-26T22:00:00Z,21.569,0,2.5m
cedar,2020-08-26T23:00:00Z,21.664,0,2.5m
cedar,2020-08-27T00:00:00Z,21.473,0,2.5m
cedar,2020-08-27T01:00:00Z,21.378,0,2.5m
cedar,2020-08-27T02:00:00Z,21.187,0,2.5m
cedar,2020-08-27T03:00:00Z,21.091,0,2.5m
cedar,2020-08-27T04:00:00Z,20.996,0,2.5m
cedar,2020-08-27T05:00:00Z,20.901,0,2.5m
cedar,2020-08-27T06:00:00Z,20.805,0,2.5m
cedar,2020-08-27T07:00:00Z,20.71,785.8,2.5m
cedar,2020-08-27T08:00:00Z,20.805,4305.6,2.5m
cedar,2020-08-27T09:00:00Z,21.187,10333.4,2.5m
cedar,2020-08-27T10:00:00Z,21.569,15844.5,2.5m
cedar,2020-08-27T11:00:00Z,21.951,17222.3,2.5m
cedar,2020-08-27T12:00:00Z,22.525,20666.8,2.5m
cedar,2020-08-27T13:00:00Z,23.004,22044.6,2.5m
cedar,2020-08-27T14:00:00Z,23.388,39955.8,2.5m
cedar,2020-08-27T15:00:00Z,22.142,7577.8,2.5m
cedar,2020-08-27T16:00:00Z,22.238,6200,2.5m
cedar,2020-08-27T17:00:00Z,21.951,4477.8,2.5m
cedar,2020-08-27T18:00:00Z,22.238,8611.2,2.5m
cedar,2020-08-27T19:00:00Z,21.76,1894.5,2.5m
cedar,2020-08-27T20:00:00Z,21.569,43.1,2.5m
cedar,2020-08-27T21:00:00Z,21.664,0,2.5m
cedar,2020-08-27T22:00:00Z,21.569,0,2.5m
cedar,2020-08-27T23:00:00Z,21.378,0,2.5m
cedar,2020-08-28T00:00:00Z,21.282,0,2.5m
cedar,2020-08-28T01:00:00Z,21.091,0,2.5m
cedar,2020-08-28T02:00:00Z,20.996,0,2.5m
cedar,2020-08-28T03:00:00Z,20.901,0,2.5m
cedar,2020-08-28T04:00:00Z,20.71,0,2.5m
cedar,2020-08-28T05:00:00Z,20.615,0,2.5m
cedar,2020-08-28T06:00:00Z,20.519,0,2.5m
cedar,2020-08-28T07:00:00Z,20.329,861.1,2.5m
cedar,2020-08-28T08:00:00Z,20.519,4133.4,2.5m
cedar,2020-08-28T09:00:00Z,20.996,8611.2,2.5m
cedar,2020-08-28T10:00:00Z,21.282,10333.4,2.5m
cedar,2020-08-28T11:00:00Z,21.76,20666.8,2.5m
cedar,2020-08-28T12:00:00Z,22.429,31689.1,2.5m
cedar,2020-08-28T13:00:00Z,22.908,49600.3,2.5m
cedar,2020-08-28T14:00:00Z,23.292,19977.9,2.5m
cedar,2020-08-28T15:00:00Z,23.388,37200.2,2.5m
cedar,2020-08-28T16:00:00Z,22.429,7233.4,2.5m
cedar,2020-08-28T17:00:00Z,22.812,17222.3,2.5m
cedar,2020-08-28T18:00:00Z,21.855,2669.5,2.5m
cedar,2020-08-28T19:00:00Z,21.76,1722.2,2.5m
cedar,2020-08-28T20:00:00Z,21.664,32.3,2.5m
cedar,2020-08-28T21:00:00Z,21.569,0,2.5m
cedar,2020-08-28T22:00:00Z,21.664,0,2.5m
cedar,2020-08-28T23:00:00Z,21.664,0,2.5m
cedar,2020-08-29T00:00:00Z,21.473,0,2.5m
cedar,2020-08-29T01:00:00Z,21.282,0,2.5m
cedar,2020-08-29T02:00:00Z,21.187,0,2.5m
cedar,2020-08-29T03:00:00Z,20.996,0,2.5m
cedar,2020-08-29T04:00:00Z,20.901,0,2.5m
cedar,2020-08-29T05:00:00Z,20.71,0,2.5m
cedar,2020-08-29T06:00:00Z,20.615,0,2.5m
cedar,2020-08-29T07:00:00Z,20.519,990.3,2.5m
cedar,2020-08-29T08:00:00Z,20.71,3961.1,2.5m
cedar,2020-08-29T09:00:00Z,20.996,9300.1,2.5m
cedar,2020-08-29T10:00:00Z,21.378,15155.7,2.5m
cedar,2020-08-29T11:00:00Z,21.76,23422.4,2.5m
cedar,2020-08-29T12:00:00Z,22.142,33066.9,2.5m
cedar,2020-08-29T13:00:00Z,22.812,66133.8,2.5m
cedar,2020-08-29T14:00:00Z,22.908,33066.9,2.5m
cedar,2020-08-29T15:00:00Z,23.1,33066.9,2.5m
cedar,2020-08-29T16:00:00Z,23.1,24800.2,2.5m
cedar,2020-08-29T17:00:00Z,22.812,16533.4,2.5m
cedar,2020-08-29T18:00:00Z,22.429,7233.4,2.5m
cedar,2020-08-29T19:00:00Z,21.951,2066.7,2.5m
cedar,2020-08-29T20:00:00Z,21.76,21.5,2.5m
cedar,2020-08-29T21:00:00Z,21.664,0,2.5m
cedar,2020-08-29T22:00:00Z,21.76,0,2.5m
cedar,2020-08-29T23:00:00Z,21.664,0,2.5m
cedar,2020-08-30T00:00:00Z,21.473,0,2.5m
cedar,2020-08-30T01:00:00Z,21.378,0,2.5m
cedar,2020-08-30T02:00:00Z,21.187,0,2.5m
cedar,2020-08-30T03:00:00Z,20.996,0,2.5m
cedar,2020-08-30T04:00:00Z,20.901,0,2.5m
cedar,2020-08-30T05:00:00Z,20.805,0,2.5m
cedar,2020-08-30T06:00:00Z,20.615,0,2.5m
cedar,2020-08-30T07:00:00Z,20.519,688.9,2.5m
cedar,2020-08-30T08:00:00Z,20.71,5338.9,2.5m
cedar,2020-08-30T09:00:00Z,21.187,10333.4,2.5m
cedar,2020-08-30T10:00:00Z,21.569,15155.7,2.5m
cedar,2020-08-30T11:00:00Z,22.142,27555.7,2.5m
cedar,2020-08-30T12:00:00Z,22.525,14466.8,2.5m
cedar,2020-08-30T13:00:00Z,23.196,46844.8,2.5m
cedar,2020-08-30T14:00:00Z,23.581,41333.6,2.5m
cedar,2020-08-30T15:00:00Z,23.677,41333.6,2.5m
cedar,2020-08-30T16:00:00Z,23.581,28933.5,2.5m
cedar,2020-08-30T17:00:00Z,23.196,18600.1,2.5m
cedar,2020-08-30T18:00:00Z,22.812,5511.1,2.5m
cedar,2020-08-30T19:00:00Z,21.951,925.7,2.5m
cedar,2020-08-30T20:00:00Z,21.951,10.8,2.5m
cedar,2020-08-30T21:00:00Z,21.951,0,2.5m
cedar,2020-08-30T22:00:00Z,21.76,0,2.5m
cedar,2020-08-30T23:00:00Z,21.569,0,2.5m
cedar,2020-08-31T00:00:00Z,21.378,0,2.5m
cedar,2020-08-31T01:00:00Z,21.282,0,2.5m
cedar,2020-08-31T02:00:00Z,21.091,0,2.5m
cedar,2020-08-31T03:00:00Z,20.901,0,2.5m
cedar,2020-08-31T04:00:00Z,20.805,0,2.5m
cedar,2020-08-31T05:00:00Z,20.615,0,2.5m
cedar,2020-08-31T06:00:00Z,20.519,0,2.5m
cedar,2020-08-31T07:00:00Z,20.329,452.1,2.5m
cedar,2020-08-31T08:00:00Z,20.424,3444.5,2.5m
cedar,2020-08-31T09:00:00Z,20.996,9644.5,2.5m
cedar,2020-08-31T10:00:00Z,21.378,16533.4,2.5m
cedar,2020-08-31T11:00:00Z,21.951,19977.9,2.5m
cedar,2020-08-31T12:00:00Z,22.429,41333.6,2.5m
cedar,2020-08-31T13:00:00Z,22.908,38578,2.5m
cedar,2020-08-31T14:00:00Z,23.388,24800.2,2.5m
cedar,2020-08-31T15:00:00Z,23.484,35822.5,2.5m
cedar,2020-08-31T16:00:00Z,23.484,30311.3,2.5m
cedar,2020-08-31T17:00:00Z,23.1,18600.1,2.5m
cedar,2020-08-31T18:00:00Z,22.621,8266.7,2.5m
cedar,2020-08-31T19:00:00Z,21.855,914.9,2.5m
cedar,2020-08-31T20:00:00Z,21.664,0,2.5m
cedar,2020-08-31T21:00:00Z,21.76,0,2.5m
cedar,2020-08-31T22:00:00Z,21.664,0,2.5m
cedar,2020-08-31T23:00:00Z,21.473,0,2.5m
cedar,2020-09-01T00:00:00Z,21.378,0,2.5m
cedar,2020-09-01T01:00:00Z,21.187,0,2.5m
cedar,2020-09-01T02:00:00Z,20.996,0,2.5m
cedar,2020-09-01T03:00:00Z,20.901,0,2.5m
cedar,2020-09-01T04:00:00Z,20.805,0,2.5m
cedar,2020-09-01T05:00:00Z,20.615,0,2.5m
cedar,2020-09-01T06:00:00Z,20.424,0,2.5m
cedar,2020-09-01T07:00:00Z,20.329,516.7,2.5m
cedar,2020-09-01T08:00:00Z,20.519,4822.3,2.5m
cedar,2020-09-01T09:00:00Z,20.996,11711.2,2.5m
cedar,2020-09-01T10:00:00Z,21.282,11711.2,2.5m
cedar,2020-09-01T11:00:00Z,21.855,20666.8,2.5m
cedar,2020-09-01T12:00:00Z,22.429,35822.5,2.5m
cedar,2020-09-01T13:00:00Z,22.908,42711.4,2.5m
cedar,2020-09-01T14:00:00Z,23.292,52355.9,2.5m
cedar,2020-09-01T15:00:00Z,23.581,37200.2,2.5m
cedar,2020-09-01T16:00:00Z,23.292,9300.1,2.5m
cedar,2020-09-01T17:00:00Z,23.1,22044.6,2.5m
cedar,2020-09-01T18:00:00Z,22.621,7577.8,2.5m
cedar,2020-09-01T19:00:00Z,21.76,871.9,2.5m
cedar,2020-09-01T20:00:00Z,21.664,0,2.5m
cedar,2020-09-01T21:00:00Z,21.664,0,2.5m
cedar,2020-09-01T22:00:00Z,21.76,0,2.5m
cedar,2020-09-01T23:00:00Z,21.664,0,2.5m
cedar,2020-09-02T00:00:00Z,21.569,0,2.5m
cedar,2020-09-02T01:00:00Z,21.378,0,2.5m
cedar,2020-09-02T02:00:00Z,21.282,0,2.5m
cedar,2020-09-02T03:00:00Z,21.091,0,2.5m
cedar,2020-09-02T04:00:00Z,20.996,0,2.5m
cedar,2020-09-02T05:00:00Z,20.805,0,2.5m
cedar,2020-09-02T06:00:00Z,20.71,0,2.5m
cedar,2020-09-02T07:00:00Z,20.615,581.3,2.5m
cedar,2020-09-02T08:00:00Z,20.805,4994.5,2.5m
cedar,2020-09-02T09:00:00Z,21.378,10677.8,2.5m
cedar,2020-09-02T10:00:00Z,21.76,14466.8,2.5m
cedar,2020-09-02T11:00:00Z,22.333,24800.2,2.5m
cedar,2020-09-02T12:00:00Z,22.908,46844.8,2.5m
cedar,2020-09-02T13:00:00Z,23.484,46844.8,2.5m
cedar,2020-09-02T14:00:00Z,23.677,16533.4,2.5m
cedar,2020-09-02T15:00:00Z,23.677,10333.4,2.5m
cedar,2020-09-02T16:00:00Z,23.677,26178,2.5m
cedar,2020-09-02T17:00:00Z,23.388,12400.1,2.5m
cedar,2020-09-02T18:00:00Z,22.908,6200,2.5m
cedar,2020-09-02T19:00:00Z,22.142,1001,2.5m
cedar,2020-09-02T20:00:00Z,22.046,0,2.5m
cedar,2020-09-02T21:00:00Z,22.046,0,2.5m
cedar,2020-09-02T22:00:00Z,22.046,0,2.5m
cedar,2020-09-02T23:00:00Z,22.046,0,2.5m
cedar,2020-09-03T00:00:00Z,22.046,0,2.5m
cedar,2020-09-03T01:00:00Z,21.951,0,2.5m
cedar,2020-09-03T02:00:00Z,21.76,0,2.5m
cedar,2020-09-03T03:00:00Z,21.664,0,2.5m
cedar,2020-09-03T04:00:00Z,21.569,0,2.5m
cedar,2020-09-03T05:00:00Z,21.473,0,2.5m
cedar,2020-09-03T06:00:00Z,21.282,0,2.5m
cedar,2020-09-03T07:00:00Z,21.187,613.5,2.5m
cedar,2020-09-03T08:00:00Z,21.378,4994.5,2.5m
cedar,2020-09-03T09:00:00Z,21.855,10333.4,2.5m
cedar,2020-09-03T10:00:00Z,22.142,13089,2.5m
cedar,2020-09-03T11:00:00Z,22.812,19977.9,2.5m
cedar,2020-09-03T12:00:00Z,23.388,31689.1,2.5m
cedar,2020-09-03T13:00:00Z,23.869,41333.6,2.5m
cedar,2020-09-03T14:00:00Z,24.158,39955.8,2.5m
cedar,2020-09-03T15:00:00Z,24.158,11711.2,2.5m
cedar,2020-09-03T16:00:00Z,24.255,27555.7,2.5m
cedar,2020-09-03T17:00:00Z,23.869,16533.4,2.5m
cedar,2020-09-03T18:00:00Z,23.292,5511.1,2.5m
cedar,2020-09-03T19:00:00Z,22.717,1097.9,2.5m
cedar,2020-09-03T20:00:00Z,22.621,0,2.5m
cedar,2020-09-03T21:00:00Z,22.525,0,2.5m
cedar,2020-09-03T22:00:00Z,22.525,0,2.5m
cedar,2020-09-03T23:00:00Z,22.621,0,2.5m
cedar,2020-09-04T00:00:00Z,22.525,0,2.5m
cedar,2020-09-04T01:00:00Z,22.333,0,2.5m
cedar,2020-09-04T02:00:00Z,22.238,0,2.5m
cedar,2020-09-04T03:00:00Z,22.142,0,2.5m
cedar,2020-09-04T04:00:00Z,21.951,0,2.5m
cedar,2020-09-04T05:00:00Z,21.855,0,2.5m
cedar,2020-09-04T06:00:00Z,21.76,0,2.5m
cedar,2020-09-04T07:00:00Z,21.569,688.9,2.5m
cedar,2020-09-04T08:00:00Z,21.664,4133.4,2.5m
cedar,2020-09-04T09:00:00Z,22.046,10333.4,2.5m
cedar,2020-09-04T10:00:00Z,22.621,19977.9,2.5m
cedar,2020-09-04T11:00:00Z,23.004,28933.5,2.5m
cedar,2020-09-04T12:00:00Z,23.292,12400.1,2.5m
cedar,2020-09-04T13:00:00Z,23.677,33066.9,2.5m
cedar,2020-09-04T14:00:00Z,23.677,28933.5,2.5m
cedar,2020-09-04T15:00:00Z,23.773,21355.7,2.5m
cedar,2020-09-04T16:00:00Z,23.677,22044.6,2.5m
cedar,2020-09-04T17:00:00Z,23.1,7577.8,2.5m
cedar,2020-09-04T18:00:00Z,22.812,2755.6,2.5m
cedar,2020-09-04T19:00:00Z,22.621,1033.3,2.5m
cedar,2020-09-04T20:00:00Z,22.429,0,2.5m
cedar,2020-09-04T21:00:00Z,22.333,0,2.5m
cedar,2020-09-04T22:00:00Z,22.142,0,2.5m
cedar,2020-09-04T23:00:00Z,22.046,0,2.5m
cedar,2020-09-05T00:00:00Z,21.951,0,2.5m
cedar,2020-09-05T01:00:00Z,21.855,0,2.5m
cedar,2020-09-05T02:00:00Z,21.76,0,2.5m
cedar,2020-09-05T03:00:00Z,21.664,0,2.5m
cedar,2020-09-05T04:00:00Z,21.473,0,2.5m
cedar,2020-09-05T05:00:00Z,21.378,0,2.5m
cedar,2020-09-05T06:00:00Z,21.282,0,2.5m
cedar,2020-09-05T07:00:00Z,21.091,667.4,2.5m
cedar,2020-09-05T08:00:00Z,21.187,4133.4,2.5m
cedar,2020-09-05T09:00:00Z,21.569,10333.4,2.5m
cedar,2020-09-05T10:00:00Z,22.046,20666.8,2.5m
cedar,2020-09-05T11:00:00Z,22.429,20666.8,2.5m
cedar,2020-09-05T12:00:00Z,22.908,30311.3,2.5m
cedar,2020-09-05T13:00:00Z,23.484,39955.8,2.5m
cedar,2020-09-05T14:00:00Z,23.773,34444.7,2.5m
cedar,2020-09-05T15:00:00Z,23.677,26178,2.5m
cedar,2020-09-05T16:00:00Z,23.388,28933.5,2.5m
cedar,2020-09-05T17:00:00Z,23.1,13777.9,2.5m
cedar,2020-09-05T18:00:00Z,22.621,3788.9,2.5m
cedar,2020-09-05T19:00:00Z,22.238,1237.9,2.5m
cedar,2020-09-05T20:00:00Z,22.238,0,2.5m
cedar,2020-09-05T21:00:00Z,22.142,0,2.5m
cedar,2020-09-05T22:00:00Z,22.333,0,2.5m
cedar,2020-09-05T23:00:00Z,22.142,0,2.5m
cedar,2020-09-06T00:00:00Z,21.951,0,2.5m
cedar,2020-09-06T01:00:00Z,21.855,0,2.5m
cedar,2020-09-06T02:00:00Z,21.76,0,2.5m
cedar,2020-09-06T03:00:00Z,21.569,0,2.5m
cedar,2020-09-06T04:00:00Z,21.473,0,2.5m
cedar,2020-09-06T05:00:00Z,21.378,0,2.5m
cedar,2020-09-06T06:00:00Z,21.282,0,2.5m
cedar,2020-09-06T07:00:00Z,21.091,236.8,2.5m
cedar,2020-09-06T08:00:00Z,21.187,2755.6,2.5m
cedar,2020-09-06T09:00:00Z,21.473,6544.5,2.5m
cedar,2020-09-06T10:00:00Z,21.855,13089,2.5m
cedar,2020-09-06T11:00:00Z,22.238,16533.4,2.5m
cedar,2020-09-06T12:00:00Z,22.621,24800.2,2.5m
cedar,2020-09-06T13:00:00Z,22.908,28933.5,2.5m
cedar,2020-09-06T14:00:00Z,22.908,24800.2,2.5m
cedar,2020-09-06T15:00:00Z,23.1,20666.8,2.5m
cedar,2020-09-06T16:00:00Z,22.908,22044.6,2.5m
cedar,2020-09-06T17:00:00Z,22.717,10677.8,2.5m
cedar,2020-09-06T18:00:00Z,22.238,4477.8,2.5m
cedar,2020-09-06T19:00:00Z,22.046,1022.6,2.5m
cedar,2020-09-06T20:00:00Z,21.855,0,2.5m
cedar,2020-09-06T21:00:00Z,21.951,0,2.5m
cedar,2020-09-06T22:00:00Z,21.855,0,2.5m
cedar,2020-09-06T23:00:00Z,21.951,0,2.5m
cedar,2020-09-07T00:00:00Z,21.855,0,2.5m
cedar,2020-09-07T01:00:00Z,21.76,0,2.5m
cedar,2020-09-07T02:00:00Z,21.664,0,2.5m
cedar,2020-09-07T03:00:00Z,21.473,0,2.5m
cedar,2020-09-07T04:00:00Z,21.378,0,2.5m
cedar,2020-09-07T05:00:00Z,21.282,0,2.5m
cedar,2020-09-07T06:00:00Z,21.187,0,2.5m
cedar,2020-09-07T07:00:00Z,21.091,419.8,2.5m
cedar,2020-09-07T08:00:00Z,21.378,4477.8,2.5m
cedar,2020-09-07T09:00:00Z,21.855,10677.8,2.5m
cedar,2020-09-07T10:00:00Z,22.238,20666.8,2.5m
cedar,2020-09-07T11:00:00Z,22.812,23422.4,2.5m
cedar,2020-09-07T12:00:00Z,23.388,26178,2.5m
cedar,2020-09-07T13:00:00Z,23.966,37200.2,2.5m
cedar,2020-09-07T14:00:00Z,24.158,17911.2,2.5m
cedar,2020-09-07T15:00:00Z,24.448,15844.5,2.5m
cedar,2020-09-07T16:00:00Z,23.677,5511.1,2.5m
cedar,2020-09-07T17:00:00Z,23.966,14466.8,2.5m
cedar,2020-09-07T18:00:00Z,23.1,1377.8,2.5m
cedar,2020-09-07T19:00:00Z,22.717,882.6,2.5m
cedar,2020-09-07T20:00:00Z,22.717,0,2.5m
cedar,2020-09-07T21:00:00Z,22.525,0,2.5m
cedar,2020-09-07T22:00:00Z,22.333,0,2.5m
cedar,2020-09-07T23:00:00Z,22.238,0,2.5m
cedar,2020-09-08T00:00:00Z,22.046,0,2.5m
cedar,2020-09-08T01:00:00Z,21.951,0,2.5m
cedar,2020-09-08T02:00:00Z,21.855,0,2.5m
cedar,2020-09-08T03:00:00Z,21.664,0,2.5m
cedar,2020-09-08T04:00:00Z,21.569,0,2.5m
cedar,2020-09-08T05:00:00Z,21.378,0,2.5m
cedar,2020-09-08T06:00:00Z,21.187,0,2.5m
cedar,2020-09-08T07:00:00Z,20.996,516.7,2.5m
cedar,2020-09-08T08:00:00Z,21.091,3961.1,2.5m
cedar,2020-09-08T09:00:00Z,21.569,9644.5,2.5m
cedar,2020-09-08T10:00:00Z,21.855,18600.1,2.5m
cedar,2020-09-08T11:00:00Z,22.429,26178,2.5m
cedar,2020-09-08T12:00:00Z,22.812,19289,2.5m
cedar,2020-09-08T13:00:00Z,23.292,37200.2,2.5m
cedar,2020-09-08T14:00:00Z,23.484,17222.3,2.5m
cedar,2020-09-08T15:00:00Z,23.773,21355.7,2.5m
cedar,2020-09-08T16:00:00Z,23.484,26178,2.5m
cedar,2020-09-08T17:00:00Z,23.196,11022.3,2.5m
cedar,2020-09-08T18:00:00Z,22.333,1636.1,2.5m
cedar,2020-09-08T19:00:00Z,21.76,731.9,2.5m
cedar,2020-09-08T20:00:00Z,21.473,0,2.5m
cedar,2020-09-08T21:00:00Z,21.282,0,2.5m
cedar,2020-09-08T22:00:00Z,21.091,0,2.5m
cedar,2020-09-08T23:00:00Z,20.996,0,2.5m
cedar,2020-09-09T00:00:00Z,20.805,0,2.5m
cedar,2020-09-09T01:00:00Z,20.519,0,2.5m
cedar,2020-09-09T02:00:00Z,20.329,0,2.5m
cedar,2020-09-09T03:00:00Z,20.138,0,2.5m
cedar,2020-09-09T04:00:00Z,19.948,0,2.5m
cedar,2020-09-09T05:00:00Z,19.758,0,2.5m
cedar,2020-09-09T06:00:00Z,19.662,0,2.5m
cedar,2020-09-09T07:00:00Z,19.472,452.1,2.5m
cedar,2020-09-09T08:00:00Z,19.567,4133.4,2.5m
cedar,2020-09-09T09:00:00Z,20.043,12400.1,2.5m
cedar,2020-09-09T10:00:00Z,20.615,22044.6,2.5m
cedar,2020-09-09T11:00:00Z,20.805,24800.2,2.5m
cedar,2020-09-09T12:00:00Z,21.282,31689.1,2.5m
cedar,2020-09-09T13:00:00Z,20.519,15844.5,2.5m
cedar,2020-09-09T14:00:00Z,21.187,22044.6,2.5m
cedar,2020-09-09T15:00:00Z,21.091,18600.1,2.5m
cedar,2020-09-09T16:00:00Z,21.091,15844.5,2.5m
cedar,2020-09-09T17:00:00Z,20.805,9300.1,2.5m
cedar,2020-09-09T18:00:00Z,20.519,3616.7,2.5m
cedar,2020-09-09T19:00:00Z,20.138,710.4,2.5m
cedar,2020-09-09T20:00:00Z,19.948,0,2.5m
cedar,2020-09-09T21:00:00Z,19.758,0,2.5m
cedar,2020-09-09T22:00:00Z,19.662,0,2.5m
cedar,2020-09-09T23:00:00Z,19.567,0,2.5m
cedar,2020-09-10T00:00:00Z,19.472,0,2.5m
cedar,2020-09-10T01:00:00Z,19.377,0,2.5m
cedar,2020-09-10T02:00:00Z,19.187,0,2.5m
cedar,2020-09-10T03:00:00Z,19.092,0,2.5m
cedar,2020-09-10T04:00:00Z,18.996,0,2.5m
cedar,2020-09-10T05:00:00Z,18.806,0,2.5m
cedar,2020-09-10T06:00:00Z,18.616,0,2.5m
cedar,2020-09-10T07:00:00Z,18.521,419.8,2.5m
cedar,2020-09-10T08:00:00Z,18.616,3788.9,2.5m
cedar,2020-09-10T09:00:00Z,19.187,10677.8,2.5m
cedar,2020-09-10T10:00:00Z,19.567,20666.8,2.5m
cedar,2020-09-10T11:00:00Z,20.138,24800.2,2.5m
cedar,2020-09-10T12:00:00Z,20.234,26178,2.5m
cedar,2020-09-10T13:00:00Z,20.615,30311.3,2.5m
cedar,2020-09-10T14:00:00Z,20.519,22044.6,2.5m
cedar,2020-09-10T15:00:00Z,20.615,22044.6,2.5m
cedar,2020-09-10T16:00:00Z,20.519,19289,2.5m
cedar,2020-09-10T17:00:00Z,20.329,9644.5,2.5m
cedar,2020-09-10T18:00:00Z,19.853,4133.4,2.5m
cedar,2020-09-10T19:00:00Z,19.758,796.5,2.5m
cedar,2020-09-10T20:00:00Z,19.377,0,2.5m
cedar,2020-09-10T21:00:00Z,19.377,0,2.5m
cedar,2020-09-10T22:00:00Z,19.282,0,2.5m
cedar,2020-09-10T23:00:00Z,19.092,0,2.5m
cedar,2020-09-11T00:00:00Z,18.996,0,2.5m
cedar,2020-09-11T01:00:00Z,18.901,0,2.5m
cedar,2020-09-11T02:00:00Z,18.711,0,2.5m
cedar,2020-09-11T03:00:00Z,18.616,0,2.5m
cedar,2020-09-11T04:00:00Z,18.521,0,2.5m
cedar,2020-09-11T05:00:00Z,18.426,0,2.5m
cedar,2020-09-11T06:00:00Z,18.236,0,2.5m
cedar,2020-09-11T07:00:00Z,18.14,376.7,2.5m
cedar,2020-09-11T08:00:00Z,18.236,3272.2,2.5m
cedar,2020-09-11T09:00:00Z,18.616,7577.8,2.5m
cedar,2020-09-11T10:00:00Z,18.996,14466.8,2.5m
cedar,2020-09-11T11:00:00Z,19.377,20666.8,2.5m
cedar,2020-09-11T12:00:00Z,19.948,49600.3,2.5m
cedar,2020-09-11T13:00:00Z,20.424,27555.7,2.5m
cedar,2020-09-11T14:00:00Z,20.71,28933.5,2.5m
cedar,2020-09-11T15:00:00Z,20.519,17222.3,2.5m
cedar,2020-09-11T16:00:00Z,20.234,19977.9,2.5m
cedar,2020-09-11T17:00:00Z,19.948,8611.2,2.5m
cedar,2020-09-11T18:00:00Z,19.472,3788.9,2.5m
cedar,2020-09-11T19:00:00Z,19.187,871.9,2.5m
cedar,2020-09-11T20:00:00Z,18.996,0,2.5m
cedar,2020-09-11T21:00:00Z,18.996,0,2.5m
cedar,2020-09-11T22:00:00Z,19.187,0,2.5m
cedar,2020-09-11T23:00:00Z,18.996,0,2.5m
cedar,2020-09-12T00:00:00Z,18.901,0,2.5m
cedar,2020-09-12T01:00:00Z,18.711,0,2.5m
cedar,2020-09-12T02:00:00Z,18.616,0,2.5m
cedar,2020-09-12T03:00:00Z,18.521,0,2.5m
cedar,2020-09-12T04:00:00Z,18.331,0,2.5m
cedar,2020-09-12T05:00:00Z,18.236,0,2.5m
cedar,2020-09-12T06:00:00Z,18.14,0,2.5m
cedar,2020-09-12T07:00:00Z,18.045,387.5,2.5m
cedar,2020-09-12T08:00:00Z,18.14,3272.2,2.5m
cedar,2020-09-12T09:00:00Z,18.521,7577.8,2.5m
cedar,2020-09-12T10:00:00Z,18.901,14466.8,2.5m
cedar,2020-09-12T11:00:00Z,19.377,21355.7,2.5m
cedar,2020-09-12T12:00:00Z,19.758,24800.2,2.5m
cedar,2020-09-12T13:00:00Z,20.138,26178,2.5m
cedar,2020-09-12T14:00:00Z,20.234,24800.2,2.5m
cedar,2020-09-12T15:00:00Z,20.138,20666.8,2.5m
cedar,2020-09-12T16:00:00Z,19.853,14466.8,2.5m
cedar,2020-09-12T17:00:00Z,19.567,8611.2,2.5m
cedar,2020-09-12T18:00:00Z,19.187,3616.7,2.5m
cedar,2020-09-12T19:00:00Z,18.901,656.6,2.5m
cedar,2020-09-12T20:00:00Z,18.806,0,2.5m
cedar,2020-09-12T21:00:00Z,18.806,0,2.5m
cedar,2020-09-12T22:00:00Z,18.806,0,2.5m
cedar,2020-09-12T23:00:00Z,18.711,0,2.5m
cedar,2020-09-13T00:00:00Z,18.521,0,2.5m
cedar,2020-09-13T01:00:00Z,18.426,0,2.5m
cedar,2020-09-13T02:00:00Z,18.331,0,2.5m
cedar,2020-09-13T03:00:00Z,18.236,0,2.5m
cedar,2020-09-13T04:00:00Z,18.14,0,2.5m
cedar,2020-09-13T05:00:00Z,17.95,0,2.5m
cedar,2020-09-13T06:00:00Z,17.855,0,2.5m
cedar,2020-09-13T07:00:00Z,17.76,150.7,2.5m
cedar,2020-09-13T08:00:00Z,17.855,2669.5,2.5m
cedar,2020-09-13T09:00:00Z,18.14,6200,2.5m
cedar,2020-09-13T10:00:00Z,18.616,14466.8,2.5m
cedar,2020-09-13T11:00:00Z,19.187,26178,2.5m
cedar,2020-09-13T12:00:00Z,19.662,21355.7,2.5m
cedar,2020-09-13T13:00:00Z,20.043,28933.5,2.5m
cedar,2020-09-13T14:00:00Z,20.615,19289,2.5m
cedar,2020-09-13T15:00:00Z,20.234,20666.8,2.5m
cedar,2020-09-13T16:00:00Z,19.853,12400.1,2.5m
cedar,2020-09-13T17:00:00Z,19.567,6544.5,2.5m
cedar,2020-09-13T18:00:00Z,18.806,2755.6,2.5m
cedar,2020-09-13T19:00:00Z,18.616,667.4,2.5m
cedar,2020-09-13T20:00:00Z,18.711,0,2.5m
cedar,2020-09-13T21:00:00Z,18.521,0,2.5m
cedar,2020-09-13T22:00:00Z,18.426,0,2.5m
cedar,2020-09-13T23:00:00Z,18.331,0,2.5m
cedar,2020-09-14T00:00:00Z,18.14,0,2.5m
cedar,2020-09-14T01:00:00Z,18.045,0,2.5m
cedar,2020-09-14T02:00:00Z,17.95,0,2.5m
cedar,2020-09-14T03:00:00Z,17.855,0,2.5m
cedar,2020-09-14T04:00:00Z,17.665,0,2.5m
cedar,2020-09-14T05:00:00Z,17.665,0,2.5m
cedar,2020-09-14T06:00:00Z,17.475,0,2.5m
cedar,2020-09-14T07:00:00Z,17.379,312.2,2.5m
cedar,2020-09-14T08:00:00Z,17.475,3961.1,2.5m
cedar,2020-09-14T09:00:00Z,17.95,7577.8,2.5m
cedar,2020-09-14T10:00:00Z,18.236,8611.2,2.5m
cedar,2020-09-14T11:00:00Z,18.996,21355.7,2.5m
cedar,2020-09-14T12:00:00Z,19.567,55111.5,2.5m
cedar,2020-09-14T13:00:00Z,19.853,34444.7,2.5m
cedar,2020-09-14T14:00:00Z,19.853,24800.2,2.5m
cedar,2020-09-14T15:00:00Z,19.472,17911.2,2.5m
cedar,2020-09-14T16:00:00Z,18.901,11022.3,2.5m
cedar,2020-09-14T17:00:00Z,18.616,5511.1,2.5m
cedar,2020-09-14T18:00:00Z,18.521,3272.2,2.5m
cedar,2020-09-14T19:00:00Z,18.426,785.8,2.5m
cedar,2020-09-14T20:00:00Z,18.236,0,2.5m
cedar,2020-09-14T21:00:00Z,18.045,0,2.5m
cedar,2020-09-14T22:00:00Z,17.95,0,2.5m
cedar,2020-09-14T23:00:00Z,17.855,0,2.5m
cedar,2020-09-15T00:00:00Z,17.76,0,2.5m
cedar,2020-09-15T01:00:00Z,17.57,0,2.5m
cedar,2020-09-15T02:00:00Z,17.475,0,2.5m
cedar,2020-09-15T03:00:00Z,17.284,0,2.5m
cedar,2020-09-15T04:00:00Z,17.189,0,2.5m
cedar,2020-09-15T05:00:00Z,17.094,0,2.5m
cedar,2020-09-15T06:00:00Z,16.903,0,2.5m
cedar,2020-09-15T07:00:00Z,16.808,312.2,2.5m
cedar,2020-09-15T08:00:00Z,16.808,2411.1,2.5m
cedar,2020-09-15T09:00:00Z,17.189,7577.8,2.5m
cedar,2020-09-15T10:00:00Z,17.855,21355.7,2.5m
cedar,2020-09-15T11:00:00Z,18.331,22044.6,2.5m
cedar,2020-09-15T12:00:00Z,18.901,30311.3,2.5m
cedar,2020-09-15T13:00:00Z,19.377,28933.5,2.5m
cedar,2020-09-15T14:00:00Z,19.662,17222.3,2.5m
cedar,2020-09-15T15:00:00Z,19.567,24800.2,2.5m
cedar,2020-09-15T16:00:00Z,19.282,15844.5,2.5m
cedar,2020-09-15T17:00:00Z,18.806,8266.7,2.5m
cedar,2020-09-15T18:00:00Z,18.14,2669.5,2.5m
cedar,2020-09-15T19:00:00Z,17.95,570.5,2.5m
cedar,2020-09-15T20:00:00Z,17.855,0,2.5m
cedar,2020-09-15T21:00:00Z,17.95,0,2.5m
cedar,2020-09-15T22:00:00Z,17.76,0,2.5m
cedar,2020-09-15T23:00:00Z,17.665,0,2.5m
cedar,2020-09-16T00:00:00Z,17.475,0,2.5m
cedar,2020-09-16T01:00:00Z,17.379,0,2.5m
cedar,2020-09-16T02:00:00Z,17.189,0,2.5m
cedar,2020-09-16T03:00:00Z,17.094,0,2.5m
cedar,2020-09-16T04:00:00Z,16.999,0,2.5m
cedar,2020-09-16T05:00:00Z,16.808,0,2.5m
cedar,2020-09-16T06:00:00Z,16.713,0,2.5m
cedar,2020-09-16T07:00:00Z,16.618,269.1,2.5m
cedar,2020-09-16T08:00:00Z,16.713,2497.2,2.5m
cedar,2020-09-16T09:00:00Z,17.094,8611.2,2.5m
cedar,2020-09-16T10:00:00Z,17.57,23422.4,2.5m
cedar,2020-09-16T11:00:00Z,18.14,22044.6,2.5m
cedar,2020-09-16T12:00:00Z,18.711,33066.9,2.5m
cedar,2020-09-16T13:00:00Z,19.187,132267.5,2.5m
cedar,2020-09-16T14:00:00Z,19.092,22044.6,2.5m
cedar,2020-09-16T15:00:00Z,18.426,13089,2.5m
cedar,2020-09-16T16:00:00Z,18.045,9300.1,2.5m
cedar,2020-09-16T17:00:00Z,17.95,7233.4,2.5m
cedar,2020-09-16T18:00:00Z,17.665,2927.8,2.5m
cedar,2020-09-16T19:00:00Z,17.475,549,2.5m
cedar,2020-09-16T20:00:00Z,17.57,0,2.5m
cedar,2020-09-16T21:00:00Z,17.379,0,2.5m
cedar,2020-09-16T22:00:00Z,17.284,0,2.5m
cedar,2020-09-16T23:00:00Z,17.189,0,2.5m
cedar,2020-09-17T00:00:00Z,17.094,0,2.5m
cedar,2020-09-17T01:00:00Z,16.999,0,2.5m
cedar,2020-09-17T02:00:00Z,16.903,0,2.5m
cedar,2020-09-17T03:00:00Z,16.808,0,2.5m
cedar,2020-09-17T04:00:00Z,16.713,0,2.5m
cedar,2020-09-17T05:00:00Z,16.618,0,2.5m
cedar,2020-09-17T06:00:00Z,16.427,0,2.5m
cedar,2020-09-17T07:00:00Z,16.332,269.1,2.5m
cedar,2020-09-17T08:00:00Z,16.332,1550,2.5m
cedar,2020-09-17T09:00:00Z,16.903,7577.8,2.5m
cedar,2020-09-17T10:00:00Z,17.475,16533.4,2.5m
cedar,2020-09-17T11:00:00Z,17.855,22044.6,2.5m
cedar,2020-09-17T12:00:00Z,18.521,31689.1,2.5m
cedar,2020-09-17T13:00:00Z,18.901,31689.1,2.5m
cedar,2020-09-17T14:00:00Z,19.282,28933.5,2.5m
cedar,2020-09-17T15:00:00Z,18.996,23422.4,2.5m
cedar,2020-09-17T16:00:00Z,18.236,9300.1,2.5m
cedar,2020-09-17T17:00:00Z,17.76,5511.1,2.5m
cedar,2020-09-17T18:00:00Z,17.665,3616.7,2.5m
cedar,2020-09-17T19:00:00Z,17.379,215.3,2.5m
cedar,2020-09-17T20:00:00Z,17.284,0,2.5m
cedar,2020-09-17T21:00:00Z,17.475,0,2.5m
cedar,2020-09-17T22:00:00Z,17.475,0,2.5m
cedar,2020-09-17T23:00:00Z,17.379,0,2.5m
cedar,2020-09-18T00:00:00Z,17.284,0,2.5m
cedar,2020-09-18T01:00:00Z,17.189,0,2.5m
cedar,2020-09-18T02:00:00Z,17.094,0,2.5m
cedar,2020-09-18T03:00:00Z,16.999,0,2.5m
cedar,2020-09-18T04:00:00Z,16.903,0,2.5m
cedar,2020-09-18T05:00:00Z,16.808,0,2.5m
cedar,2020-09-18T06:00:00Z,16.713,0,2.5m
cedar,2020-09-18T07:00:00Z,16.618,139.9,2.5m
cedar,2020-09-18T08:00:00Z,16.713,2152.8,2.5m
cedar,2020-09-18T09:00:00Z,16.999,4822.3,2.5m
cedar,2020-09-18T10:00:00Z,17.475,12400.1,2.5m
cedar,2020-09-18T11:00:00Z,18.045,26178,2.5m
cedar,2020-09-18T12:00:00Z,17.76,9300.1,2.5m
cedar,2020-09-18T13:00:00Z,18.521,22044.6,2.5m
cedar,2020-09-18T14:00:00Z,17.95,10677.8,2.5m
cedar,2020-09-18T15:00:00Z,17.95,15155.7,2.5m
cedar,2020-09-18T16:00:00Z,17.475,6200,2.5m
cedar,2020-09-18T17:00:00Z,17.665,4133.4,2.5m
cedar,2020-09-18T18:00:00Z,16.999,2152.8,2.5m
cedar,2020-09-18T19:00:00Z,16.903,376.7,2.5m
cedar,2020-09-18T20:00:00Z,16.713,0,2.5m
cedar,2020-09-18T21:00:00Z,16.618,0,2.5m
cedar,2020-09-18T22:00:00Z,16.618,0,2.5m
cedar,2020-09-18T23:00:00Z,16.523,0,2.5m
cedar,2020-09-19T00:00:00Z,16.427,0,2.5m
cedar,2020-09-19T01:00:00Z,16.427,0,2.5m
cedar,2020-09-19T02:00:00Z,16.237,0,2.5m
cedar,2020-09-19T03:00:00Z,16.141,0,2.5m
cedar,2020-09-19T04:00:00Z,16.046,0,2.5m
cedar,2020-09-19T05:00:00Z,15.951,0,2.5m
cedar,2020-09-19T06:00:00Z,15.76,0,2.5m
cedar,2020-09-19T07:00:00Z,15.664,215.3,2.5m
cedar,2020-09-19T08:00:00Z,15.76,1722.2,2.5m
cedar,2020-09-19T09:00:00Z,16.141,5511.1,2.5m
cedar,2020-09-19T10:00:00Z,16.713,14466.8,2.5m
cedar,2020-09-19T11:00:00Z,17.284,19289,2.5m
cedar,2020-09-19T12:00:00Z,17.76,26178,2.5m
cedar,2020-09-19T13:00:00Z,18.331,31689.1,2.5m
cedar,2020-09-19T14:00:00Z,18.236,26178,2.5m
cedar,2020-09-19T15:00:00Z,18.426,28933.5,2.5m
cedar,2020-09-19T16:00:00Z,18.331,13777.9,2.5m
cedar,2020-09-19T17:00:00Z,17.855,7577.8,2.5m
cedar,2020-09-19T18:00:00Z,16.999,2066.7,2.5m
cedar,2020-09-19T19:00:00Z,16.903,462.9,2.5m
cedar,2020-09-19T20:00:00Z,16.999,0,2.5m
cedar,2020-09-19T21:00:00Z,16.808,0,2.5m
cedar,2020-09-19T22:00:00Z,16.713,0,2.5m
cedar,2020-09-19T23:00:00Z,16.523,0,2.5m
cedar,2020-09-20T00:00:00Z,16.427,0,2.5m
cedar,2020-09-20T01:00:00Z,16.332,0,2.5m
cedar,2020-09-20T02:00:00Z,16.141,0,2.5m
cedar,2020-09-20T03:00:00Z,16.141,0,2.5m
cedar,2020-09-20T04:00:00Z,15.951,0,2.5m
cedar,2020-09-20T05:00:00Z,15.855,0,2.5m
cedar,2020-09-20T06:00:00Z,15.76,0,2.5m
cedar,2020-09-20T07:00:00Z,15.569,193.8,2.5m
cedar,2020-09-20T08:00:00Z,15.664,1162.5,2.5m
cedar,2020-09-20T09:00:00Z,15.951,3272.2,2.5m
cedar,2020-09-20T10:00:00Z,16.618,12400.1,2.5m
cedar,2020-09-20T11:00:00Z,17.189,15844.5,2.5m
cedar,2020-09-20T12:00:00Z,17.665,17911.2,2.5m
cedar,2020-09-20T13:00:00Z,18.236,37200.2,2.5m
cedar,2020-09-20T14:00:00Z,18.616,30311.3,2.5m
cedar,2020-09-20T15:00:00Z,18.616,11711.2,2.5m
cedar,2020-09-20T16:00:00Z,18.236,15155.7,2.5m
cedar,2020-09-20T17:00:00Z,17.855,9644.5,2.5m
cedar,2020-09-20T18:00:00Z,16.903,1550,2.5m
cedar,2020-09-20T19:00:00Z,16.713,376.7,2.5m
cedar,2020-09-20T20:00:00Z,16.713,0,2.5m
cedar,2020-09-20T21:00:00Z,16.713,0,2.5m
cedar,2020-09-20T22:00:00Z,16.713,0,2.5m
cedar,2020-09-20T23:00:00Z,16.808,0,2.5m
cedar,2020-09-21T00:00:00Z,16.713,0,2.5m
cedar,2020-09-21T01:00:00Z,16.523,0,2.5m
cedar,2020-09-21T02:00:00Z,16.427,0,2.5m
cedar,2020-09-21T03:00:00Z,16.332,0,2.5m
cedar,2020-09-21T04:00:00Z,16.141,0,2.5m
cedar,2020-09-21T05:00:00Z,16.046,0,2.5m
cedar,2020-09-21T06:00:00Z,15.951,0,2.5m
cedar,2020-09-21T07:00:00Z,15.855,161.5,2.5m
cedar,2020-09-21T08:00:00Z,16.046,2669.5,2.5m
cedar,2020-09-21T09:00:00Z,16.332,7233.4,2.5m
cedar,2020-09-21T10:00:00Z,16.713,12400.1,2.5m
cedar,2020-09-21T11:00:00Z,17.094,16533.4,2.5m
cedar,2020-09-21T12:00:00Z,17.284,16533.4,2.5m
cedar,2020-09-21T13:00:00Z,17.95,31689.1,2.5m
cedar,2020-09-21T14:00:00Z,18.045,22044.6,2.5m
cedar,2020-09-21T15:00:00Z,18.236,23422.4,2.5m
cedar,2020-09-21T16:00:00Z,18.14,16533.4,2.5m
cedar,2020-09-21T17:00:00Z,17.475,8611.2,2.5m
cedar,2020-09-21T18:00:00Z,16.903,1980.6,2.5m
cedar,2020-09-21T19:00:00Z,16.808,247.6,2.5m
cedar,2020-09-21T20:00:00Z,16.808,0,2.5m
cedar,2020-09-21T21:00:00Z,16.808,0,2.5m
cedar,2020-09-21T22:00:00Z,16.808,0,2.5m
cedar,2020-09-21T23:00:00Z,16.713,0,2.5m
cedar,2020-09-22T00:00:00Z,16.618,0,2.5m
cedar,2020-09-22T01:00:00Z,16.523,0,2.5m
cedar,2020-09-22T02:00:00Z,16.427,0,2.5m
cedar,2020-09-22T03:00:00Z,16.332,0,2.5m
cedar,2020-09-22T04:00:00Z,16.237,0,2.5m
cedar,2020-09-22T05:00:00Z,16.141,0,2.5m
cedar,2020-09-22T06:00:00Z,16.046,0,2.5m
cedar,2020-09-22T07:00:00Z,15.951,150.7,2.5m
cedar,2020-09-22T08:00:00Z,16.046,1894.5,2.5m
cedar,2020-09-22T09:00:00Z,16.523,6200,2.5m
cedar,2020-09-22T10:00:00Z,16.999,10677.8,2.5m
cedar,2020-09-22T11:00:00Z,17.475,20666.8,2.5m
cedar,2020-09-22T12:00:00Z,18.045,20666.8,2.5m
cedar,2020-09-22T13:00:00Z,18.426,26178,2.5m
cedar,2020-09-22T14:00:00Z,18.711,27555.7,2.5m
cedar,2020-09-22T15:00:00Z,18.14,11711.2,2.5m
cedar,2020-09-22T16:00:00Z,17.57,9300.1,2.5m
cedar,2020-09-22T17:00:00Z,17.475,6544.5,2.5m
cedar,2020-09-22T18:00:00Z,17.284,4133.4,2.5m
cedar,2020-09-22T19:00:00Z,16.903,215.3,2.5m
cedar,2020-09-22T20:00:00Z,16.999,0,2.5m
cedar,2020-09-22T21:00:00Z,16.903,0,2.5m
cedar,2020-09-22T22:00:00Z,16.808,0,2.5m
cedar,2020-09-22T23:00:00Z,16.713,0,2.5m
cedar,2020-09-23T00:00:00Z,16.618,0,2.5m
cedar,2020-09-23T01:00:00Z,16.523,0,2.5m
cedar,2020-09-23T02:00:00Z,16.427,0,2.5m
cedar,2020-09-23T03:00:00Z,16.332,0,2.5m
cedar,2020-09-23T04:00:00Z,16.141,0,2.5m
cedar,2020-09-23T05:00:00Z,16.046,0,2.5m
cedar,2020-09-23T06:00:00Z,15.951,0,2.5m
cedar,2020-09-23T07:00:00Z,15.855,96.9,2.5m
cedar,2020-09-23T08:00:00Z,15.951,1722.2,2.5m
cedar,2020-09-23T09:00:00Z,16.427,6544.5,2.5m
cedar,2020-09-23T10:00:00Z,16.999,12400.1,2.5m
cedar,2020-09-23T11:00:00Z,17.475,28933.5,2.5m
cedar,2020-09-23T12:00:00Z,17.665,10333.4,2.5m
cedar,2020-09-23T13:00:00Z,18.331,37200.2,2.5m
cedar,2020-09-23T14:00:00Z,18.426,22044.6,2.5m
cedar,2020-09-23T15:00:00Z,18.236,17222.3,2.5m
cedar,2020-09-23T16:00:00Z,17.855,10677.8,2.5m
cedar,2020-09-23T17:00:00Z,17.665,7233.4,2.5m
cedar,2020-09-23T18:00:00Z,17.284,3444.5,2.5m
cedar,2020-09-23T19:00:00Z,17.094,290.6,2.5m
cedar,2020-09-23T20:00:00Z,16.808,0,2.5m
cedar,2020-09-23T21:00:00Z,16.713,0,2.5m
cedar,2020-09-23T22:00:00Z,16.523,0,2.5m
cedar,2020-09-23T23:00:00Z,16.427,0,2.5m
cedar,2020-09-24T00:00:00Z,16.332,0,2.5m
cedar,2020-09-24T01:00:00Z,16.237,0,2.5m
cedar,2020-09-24T02:00:00Z,16.141,0,2.5m
cedar,2020-09-24T03:00:00Z,16.046,0,2.5m
cedar,2020-09-24T04:00:00Z,15.951,0,2.5m
cedar,2020-09-24T05:00:00Z,15.855,0,2.5m
cedar,2020-09-24T06:00:00Z,15.855,0,2.5m
cedar,2020-09-24T07:00:00Z,15.76,107.6,2.5m
cedar,2020-09-24T08:00:00Z,15.855,2238.9,2.5m
cedar,2020-09-24T09:00:00Z,16.046,4650,2.5m
cedar,2020-09-24T10:00:00Z,16.618,10333.4,2.5m
cedar,2020-09-24T11:00:00Z,17.379,6200,2.5m
cedar,2020-09-24T12:00:00Z,17.95,23422.4,2.5m
cedar,2020-09-24T13:00:00Z,18.711,24800.2,2.5m
cedar,2020-09-24T14:00:00Z,16.999,13777.9,2.5m
cedar,2020-09-24T15:00:00Z,17.379,5511.1,2.5m
cedar,2020-09-24T16:00:00Z,18.521,13089,2.5m
cedar,2020-09-24T17:00:00Z,18.14,8611.2,2.5m
cedar,2020-09-24T18:00:00Z,17.094,2497.2,2.5m
cedar,2020-09-24T19:00:00Z,16.713,204.5,2.5m
cedar,2020-09-24T20:00:00Z,16.713,0,2.5m
cedar,2020-09-24T21:00:00Z,16.713,0,2.5m
cedar,2020-09-24T22:00:00Z,16.618,0,2.5m
cedar,2020-09-24T23:00:00Z,16.427,0,2.5m
cedar,2020-09-25T00:00:00Z,16.427,0,2.5m
cedar,2020-09-25T01:00:00Z,16.332,0,2.5m
cedar,2020-09-25T02:00:00Z,16.237,0,2.5m
cedar,2020-09-25T03:00:00Z,16.141,0,2.5m
cedar,2020-09-25T04:00:00Z,16.046,0,2.5m
cedar,2020-09-25T05:00:00Z,15.951,0,2.5m
cedar,2020-09-25T06:00:00Z,15.76,0,2.5m
cedar,2020-09-25T07:00:00Z,15.664,86.1,2.5m
cedar,2020-09-25T08:00:00Z,15.76,1377.8,2.5m
cedar,2020-09-25T09:00:00Z,16.046,4822.3,2.5m
cedar,2020-09-25T10:00:00Z,16.713,12400.1,2.5m
cedar,2020-09-25T11:00:00Z,17.189,22044.6,2.5m
cedar,2020-09-25T12:00:00Z,17.76,82667.2,2.5m
cedar,2020-09-25T13:00:00Z,18.14,30311.3,2.5m
cedar,2020-09-25T14:00:00Z,18.426,20666.8,2.5m
cedar,2020-09-25T15:00:00Z,18.426,22044.6,2.5m
cedar,2020-09-25T16:00:00Z,18.14,16533.4,2.5m
cedar,2020-09-25T17:00:00Z,17.284,7233.4,2.5m
cedar,2020-09-25T18:00:00Z,17.094,3961.1,2.5m
cedar,2020-09-25T19:00:00Z,16.999,86.1,2.5m
cedar,2020-09-25T20:00:00Z,16.808,0,2.5m
cedar,2020-09-25T21:00:00Z,16.713,0,2.5m
cedar,2020-09-25T22:00:00Z,16.618,0,2.5m
cedar,2020-09-25T23:00:00Z,16.523,0,2.5m
cedar,2020-09-26T00:00:00Z,16.427,0,2.5m
cedar,2020-09-26T01:00:00Z,16.427,0,2.5m
cedar,2020-09-26T02:00:00Z,16.332,0,2.5m
cedar,2020-09-26T03:00:00Z,16.237,0,2.5m
cedar,2020-09-26T04:00:00Z,16.141,0,2.5m
cedar,2020-09-26T05:00:00Z,16.046,0,2.5m
cedar,2020-09-26T06:00:00Z,15.951,0,2.5m
cedar,2020-09-26T07:00:00Z,15.855,64.6,2.5m
cedar,2020-09-26T08:00:00Z,15.951,1636.1,2.5m
cedar,2020-09-26T09:00:00Z,16.237,6544.5,2.5m
cedar,2020-09-26T10:00:00Z,16.999,13089,2.5m
cedar,2020-09-26T11:00:00Z,16.999,5166.7,2.5m
cedar,2020-09-26T12:00:00Z,17.665,12400.1,2.5m
cedar,2020-09-26T13:00:00Z,18.521,46844.8,2.5m
cedar,2020-09-26T14:00:00Z,18.426,41333.6,2.5m
cedar,2020-09-26T15:00:00Z,18.521,14466.8,2.5m
cedar,2020-09-26T16:00:00Z,18.426,18600.1,2.5m
cedar,2020-09-26T17:00:00Z,17.95,4477.8,2.5m
cedar,2020-09-26T18:00:00Z,16.903,1194.8,2.5m
cedar,2020-09-26T19:00:00Z,16.903,183,2.5m
cedar,2020-09-26T20:00:00Z,16.903,0,2.5m
cedar,2020-09-26T21:00:00Z,16.808,0,2.5m
cedar,2020-09-26T22:00:00Z,16.713,0,2.5m
cedar,2020-09-26T23:00:00Z,16.618,0,2.5m
cedar,2020-09-27T00:00:00Z,16.427,0,2.5m
cedar,2020-09-27T01:00:00Z,16.332,0,2.5m
cedar,2020-09-27T02:00:00Z,16.237,0,2.5m
cedar,2020-09-27T03:00:00Z,16.141,0,2.5m
cedar,2020-09-27T04:00:00Z,15.951,0,2.5m
cedar,2020-09-27T05:00:00Z,15.855,0,2.5m
cedar,2020-09-27T06:00:00Z,15.76,0,2.5m
cedar,2020-09-27T07:00:00Z,15.664,86.1,2.5m
cedar,2020-09-27T08:00:00Z,15.569,968.8,2.5m
cedar,2020-09-27T09:00:00Z,15.855,2755.6,2.5m
cedar,2020-09-27T10:00:00Z,16.523,16533.4,2.5m
cedar,2020-09-27T11:00:00Z,17.094,22044.6,2.5m
cedar,2020-09-27T12:00:00Z,17.665,28933.5,2.5m
cedar,2020-09-27T13:00:00Z,18.236,34444.7,2.5m
cedar,2020-09-27T14:00:00Z,18.521,49600.3,2.5m
cedar,2020-09-27T15:00:00Z,18.521,27555.7,2.5m
cedar,2020-09-27T16:00:00Z,18.331,9300.1,2.5m
cedar,2020-09-27T17:00:00Z,17.76,5511.1,2.5m
cedar,2020-09-27T18:00:00Z,16.808,1011.8,2.5m
cedar,2020-09-27T19:00:00Z,16.713,150.7,2.5m
cedar,2020-09-27T20:00:00Z,16.618,0,2.5m
cedar,2020-09-27T21:00:00Z,16.618,0,2.5m
cedar,2020-09-27T22:00:00Z,16.618,0,2.5m
cedar,2020-09-27T23:00:00Z,16.523,0,2.5m
cedar,2020-09-28T00:00:00Z,16.427,0,2.5m
cedar,2020-09-28T01:00:00Z,16.237,0,2.5m
cedar,2020-09-28T02:00:00Z,16.141,0,2.5m
cedar,2020-09-28T03:00:00Z,16.046,0,2.5m
cedar,2020-09-28T04:00:00Z,15.951,0,2.5m
cedar,2020-09-28T05:00:00Z,15.855,0,2.5m
cedar,2020-09-28T06:00:00Z,15.76,0,2.5m
cedar,2020-09-28T07:00:00Z,15.664,75.3,2.5m
cedar,2020-09-28T08:00:00Z,15.664,936.5,2.5m
cedar,2020-09-28T09:00:00Z,16.046,5511.1,2.5m
cedar,2020-09-28T10:00:00Z,16.713,14466.8,2.5m
cedar,2020-09-28T11:00:00Z,16.903,20666.8,2.5m
cedar,2020-09-28T12:00:00Z,17.57,26178,2.5m
cedar,2020-09-28T13:00:00Z,18.236,49600.3,2.5m
cedar,2020-09-28T14:00:00Z,18.616,30311.3,2.5m
cedar,2020-09-28T15:00:00Z,18.521,33066.9,2.5m
cedar,2020-09-28T16:00:00Z,18.14,9644.5,2.5m
cedar,2020-09-28T17:00:00Z,17.855,8266.7,2.5m
cedar,2020-09-28T18:00:00Z,16.808,968.8,2.5m
cedar,2020-09-28T19:00:00Z,16.713,107.6,2.5m
cedar,2020-09-28T20:00:00Z,16.713,0,2.5m
cedar,2020-09-28T21:00:00Z,16.713,0,2.5m
cedar,2020-09-28T22:00:00Z,16.713,0,2.5m
cedar,2020-09-28T23:00:00Z,16.713,0,2.5m
cedar,2020-09-29T00:00:00Z,16.618,0,2.5m
cedar,2020-09-29T01:00:00Z,16.523,0,2.5m
cedar,2020-09-29T02:00:00Z,16.332,0,2.5m
cedar,2020-09-29T03:00:00Z,16.237,0,2.5m
cedar,2020-09-29T04:00:00Z,16.141,0,2.5m
cedar,2020-09-29T05:00:00Z,16.046,0,2.5m
cedar,2020-09-29T06:00:00Z,15.951,0,2.5m
cedar,2020-09-29T07:00:00Z,15.76,64.6,2.5m
cedar,2020-09-29T08:00:00Z,15.855,1162.5,2.5m
cedar,2020-09-29T09:00:00Z,16.141,4305.6,2.5m
cedar,2020-09-29T10:00:00Z,16.808,13777.9,2.5m
cedar,2020-09-29T11:00:00Z,17.189,7233.4,2.5m
cedar,2020-09-29T12:00:00Z,17.76,24800.2,2.5m
cedar,2020-09-29T13:00:00Z,18.331,52355.9,2.5m
cedar,2020-09-29T14:00:00Z,18.521,77156.1,2.5m
cedar,2020-09-29T15:00:00Z,18.236,33066.9,2.5m
cedar,2020-09-29T16:00:00Z,17.95,19977.9,2.5m
cedar,2020-09-29T17:00:00Z,17.57,7577.8,2.5m
cedar,2020-09-29T18:00:00Z,16.903,1980.6,2.5m
cedar,2020-09-29T19:00:00Z,16.618,86.1,2.5m
cedar,2020-09-29T20:00:00Z,16.713,0,2.5m
cedar,2020-09-29T21:00:00Z,16.713,0,2.5m
cedar,2020-09-29T22:00:00Z,16.713,0,2.5m
cedar,2020-09-29T23:00:00Z,16.713,0,2.5m
cedar,2020-09-30T00:00:00Z,16.713,0,2.5m
cedar,2020-09-30T01:00:00Z,16.523,0,2.5m
cedar,2020-09-30T02:00:00Z,16.427,0,2.5m
cedar,2020-09-30T03:00:00Z,16.332,0,2.5m
cedar,2020-09-30T04:00:00Z,16.332,0,2.5m
cedar,2020-09-30T05:00:00Z,16.237,0,2.5m
cedar,2020-09-30T06:00:00Z,16.141,0,2.5m
cedar,2020-09-30T07:00:00Z,16.046,43.1,2.5m
cedar,2020-09-30T08:00:00Z,16.141,2066.7,2.5m
cedar,2020-09-30T09:00:00Z,16.427,5166.7,2.5m
cedar,2020-09-30T10:00:00Z,16.903,11022.3,2.5m
cedar,2020-09-30T11:00:00Z,17.57,12400.1,2.5m
cedar,2020-09-30T12:00:00Z,18.045,16533.4,2.5m
cedar,2020-09-30T13:00:00Z,18.331,26178,2.5m
cedar,2020-09-30T14:00:00Z,18.331,28933.5,2.5m
cedar,2020-09-30T15:00:00Z,18.236,22044.6,2.5m
cedar,2020-09-30T16:00:00Z,18.045,13089,2.5m
cedar,2020-09-30T17:00:00Z,17.57,6200,2.5m
cedar,2020-09-30T18:00:00Z,17.189,2152.8,2.5m
cedar,2020-09-30T19:00:00Z,16.903,64.6,2.5m
cedar,2020-09-30T20:00:00Z,16.903,0,2.5m
cedar,2020-09-30T21:00:00Z,16.903,0,2.5m
cedar,2020-09-30T22:00:00Z,16.903,0,2.5m
cedar,2020-09-30T23:00:00Z,16.999,0,2.5m
cedar,2020-10-01T00:00:00Z,16.903,0,2.5m
cedar,2020-10-01T01:00:00Z,16.808,0,2.5m
cedar,2020-10-01T02:00:00Z,16.713,0,2.5m
cedar,2020-10-01T03:00:00Z,16.523,0,2.5m
cedar,2020-10-01T04:00:00Z,16.523,0,2.5m
cedar,2020-10-01T05:00:00Z,16.427,0,2.5m
cedar,2020-10-01T06:00:00Z,16.332,0,2.5m
cedar,2020-10-01T07:00:00Z,16.237,43.1,2.5m
cedar,2020-10-01T08:00:00Z,16.332,2152.8,2.5m
cedar,2020-10-01T09:00:00Z,16.618,5166.7,2.5m
cedar,2020-10-01T10:00:00Z,17.189,10333.4,2.5m
cedar,2020-10-01T11:00:00Z,17.57,12400.1,2.5m
cedar,2020-10-01T12:00:00Z,18.045,8266.7,2.5m
cedar,2020-10-01T13:00:00Z,18.616,33066.9,2.5m
cedar,2020-10-01T14:00:00Z,18.806,34444.7,2.5m
cedar,2020-10-01T15:00:00Z,18.806,22044.6,2.5m
cedar,2020-10-01T16:00:00Z,18.711,16533.4,2.5m
cedar,2020-10-01T17:00:00Z,18.236,7577.8,2.5m
cedar,2020-10-01T18:00:00Z,17.379,1550,2.5m
cedar,2020-10-01T19:00:00Z,17.189,43.1,2.5m
cedar,2020-10-01T20:00:00Z,17.189,0,2.5m
cedar,2020-10-01T21:00:00Z,17.189,0,2.5m
cedar,2020-10-01T22:00:00Z,17.189,0,2.5m
cedar,2020-10-01T23:00:00Z,17.284,0,2.5m
cedar,2020-10-02T00:00:00Z,17.189,0,2.5m
cedar,2020-10-02T01:00:00Z,17.094,0,2.5m
cedar,2020-10-02T02:00:00Z,16.999,0,2.5m
cedar,2020-10-02T03:00:00Z,16.903,0,2.5m
cedar,2020-10-02T04:00:00Z,16.808,0,2.5m
cedar,2020-10-02T05:00:00Z,16.713,0,2.5m
cedar,2020-10-02T06:00:00Z,16.523,0,2.5m
cedar,2020-10-02T07:00:00Z,16.523,21.5,2.5m
cedar,2020-10-02T08:00:00Z,16.618,2238.9,2.5m
cedar,2020-10-02T09:00:00Z,16.808,5166.7,2.5m
cedar,2020-10-02T10:00:00Z,17.284,10333.4,2.5m
cedar,2020-10-02T11:00:00Z,17.665,15155.7,2.5m
cedar,2020-10-02T12:00:00Z,18.14,21355.7,2.5m
cedar,2020-10-02T13:00:00Z,18.711,39955.8,2.5m
cedar,2020-10-02T14:00:00Z,18.616,23422.4,2.5m
cedar,2020-10-02T15:00:00Z,18.521,17222.3,2.5m
cedar,2020-10-02T16:00:00Z,18.236,11711.2,2.5m
cedar,2020-10-02T17:00:00Z,17.95,6200,2.5m
cedar,2020-10-02T18:00:00Z,17.475,2066.7,2.5m
cedar,2020-10-02T19:00:00Z,17.189,32.3,2.5m
cedar,2020-10-02T20:00:00Z,17.189,0,2.5m
cedar,2020-10-02T21:00:00Z,17.189,0,2.5m
cedar,2020-10-02T22:00:00Z,17.284,0,2.5m
cedar,2020-10-02T23:00:00Z,17.284,0,2.5m
cedar,2020-10-03T00:00:00Z,17.094,0,2.5m
cedar,2020-10-03T01:00:00Z,16.999,0,2.5m
cedar,2020-10-03T02:00:00Z,16.903,0,2.5m
cedar,2020-10-03T03:00:00Z,16.808,0,2.5m
cedar,2020-10-03T04:00:00Z,16.713,0,2.5m
cedar,2020-10-03T05:00:00Z,16.618,0,2.5m
cedar,2020-10-03T06:00:00Z,16.523,0,2.5m
cedar,2020-10-03T07:00:00Z,16.427,10.8,2.5m
cedar,2020-10-03T08:00:00Z,16.523,2152.8,2.5m
cedar,2020-10-03T09:00:00Z,16.808,5166.7,2.5m
cedar,2020-10-03T10:00:00Z,17.284,11022.3,2.5m
cedar,2020-10-03T11:00:00Z,17.76,16533.4,2.5m
cedar,2020-10-03T12:00:00Z,18.045,23422.4,2.5m
cedar,2020-10-03T13:00:00Z,18.711,30311.3,2.5m
cedar,2020-10-03T14:00:00Z,18.711,24800.2,2.5m
cedar,2020-10-03T15:00:00Z,18.711,16533.4,2.5m
cedar,2020-10-03T16:00:00Z,18.426,24800.2,2.5m
cedar,2020-10-03T17:00:00Z,17.855,5511.1,2.5m
cedar,2020-10-03T18:00:00Z,17.379,1636.1,2.5m
cedar,2020-10-03T19:00:00Z,17.284,21.5,2.5m
cedar,2020-10-03T20:00:00Z,17.284,0,2.5m
cedar,2020-10-03T21:00:00Z,17.189,0,2.5m
cedar,2020-10-03T22:00:00Z,17.284,0,2.5m
cedar,2020-10-03T23:00:00Z,17.189,0,2.5m
cedar,2020-10-04T00:00:00Z,17.094,0,2.5m
cedar,2020-10-04T01:00:00Z,16.999,0,2.5m
cedar,2020-10-04T02:00:00Z,16.808,0,2.5m
cedar,2020-10-04T03:00:00Z,16.713,0,2.5m
cedar,2020-10-04T04:00:00Z,16.713,0,2.5m
cedar,2020-10-04T05:00:00Z,16.618,0,2.5m
cedar,2020-10-04T06:00:00Z,16.523,0,2.5m
cedar,2020-10-04T07:00:00Z,16.332,0,2.5m
cedar,2020-10-04T08:00:00Z,16.332,1141,2.5m
cedar,2020-10-04T09:00:00Z,16.427,3788.9,2.5m
cedar,2020-10-04T10:00:00Z,16.808,8611.2,2.5m
cedar,2020-10-04T11:00:00Z,17.094,13089,2.5m
cedar,2020-10-04T12:00:00Z,17.284,13777.9,2.5m
cedar,2020-10-04T13:00:00Z,17.379,15844.5,2.5m
cedar,2020-10-04T14:00:00Z,17.665,18600.1,2.5m
cedar,2020-10-04T15:00:00Z,17.475,14466.8,2.5m
cedar,2020-10-04T16:00:00Z,17.284,10333.4,2.5m
cedar,2020-10-04T17:00:00Z,17.094,5166.7,2.5m
cedar,2020-10-04T18:00:00Z,16.808,1550,2.5m
cedar,2020-10-04T19:00:00Z,16.523,21.5,2.5m
cedar,2020-10-04T20:00:00Z,16.618,0,2.5m
cedar,2020-10-04T21:00:00Z,16.523,0,2.5m
cedar,2020-10-04T22:00:00Z,16.427,0,2.5m
cedar,2020-10-04T23:00:00Z,16.332,0,2.5m
cedar,2020-10-05T00:00:00Z,16.237,0,2.5m
cedar,2020-10-05T01:00:00Z,16.141,0,2.5m
cedar,2020-10-05T02:00:00Z,16.046,0,2.5m
cedar,2020-10-05T03:00:00Z,15.951,0,2.5m
cedar,2020-10-05T04:00:00Z,15.855,0,2.5m
cedar,2020-10-05T05:00:00Z,15.664,0,2.5m
cedar,2020-10-05T06:00:00Z,15.569,0,2.5m
cedar,2020-10-05T07:00:00Z,15.473,10.8,2.5m
cedar,2020-10-05T08:00:00Z,15.569,1722.2,2.5m
cedar,2020-10-05T09:00:00Z,15.76,4994.5,2.5m
cedar,2020-10-05T10:00:00Z,16.332,9644.5,2.5m
cedar,2020-10-05T11:00:00Z,16.618,13089,2.5m
cedar,2020-10-05T12:00:00Z,17.094,20666.8,2.5m
cedar,2020-10-05T13:00:00Z,17.57,26178,2.5m
cedar,2020-10-05T14:00:00Z,17.855,27555.7,2.5m
cedar,2020-10-05T15:00:00Z,17.475,14466.8,2.5m
cedar,2020-10-05T16:00:00Z,17.379,15155.7,2.5m
cedar,2020-10-05T17:00:00Z,16.903,6200,2.5m
cedar,2020-10-05T18:00:00Z,16.332,1722.2,2.5m
cedar,2020-10-05T19:00:00Z,16.141,10.8,2.5m
cedar,2020-10-05T20:00:00Z,16.141,0,2.5m
cedar,2020-10-05T21:00:00Z,16.141,0,2.5m
cedar,2020-10-05T22:00:00Z,16.237,0,2.5m
cedar,2020-10-05T23:00:00Z,16.141,0,2.5m
cedar,2020-10-06T00:00:00Z,16.046,0,2.5m
cedar,2020-10-06T01:00:00Z,15.855,0,2.5m
cedar,2020-10-06T02:00:00Z,15.76,0,2.5m
cedar,2020-10-06T03:00:00Z,15.664,0,2.5m
cedar,2020-10-06T04:00:00Z,15.569,0,2.5m
cedar,2020-10-06T05:00:00Z,15.473,0,2.5m
cedar,2020-10-06T06:00:00Z,15.378,0,2.5m
cedar,2020-10-06T07:00:00Z,15.282,10.8,2.5m
cedar,2020-10-06T08:00:00Z,15.282,1237.9,2.5m
cedar,2020-10-06T09:00:00Z,15.473,5166.7,2.5m
cedar,2020-10-06T10:00:00Z,16.237,11022.3,2.5m
cedar,2020-10-06T11:00:00Z,16.713,15155.7,2.5m
cedar,2020-10-06T12:00:00Z,17.189,22044.6,2.5m
cedar,2020-10-06T13:00:00Z,17.665,33066.9,2.5m
cedar,2020-10-06T14:00:00Z,17.855,23422.4,2.5m
cedar,2020-10-06T15:00:00Z,17.665,30311.3,2.5m
cedar,2020-10-06T16:00:00Z,17.475,14466.8,2.5m
cedar,2020-10-06T17:00:00Z,16.903,4994.5,2.5m
cedar,2020-10-06T18:00:00Z,16.237,1280.9,2.5m
cedar,2020-10-06T19:00:00Z,15.951,0,2.5m
cedar,2020-10-06T20:00:00Z,16.046,0,2.5m
cedar,2020-10-06T21:00:00Z,16.141,0,2.5m
cedar,2020-10-06T22:00:00Z,16.046,0,2.5m
cedar,2020-10-06T23:00:00Z,16.046,0,2.5m
cedar,2020-10-07T00:00:00Z,15.855,0,2.5m
cedar,2020-10-07T01:00:00Z,15.76,0,2.5m
cedar,2020-10-07T02:00:00Z,15.664,0,2.5m
cedar,2020-10-07T03:00:00Z,15.569,0,2.5m
cedar,2020-10-07T04:00:00Z,15.473,0,2.5m
cedar,2020-10-07T05:00:00Z,15.378,0,2.5m
cedar,2020-10-07T06:00:00Z,15.282,0,2.5m
cedar,2020-10-07T07:00:00Z,15.187,0,2.5m
cedar,2020-10-07T08:00:00Z,15.187,1291.7,2.5m
cedar,2020-10-07T09:00:00Z,15.378,3961.1,2.5m
cedar,2020-10-07T10:00:00Z,15.951,10677.8,2.5m
cedar,2020-10-07T11:00:00Z,16.523,9644.5,2.5m
cedar,2020-10-07T12:00:00Z,16.903,11022.3,2.5m
cedar,2020-10-07T13:00:00Z,17.284,22044.6,2.5m
cedar,2020-10-07T14:00:00Z,17.475,28933.5,2.5m
cedar,2020-10-07T15:00:00Z,17.379,22044.6,2.5m
cedar,2020-10-07T16:00:00Z,17.189,12400.1,2.5m
cedar,2020-10-07T17:00:00Z,16.808,6200,2.5m
cedar,2020-10-07T18:00:00Z,16.046,1237.9,2.5m
cedar,2020-10-07T19:00:00Z,15.76,0,2.5m
cedar,2020-10-07T20:00:00Z,15.855,0,2.5m
cedar,2020-10-07T21:00:00Z,15.855,0,2.5m
cedar,2020-10-07T22:00:00Z,15.855,0,2.5m
cedar,2020-10-07T23:00:00Z,15.76,0,2.5m
cedar,2020-10-08T00:00:00Z,15.569,0,2.5m
cedar,2020-10-08T01:00:00Z,15.473,0,2.5m
cedar,2020-10-08T02:00:00Z,15.378,0,2.5m
cedar,2020-10-08T03:00:00Z,15.282,0,2.5m
cedar,2020-10-08T04:00:00Z,15.187,0,2.5m
cedar,2020-10-08T05:00:00Z,15.091,0,2.5m
cedar,2020-10-08T06:00:00Z,14.996,0,2.5m
cedar,2020-10-08T07:00:00Z,14.804,0,2.5m
cedar,2020-10-08T08:00:00Z,14.9,1722.2,2.5m
cedar,2020-10-08T09:00:00Z,15.091,4133.4,2.5m
cedar,2020-10-08T10:00:00Z,15.664,9300.1,2.5m
cedar,2020-10-08T11:00:00Z,15.76,11022.3,2.5m
cedar,2020-10-08T12:00:00Z,16.332,16533.4,2.5m
cedar,2020-10-08T13:00:00Z,17.094,23422.4,2.5m
cedar,2020-10-08T14:00:00Z,17.284,18600.1,2.5m
cedar,2020-10-08T15:00:00Z,16.713,15155.7,2.5m
cedar,2020-10-08T16:00:00Z,16.141,7577.8,2.5m
cedar,2020-10-08T17:00:00Z,16.427,7233.4,2.5m
cedar,2020-10-08T18:00:00Z,15.664,1377.8,2.5m
cedar,2020-10-08T19:00:00Z,15.378,0,2.5m
cedar,2020-10-08T20:00:00Z,15.282,0,2.5m
cedar,2020-10-08T21:00:00Z,15.187,0,2.5m
cedar,2020-10-08T22:00:00Z,15.091,0,2.5m
cedar,2020-10-08T23:00:00Z,14.996,0,2.5m
cedar,2020-10-09T00:00:00Z,14.804,0,2.5m
cedar,2020-10-09T01:00:00Z,14.804,0,2.5m
cedar,2020-10-09T02:00:00Z,14.709,0,2.5m
cedar,2020-10-09T03:00:00Z,14.613,0,2.5m
cedar,2020-10-09T04:00:00Z,14.517,0,2.5m
cedar,2020-10-09T05:00:00Z,14.421,0,2.5m
cedar,2020-10-09T06:00:00Z,14.23,0,2.5m
cedar,2020-10-09T07:00:00Z,14.134,0,2.5m
cedar,2020-10-09T08:00:00Z,14.134,1270.1,2.5m
cedar,2020-10-09T09:00:00Z,14.325,5166.7,2.5m
cedar,2020-10-09T10:00:00Z,14.996,9644.5,2.5m
cedar,2020-10-09T11:00:00Z,15.569,14466.8,2.5m
cedar,2020-10-09T12:00:00Z,16.141,14466.8,2.5m
cedar,2020-10-09T13:00:00Z,16.523,23422.4,2.5m
cedar,2020-10-09T14:00:00Z,16.713,24800.2,2.5m
cedar,2020-10-09T15:00:00Z,16.332,18600.1,2.5m
cedar,2020-10-09T16:00:00Z,16.237,12400.1,2.5m
cedar,2020-10-09T17:00:00Z,15.855,5511.1,2.5m
cedar,2020-10-09T18:00:00Z,14.996,2583.4,2.5m
cedar,2020-10-09T19:00:00Z,14.9,0,2.5m
cedar,2020-10-09T20:00:00Z,14.804,0,2.5m
cedar,2020-10-09T21:00:00Z,14.9,0,2.5m
cedar,2020-10-09T22:00:00Z,14.804,0,2.5m
cedar,2020-10-09T23:00:00Z,14.709,0,2.5m
cedar,2020-10-10T00:00:00Z,14.613,0,2.5m
cedar,2020-10-10T01:00:00Z,14.421,0,2.5m
cedar,2020-10-10T02:00:00Z,14.421,0,2.5m
cedar,2020-10-10T03:00:00Z,14.325,0,2.5m
cedar,2020-10-10T04:00:00Z,14.23,0,2.5m
cedar,2020-10-10T05:00:00Z,14.134,0,2.5m
cedar,2020-10-10T06:00:00Z,14.038,0,2.5m
cedar,2020-10-10T07:00:00Z,13.942,0,2.5m
cedar,2020-10-10T08:00:00Z,13.942,387.5,2.5m
cedar,2020-10-10T09:00:00Z,13.846,516.7,2.5m
cedar,2020-10-10T10:00:00Z,13.846,914.9,2.5m
cedar,2020-10-10T11:00:00Z,13.75,1334.7,2.5m
cedar,2020-10-10T12:00:00Z,13.846,2497.2,2.5m
cedar,2020-10-10T13:00:00Z,13.846,2755.6,2.5m
cedar,2020-10-10T14:00:00Z,13.846,5166.7,2.5m
cedar,2020-10-10T15:00:00Z,14.996,30311.3,2.5m
